total_steps,episode,episode_reward,win,team_hp,opp_hp,fainted_self,fainted_opp,intent_agent,intent_expert,intent_match,ep_intent_total,ep_intent_matches,ep_imitation_accuracy,ep_turns,bias_mean,bias_abs_mean,bias_std,bias_mean_normalised,bias_abs_mean_normalised,bias_std_normalised,average_discounted_return,bias_segments
1,1,12.0,False,0.0,0.08833333333333333,6,5,SWITCH,ATTACK,0,28,20,0.7142857142857143,18,16.425700746229435,16.425700746229435,2.7947402356821205,20.139741630048576,20.139741630048576,3.426663321055537,0.8155864681859784,"{'bias_segment_0_end': {'mean': 20.139741630048576, 'abs_mean': 20.139741630048576, 'std': 3.426663321055537}}"
1,2,15.0,True,0.16666666666666666,0.0,5,6,SWITCH,ATTACK,0,35,25,0.7142857142857143,24,14.3054298723997,14.3054298723997,2.642882299156045,5.34149909663056,5.34149909663056,0.9868248308063481,2.6781676105540533,"{'bias_segment_0_end': {'mean': 5.34149909663056, 'abs_mean': 5.34149909663056, 'std': 0.9868248308063481}}"
1,3,17.0,False,0.0,0.09999999999999999,6,5,SWITCH,ATTACK,0,31,24,0.7741935483870968,21,13.797777334655184,13.797777334655184,2.323613120244192,3.6841641552291735,3.6841641552291735,0.6204312448732384,3.7451581290348046,"{'bias_segment_0_end': {'mean': 3.6841641552291735, 'abs_mean': 3.6841641552291735, 'std': 0.6204312448732384}}"
1,4,16.0,True,0.12528735632183907,0.0,5,6,SWITCH,ATTACK,0,24,20,0.8333333333333334,14,11.506368642240327,11.506368642240327,2.4296144713453782,2.1569499858574175,2.1569499858574175,0.45544837494334234,5.334555143923001,"{'bias_segment_0_end': {'mean': 2.1569499858574175, 'abs_mean': 2.1569499858574175, 'std': 0.45544837494334234}}"
1,5,16.0,True,0.6393831553973902,0.0,2,6,ATTACK,ATTACK,1,20,18,0.9,13,13.529772706426192,13.529772706426192,2.0422229235983154,1.9386141029795128,1.9386141029795128,0.29262000530395554,6.979095367990922,"{'bias_segment_0_end': {'mean': 1.9386141029795128, 'abs_mean': 1.9386141029795128, 'std': 0.29262000530395554}}"
1,6,21.0,True,0.2687074829931973,0.0,4,6,ATTACK,ATTACK,1,25,23,0.92,16,6.184913142631224,6.184913142631224,2.3741717118499226,0.6036840373242227,0.6036840373242227,0.2317331757549598,10.245281902839965,"{'bias_segment_0_end': {'mean': 0.6036840373242227, 'abs_mean': 0.6036840373242227, 'std': 0.2317331757549598}}"
1,7,12.0,True,0.3347222222222222,0.0,3,6,SWITCH,ATTACK,0,20,16,0.8,13,13.003094768025525,13.003094768025525,2.185818145714569,3.9023128782700214,3.9023128782700214,0.6559781691780651,3.332150745890492,"{'bias_segment_0_end': {'mean': 3.9023128782700214, 'abs_mean': 3.9023128782700214, 'std': 0.6559781691780651}}"
1,8,22.0,True,0.239067055393586,0.0,4,6,ATTACK,ATTACK,1,28,25,0.8928571428571429,20,7.307022109902336,7.51128700460148,3.6772066522750815,0.6478484709701554,0.6659588171157331,0.32602511273221485,11.278906159892673,"{'bias_segment_0_end': {'mean': 0.6478484709701554, 'abs_mean': 0.6659588171157331, 'std': 0.32602511273221485}}"
1,9,14.0,True,0.047348484848484855,0.0,5,6,SWITCH,ATTACK,0,34,24,0.7058823529411765,24,13.799528541419292,13.799528541419292,2.1313262575434475,5.297266280489403,5.297266280489403,0.8181585829486151,2.605028293979661,"{'bias_segment_0_end': {'mean': 5.297266280489403, 'abs_mean': 5.297266280489403, 'std': 0.8181585829486151}}"
1,10,12.0,True,0.07638888888888888,0.0,5,6,SWITCH,ATTACK,0,32,22,0.6875,22,15.595413809006002,15.595413809006002,2.067564644790788,21.038107367754158,21.038107367754158,2.789130671336349,0.7412935743882378,"{'bias_segment_0_end': {'mean': 21.038107367754158, 'abs_mean': 21.038107367754158, 'std': 2.789130671336349}}"
1,11,19.0,True,0.03763440860215054,0.0,5,6,SWITCH,ATTACK,0,31,25,0.8064516129032258,21,12.504733749256264,12.504733749256264,3.358247927100514,2.4885236529744237,2.4885236529744237,0.6683132617389002,5.02496077716999,"{'bias_segment_0_end': {'mean': 2.4885236529744237, 'abs_mean': 2.4885236529744237, 'std': 0.6683132617389002}}"
1,12,8.0,False,0.0,0.155,6,5,SWITCH,ATTACK,0,26,17,0.6538461538461539,17,18.695531008510777,18.695531008510777,2.1581491380335818,23.16116823669983,23.16116823669983,2.6736472605741826,-0.8071929195215175,"{'bias_segment_0_end': {'mean': 23.16116823669983, 'abs_mean': 23.16116823669983, 'std': 2.6736472605741826}}"
1,13,8.0,True,0.05367231638418079,0.0,5,6,SWITCH,ATTACK,0,22,15,0.6818181818181818,12,15.913466831622168,15.913466831622168,3.1383903868340823,98.22074122536391,98.22074122536391,19.370702393827628,-0.16201737670772917,"{'bias_segment_0_end': {'mean': 98.22074122536391, 'abs_mean': 98.22074122536391, 'std': 19.370702393827628}}"
1,14,33.0,True,0.16666666666666666,0.0,5,6,SWITCH,ATTACK,0,55,44,0.8,45,10.865653581535812,11.792618449566815,7.677195513879961,1.3394765478992585,1.4537492598108561,0.9464155347225864,8.111865488482607,"{'bias_segment_0_end': {'mean': 1.3394765478992585, 'abs_mean': 1.4537492598108561, 'std': 0.9464155347225864}}"
1,15,27.0,True,0.5185185185185185,0.0,2,6,ATTACK,ATTACK,1,27,27,1.0,20,7.810891964228462,7.810891964228462,5.383894725323224,0.6074263039942319,0.6074263039942319,0.4186870448438163,12.858995260604708,"{'bias_segment_0_end': {'mean': 0.6074263039942319, 'abs_mean': 0.6074263039942319, 'std': 0.4186870448438163}}"
1,16,23.0,True,0.2290249433106576,0.0,4,6,ATTACK,ATTACK,1,27,25,0.9259259259259259,18,6.138961846212219,6.138961846212219,2.316642736435997,0.5299554153090295,0.5299554153090295,0.19998778201693745,11.583921342953815,"{'bias_segment_0_end': {'mean': 0.5299554153090295, 'abs_mean': 0.5299554153090295, 'std': 0.19998778201693745}}"
1,17,9.0,True,0.16666666666666666,0.0,5,6,SWITCH,ATTACK,0,41,25,0.6097560975609756,31,19.097132464497633,19.097132464497633,2.7670470643342657,8.689052688575117,8.689052688575117,1.2589857549799433,-2.197838262576964,"{'bias_segment_0_end': {'mean': 8.689052688575117, 'abs_mean': 8.689052688575117, 'std': 1.2589857549799433}}"
1,18,66.0,False,0.0,0.075,6,5,SWITCH,ATTACK,0,76,71,0.9342105263157895,66,1.372485252323721,12.487606417083304,14.67653277281958,0.05828688463844683,0.5303253156349292,0.6232849286893093,23.547068278519912,"{'bias_segment_0_end': {'mean': 0.05828688463844683, 'abs_mean': 0.5303253156349292, 'std': 0.6232849286893093}}"
1,19,7.0,True,0.024896265560165973,0.0,5,6,SWITCH,ATTACK,0,21,14,0.6666666666666666,13,16.62154147911397,16.62154147911397,1.7680209807310603,23.05680185535585,23.05680185535585,2.452534831384423,-0.7208953602232985,"{'bias_segment_0_end': {'mean': 23.05680185535585, 'abs_mean': 23.05680185535585, 'std': 2.452534831384423}}"
1,20,20.0,True,0.5,0.0,3,6,ATTACK,ATTACK,1,26,23,0.8846153846153846,18,11.039874443818952,11.039874443818952,4.567695675260389,1.4731171798610618,1.4731171798610618,0.6094952443386232,7.494226932347761,"{'bias_segment_0_end': {'mean': 1.4731171798610618, 'abs_mean': 1.4731171798610618, 'std': 0.6094952443386232}}"
1,21,24.0,True,0.7328042328042329,0.0,1,6,ATTACK,ATTACK,1,24,24,1.0,18,11.223937450520308,11.223937450520308,4.161688707690899,0.9682291039335361,0.9682291039335361,0.35900664504425595,11.59223308297782,"{'bias_segment_0_end': {'mean': 0.9682291039335361, 'abs_mean': 0.9682291039335361, 'std': 0.35900664504425595}}"
1,22,17.0,False,0.0,0.09999999999999999,6,5,SWITCH,ATTACK,0,27,22,0.8148148148148148,18,11.599404989291244,11.599404989291244,3.9862941076560543,2.3513914293292473,2.3513914293292473,0.8080878121060298,4.932996201572472,"{'bias_segment_0_end': {'mean': 2.3513914293292473, 'abs_mean': 2.3513914293292473, 'std': 0.8080878121060298}}"
1,23,23.0,True,0.39938271604938275,0.0,3,6,ATTACK,ATTACK,1,23,23,1.0,15,6.581109803626669,6.581109803626669,3.4714438126065392,0.5894722932622117,0.5894722932622117,0.3109384292631649,11.164409046616939,"{'bias_segment_0_end': {'mean': 0.5894722932622117, 'abs_mean': 0.5894722932622117, 'std': 0.3109384292631649}}"
1,24,11.0,False,0.0,0.016666666666666666,6,5,SWITCH,ATTACK,0,29,20,0.6896551724137931,19,15.653532597127683,15.653532597127683,3.5874851764014566,185.56168770841765,185.56168770841765,42.527129249032015,-0.08435756750458565,"{'bias_segment_0_end': {'mean': 185.56168770841765, 'abs_mean': 185.56168770841765, 'std': 42.527129249032015}}"
1,25,10.0,True,0.025377229080932786,0.0,5,6,SWITCH,ATTACK,0,26,18,0.6923076923076923,16,16.543832439708805,16.543832439708805,3.310134997139581,7868.394778083709,7868.394778083709,1574.3298308395854,-0.0021025676654899536,"{'bias_segment_0_end': {'mean': 7868.394778083709, 'abs_mean': 7868.394778083709, 'std': 1574.3298308395854}}"
1,26,25.0,True,0.0529595015576324,0.0,5,6,SWITCH,ATTACK,0,31,28,0.9032258064516129,21,9.168141725277701,9.168141725277701,2.9153791703796728,0.9193246268693515,0.9193246268693515,0.2923362169023179,9.97269240627078,"{'bias_segment_0_end': {'mean': 0.9193246268693515, 'abs_mean': 0.9193246268693515, 'std': 0.2923362169023179}}"
1,27,12.0,True,0.23045977011494254,0.0,4,6,SWITCH,ATTACK,0,30,21,0.7,21,15.098316726515865,15.098316726515865,3.0810876860848735,19.69248149410681,19.69248149410681,4.01861103717541,0.7667046294309936,"{'bias_segment_0_end': {'mean': 19.69248149410681, 'abs_mean': 19.69248149410681, 'std': 4.01861103717541}}"
1,28,14.0,False,0.0,0.105,6,5,SWITCH,ATTACK,0,36,25,0.6944444444444444,26,15.43785945043263,15.43785945043263,3.3150888264298115,20.85800317033422,20.85800317033422,4.478997459047008,0.7401408142649762,"{'bias_segment_0_end': {'mean': 20.85800317033422, 'abs_mean': 20.85800317033422, 'std': 4.478997459047008}}"
1,29,23.0,True,0.030188679245283016,0.0,5,6,SWITCH,ATTACK,0,39,31,0.7948717948717948,29,9.288496624568555,9.288496624568555,5.943997247131873,1.2583598009361328,1.2583598009361328,0.8052634882680177,7.3814314615410925,"{'bias_segment_0_end': {'mean': 1.2583598009361328, 'abs_mean': 1.2583598009361328, 'std': 0.8052634882680177}}"
1,30,23.0,True,0.45427196149217813,0.0,3,6,SWITCH,ATTACK,0,25,24,0.96,17,8.134826755198318,8.134826755198318,4.122823008969212,0.7944299263681852,0.7944299263681852,0.40262615025593423,10.239829197255295,"{'bias_segment_0_end': {'mean': 0.7944299263681852, 'abs_mean': 0.7944299263681852, 'std': 0.40262615025593423}}"
1,31,21.0,True,0.7077991452991453,0.0,1,6,ATTACK,ATTACK,1,21,21,1.0,15,12.167032761122078,12.167032761122078,4.304312670160852,1.1812331213735048,1.1812331213735048,0.41788304433502077,10.300280732879038,"{'bias_segment_0_end': {'mean': 1.1812331213735048, 'abs_mean': 1.1812331213735048, 'std': 0.41788304433502077}}"
1,32,16.0,True,0.05361305361305361,0.0,5,6,SWITCH,ATTACK,0,32,24,0.75,22,12.203822001804014,12.203822001804014,3.699478697687584,3.6684890545153266,3.6684890545153266,1.1120694080816098,3.3266616910804325,"{'bias_segment_0_end': {'mean': 3.6684890545153266, 'abs_mean': 3.6684890545153266, 'std': 1.1120694080816098}}"
1,33,15.0,False,0.0,0.018333333333333333,6,4,SWITCH,ATTACK,0,29,22,0.7586206896551724,18,12.878393192083482,12.878393192083482,1.7935128328065442,3.5196137587562797,3.5196137587562797,0.4901599406618696,3.659035926895086,"{'bias_segment_0_end': {'mean': 3.5196137587562797, 'abs_mean': 3.5196137587562797, 'std': 0.4901599406618696}}"
1,34,7.0,False,0.0,0.065,6,4,SWITCH,ATTACK,0,25,16,0.64,16,16.755219757285936,16.755219757285936,1.6667535064739913,12.052118550121193,12.052118550121193,1.1989046485122699,-1.3902302477034172,"{'bias_segment_0_end': {'mean': 12.052118550121193, 'abs_mean': 12.052118550121193, 'std': 1.1989046485122699}}"
1,35,10.0,False,0.0,0.16666666666666666,6,4,SWITCH,ATTACK,0,22,16,0.7272727272727273,13,16.703536681452967,16.703536681452967,1.3930989148988342,16.173465151219133,16.173465151219133,1.348890189066091,1.0327741473628413,"{'bias_segment_0_end': {'mean': 16.173465151219133, 'abs_mean': 16.173465151219133, 'std': 1.348890189066091}}"
1,36,21.0,True,0.707089552238806,0.0,1,6,ATTACK,ATTACK,1,25,23,0.92,19,10.169665110677137,10.169665110677137,4.825843078356335,0.8751524105197039,0.8751524105197039,0.41528881795520284,11.620450322062123,"{'bias_segment_0_end': {'mean': 0.8751524105197039, 'abs_mean': 0.8751524105197039, 'std': 0.41528881795520284}}"
1,37,42.0,True,0.35131894484412474,0.0,3,6,SWITCH,ATTACK,0,52,47,0.9038461538461539,44,1.2600247952618122,8.086571099981205,9.142545857151545,0.07951722389986368,0.5103246278623931,0.5769647301161515,15.84593542712917,"{'bias_segment_0_end': {'mean': 0.07951722389986368, 'abs_mean': 0.5103246278623931, 'std': 0.5769647301161515}}"
1,38,22.0,True,0.5419540229885057,0.0,2,6,ATTACK,ATTACK,1,22,22,1.0,15,9.708667327737926,9.708667327737926,3.215417286767204,0.9044978218834093,0.9044978218834093,0.29956098341303733,10.733765292570691,"{'bias_segment_0_end': {'mean': 0.9044978218834093, 'abs_mean': 0.9044978218834093, 'std': 0.29956098341303733}}"
1,39,13.0,False,0.0,0.13,6,4,SWITCH,ATTACK,0,29,21,0.7241379310344828,20,16.413920640699597,16.413920640699597,2.2009947858162557,7.917471484238137,7.917471484238137,1.061678914813754,2.073126587620295,"{'bias_segment_0_end': {'mean': 7.917471484238137, 'abs_mean': 7.917471484238137, 'std': 1.061678914813754}}"
1,40,13.0,False,0.0,0.10333333333333333,6,3,SWITCH,ATTACK,0,31,22,0.7096774193548387,23,15.336053323980162,15.336053323980162,2.0020376642253193,8.740573230994942,8.740573230994942,1.1410339052492269,1.754582098757206,"{'bias_segment_0_end': {'mean': 8.740573230994942, 'abs_mean': 8.740573230994942, 'std': 1.1410339052492269}}"
1,41,18.0,True,0.3333333333333333,0.0,4,6,ATTACK,ATTACK,1,26,22,0.8461538461538461,18,8.155662696462562,8.155662696462562,3.215202159233086,1.0643413701759208,1.0643413701759208,0.4195946790485845,7.66263806424676,"{'bias_segment_0_end': {'mean': 1.0643413701759208, 'abs_mean': 1.0643413701759208, 'std': 0.4195946790485845}}"
1,42,14.0,True,0.46527777777777773,0.0,3,6,ATTACK,ATTACK,1,22,18,0.8181818181818182,14,7.437449537706112,7.437449537706112,2.8507304763076906,0.8265009999606534,0.8265009999606534,0.31679295131235324,8.998718135925037,"{'bias_segment_0_end': {'mean': 0.8265009999606534, 'abs_mean': 0.8265009999606534, 'std': 0.31679295131235324}}"
1,43,9.0,True,0.01584507042253521,0.0,5,6,SWITCH,ATTACK,0,25,17,0.68,14,13.322898474061509,13.322898474061509,3.408954798819798,4.454700326125139,4.454700326125139,1.1398324533969804,2.9907507797837094,"{'bias_segment_0_end': {'mean': 4.454700326125139, 'abs_mean': 4.454700326125139, 'std': 1.1398324533969804}}"
1,44,12.0,True,0.3333333333333333,0.0,4,6,SWITCH,ATTACK,0,28,20,0.7142857142857143,20,14.608160820933133,14.608160820933133,3.162529553226584,15.65684977930338,15.65684977930338,3.3895608587853117,0.9330204368597508,"{'bias_segment_0_end': {'mean': 15.65684977930338, 'abs_mean': 15.65684977930338, 'std': 3.3895608587853117}}"
1,45,15.0,True,0.16666666666666666,0.0,5,6,SWITCH,ATTACK,0,27,21,0.7777777777777778,17,12.942451889655668,12.942451889655668,2.2887056891279483,3.675000255860716,3.675000255860716,0.6498763962845111,3.5217553710413103,"{'bias_segment_0_end': {'mean': 3.675000255860716, 'abs_mean': 3.675000255860716, 'std': 0.6498763962845111}}"
1,46,18.0,True,0.3382789317507418,0.0,3,6,ATTACK,ATTACK,1,20,19,0.95,12,8.623245175599436,8.623245175599436,1.6833202262866651,1.018752104371265,1.018752104371265,0.1988678261999022,8.464517657042167,"{'bias_segment_0_end': {'mean': 1.018752104371265, 'abs_mean': 1.018752104371265, 'std': 0.1988678261999022}}"
1,47,12.0,True,0.09055118110236221,0.0,5,6,SWITCH,ATTACK,0,34,23,0.6764705882352942,24,16.96664124118402,16.96664124118402,3.100492742190674,39.350128617873374,39.350128617873374,7.19086273173722,-0.43117117623543266,"{'bias_segment_0_end': {'mean': 39.350128617873374, 'abs_mean': 39.350128617873374, 'std': 7.19086273173722}}"
1,48,-6.0,True,0.08702408702408702,0.0,5,6,SWITCH,ATTACK,0,78,36,0.46153846153846156,65,24.279378540415603,24.279378540415603,5.25722480988277,2.4772892085115674,2.4772892085115674,0.5364085520789827,-9.800784848614189,"{'bias_segment_0_end': {'mean': 2.4772892085115674, 'abs_mean': 2.4772892085115674, 'std': 0.5364085520789827}}"
1,49,28.0,True,0.4198966408268734,0.0,3,6,ATTACK,ATTACK,1,28,28,1.0,20,7.02869858542578,7.02869858542578,4.756244503381475,0.5294389889262664,0.5294389889262664,0.35826565193417753,13.27574797557014,"{'bias_segment_0_end': {'mean': 0.5294389889262664, 'abs_mean': 0.5294389889262664, 'std': 0.35826565193417753}}"
1,50,25.0,True,0.1839080459770115,0.0,4,6,ATTACK,ATTACK,1,25,25,1.0,16,5.012473809895886,5.018276491574474,3.228114809792119,0.4171062712943132,0.4175891336513564,0.2686232352903424,12.017258322062121,"{'bias_segment_0_end': {'mean': 0.4171062712943132, 'abs_mean': 0.4175891336513564, 'std': 0.2686232352903424}}"
1,51,13.0,True,0.23884976525821597,0.0,4,6,SWITCH,ATTACK,0,27,20,0.7407407407407407,18,15.011038931300842,15.011038931300842,2.372320044734874,5.513343837764231,5.513343837764231,0.8713198439963097,2.7226741834023023,"{'bias_segment_0_end': {'mean': 5.513343837764231, 'abs_mean': 5.513343837764231, 'std': 0.8713198439963097}}"
1,52,18.0,True,0.46882494004796166,0.0,3,6,ATTACK,ATTACK,1,20,19,0.95,12,8.210484775107947,8.210484775107947,3.490729437510743,0.8939415836500133,0.8939415836500133,0.3800638192427617,9.184587589699182,"{'bias_segment_0_end': {'mean': 0.8939415836500133, 'abs_mean': 0.8939415836500133, 'std': 0.3800638192427617}}"
1,53,19.0,True,0.14827995255041518,0.0,5,6,SWITCH,ATTACK,0,27,23,0.8518518518518519,17,9.375929605954681,9.375929605954681,2.6896575828029334,1.3483696597861459,1.3483696597861459,0.3868045977608365,6.953530538088288,"{'bias_segment_0_end': {'mean': 1.3483696597861459, 'abs_mean': 1.3483696597861459, 'std': 0.3868045977608365}}"
1,54,24.0,True,0.3811936936936937,0.0,3,6,ATTACK,ATTACK,1,24,24,1.0,16,6.782417435121644,6.782417435121644,2.787505183540924,0.5850829073719224,0.5850829073719224,0.24046317595478062,11.59223308297782,"{'bias_segment_0_end': {'mean': 0.5850829073719224, 'abs_mean': 0.5850829073719224, 'std': 0.24046317595478062}}"
1,55,2.0,False,0.0,0.16666666666666666,6,2,SWITCH,ATTACK,0,20,11,0.55,13,18.421581667443288,18.421581667443288,1.748086031969176,5.580792213724896,5.580792213724896,0.5295802006717054,-3.300890081902515,"{'bias_segment_0_end': {'mean': 5.580792213724896, 'abs_mean': 5.580792213724896, 'std': 0.5295802006717054}}"
1,56,20.0,True,0.16666666666666666,0.0,5,6,SWITCH,ATTACK,0,34,27,0.7941176470588235,23,11.67600236455263,11.67600236455263,3.15808826049587,2.2064787733797737,2.2064787733797737,0.5968014131616685,5.291690319172168,"{'bias_segment_0_end': {'mean': 2.2064787733797737, 'abs_mean': 2.2064787733797737, 'std': 0.5968014131616685}}"
1,57,24.0,True,0.5,0.0,3,6,ATTACK,ATTACK,1,24,24,1.0,16,8.318389394553611,8.318389394553611,3.492187732592389,0.7175830001872924,0.7175830001872924,0.3012523736880654,11.59223308297782,"{'bias_segment_0_end': {'mean': 0.7175830001872924, 'abs_mean': 0.7175830001872924, 'std': 0.3012523736880654}}"
1,58,12.0,False,0.0,0.05833333333333333,6,4,SWITCH,ATTACK,0,24,18,0.75,15,14.24880598502583,14.24880598502583,2.437169457353806,6.3954573836999735,6.3954573836999735,1.0939031254788467,2.2279573031542035,"{'bias_segment_0_end': {'mean': 6.3954573836999735, 'abs_mean': 6.3954573836999735, 'std': 1.0939031254788467}}"
1,59,19.0,False,0.0,0.11666666666666665,6,5,SWITCH,ATTACK,0,27,23,0.8518518518518519,17,11.523542795971563,11.523542795971563,3.0670953706390636,1.81759467326964,1.81759467326964,0.4837692979308731,6.339995910772593,"{'bias_segment_0_end': {'mean': 1.81759467326964, 'abs_mean': 1.81759467326964, 'std': 0.4837692979308731}}"
1,60,19.0,True,0.5519645120405577,0.0,2,6,ATTACK,ATTACK,1,23,21,0.9130434782608695,16,9.880239931574934,9.880239931574934,3.906056771919718,0.9060775223431525,0.9060775223431525,0.358208936882422,10.904409046616939,"{'bias_segment_0_end': {'mean': 0.9060775223431525, 'abs_mean': 0.9060775223431525, 'std': 0.358208936882422}}"
1,61,20.0,True,0.8333333333333334,0.0,1,6,ATTACK,ATTACK,1,20,20,1.0,14,13.957029653561392,13.957029653561392,3.620650180011622,1.4149556857361232,1.4149556857361232,0.3670594449845365,9.863934110629282,"{'bias_segment_0_end': {'mean': 1.4149556857361232, 'abs_mean': 1.4149556857361232, 'std': 0.3670594449845365}}"
1,62,13.0,True,0.16515151515151516,0.0,5,6,SWITCH,ATTACK,0,25,19,0.76,15,13.355325471615737,13.355325471615737,2.53902029163226,5.328108946955581,5.328108946955581,1.012942497066001,2.506578901553208,"{'bias_segment_0_end': {'mean': 5.328108946955581, 'abs_mean': 5.328108946955581, 'std': 1.012942497066001}}"
1,63,17.0,True,0.3333333333333333,0.0,4,6,ATTACK,ATTACK,1,23,20,0.8695652173913043,14,10.921226294462349,10.921226294462349,1.6476064494809224,1.5736812298875298,1.5736812298875298,0.23740990927955202,6.939922830014872,"{'bias_segment_0_end': {'mean': 1.5736812298875298, 'abs_mean': 1.5736812298875298, 'std': 0.23740990927955202}}"
1,64,18.0,False,0.0,0.0,6,6,SWITCH,ATTACK,0,26,22,0.8461538461538461,17,11.213219982994932,11.213219982994932,3.2468328669115825,1.8972253077690502,1.8972253077690502,0.549349205183053,5.910325957110796,"{'bias_segment_0_end': {'mean': 1.8972253077690502, 'abs_mean': 1.8972253077690502, 'std': 0.549349205183053}}"
1,65,23.0,True,0.20963541666666666,0.0,4,6,ATTACK,ATTACK,1,27,25,0.9259259259259259,18,6.083634944758552,6.083634944758552,4.097148383784948,0.5517257783409643,0.5517257783409643,0.37157101002086657,11.026555552745789,"{'bias_segment_0_end': {'mean': 0.5517257783409643, 'abs_mean': 0.5517257783409643, 'std': 0.37157101002086657}}"
1,66,19.0,True,0.16666666666666666,0.0,5,6,SWITCH,ATTACK,0,27,23,0.8518518518518519,18,12.139245603359772,12.139245603359772,1.5521138791638194,1.8639013585336248,1.8639013585336248,0.23831688248993388,6.512815470508591,"{'bias_segment_0_end': {'mean': 1.8639013585336248, 'abs_mean': 1.8639013585336248, 'std': 0.23831688248993388}}"
1,67,13.0,True,0.05472636815920398,0.0,5,6,SWITCH,ATTACK,0,31,22,0.7096774193548387,22,13.41835818932956,13.41835818932956,2.9598458017889206,5.3954265778009605,5.3954265778009605,1.1901329864531252,2.486987450545299,"{'bias_segment_0_end': {'mean': 5.3954265778009605, 'abs_mean': 5.3954265778009605, 'std': 1.1901329864531252}}"
1,68,29.0,True,0.38616071428571425,0.0,3,6,ATTACK,ATTACK,1,29,29,1.0,21,4.423418759974273,6.023773400563737,5.867258021013311,0.32311823061372524,0.44001961117050054,0.4285866053330737,13.689783926993247,"{'bias_segment_0_end': {'mean': 0.32311823061372524, 'abs_mean': 0.44001961117050054, 'std': 0.4285866053330737}}"
1,69,11.0,False,0.0,0.021666666666666667,6,5,SWITCH,ATTACK,0,27,19,0.7037037037037037,17,16.25016884994639,16.25016884994639,2.0938997035406293,15.823960564686297,15.823960564686297,2.038981049439653,1.0269343621982503,"{'bias_segment_0_end': {'mean': 15.823960564686297, 'abs_mean': 15.823960564686297, 'std': 2.038981049439653}}"
1,70,18.0,False,0.0,0.02,6,5,SWITCH,ATTACK,0,66,42,0.6363636363636364,56,8.962263829810505,9.540242512661552,6.422073299511474,1.6637447552465743,1.7710400793408307,1.1921865917773582,5.386802153123696,"{'bias_segment_0_end': {'mean': 1.6637447552465743, 'abs_mean': 1.7710400793408307, 'std': 1.1921865917773582}}"
1,71,18.0,True,0.23630672926447574,0.0,4,6,ATTACK,ATTACK,1,26,22,0.8461538461538461,17,11.067039466374087,11.067039466374087,1.5872461483564622,1.7455318870279704,1.7455318870279704,0.250345973097561,6.340210424466884,"{'bias_segment_0_end': {'mean': 1.7455318870279704, 'abs_mean': 1.7455318870279704, 'std': 0.250345973097561}}"
1,72,-2.0,True,0.06420765027322405,0.0,5,6,SWITCH,ATTACK,0,26,12,0.46153846153846156,16,22.147482949613543,22.147482949613543,4.551712015266791,3.705489089937914,3.705489089937914,0.7615456461342357,-5.9769391872597915,"{'bias_segment_0_end': {'mean': 3.705489089937914, 'abs_mean': 3.705489089937914, 'std': 0.7615456461342357}}"
1,73,18.0,True,0.6502057613168725,0.0,2,6,ATTACK,ATTACK,1,18,18,1.0,11,11.48430442437903,11.48430442437903,2.8970362119550224,1.2785100435316115,1.2785100435316115,0.3225175645463215,8.98256879754819,"{'bias_segment_0_end': {'mean': 1.2785100435316115, 'abs_mean': 1.2785100435316115, 'std': 0.3225175645463215}}"
1,74,18.0,True,0.1504211793020457,0.0,5,6,SWITCH,ATTACK,0,26,22,0.8461538461538461,16,11.016263335569137,11.016263335569137,3.083350348257868,1.824853489846689,1.824853489846689,0.5107596352813294,6.036793307990245,"{'bias_segment_0_end': {'mean': 1.824853489846689, 'abs_mean': 1.824853489846689, 'std': 0.5107596352813294}}"
1,75,19.0,True,0.3333333333333333,0.0,4,6,SWITCH,ATTACK,0,21,20,0.9523809523809523,14,10.498753257272739,10.498753257272739,2.020581750179065,1.2368695730625028,1.2368695730625028,0.2380469399974337,8.488165192129117,"{'bias_segment_0_end': {'mean': 1.2368695730625028, 'abs_mean': 1.2368695730625028, 'std': 0.2380469399974337}}"
1,76,14.0,True,0.6027568922305765,0.0,2,6,ATTACK,ATTACK,1,18,16,0.8888888888888888,11,10.658340687738947,10.658340687738947,2.2276048663484067,1.2321287470886466,1.2321287470886466,0.25751625636623293,8.650346575325967,"{'bias_segment_0_end': {'mean': 1.2321287470886466, 'abs_mean': 1.2321287470886466, 'std': 0.25751625636623293}}"
1,77,8.0,False,0.0,0.08,6,4,SWITCH,ATTACK,0,24,16,0.6666666666666666,16,16.962947621287245,16.962947621287245,1.5692486426094434,38.18551973282597,38.18551973282597,3.5325567434326617,-0.44422461027039883,"{'bias_segment_0_end': {'mean': 38.18551973282597, 'abs_mean': 38.18551973282597, 'std': 3.5325567434326617}}"
1,78,21.0,True,0.3333333333333333,0.0,4,6,ATTACK,ATTACK,1,25,23,0.92,16,6.37753782223208,6.976928139194984,4.548602030600472,0.6287325113309753,0.6878236825252623,0.4484260317163726,10.143483448519872,"{'bias_segment_0_end': {'mean': 0.6287325113309753, 'abs_mean': 0.6878236825252623, 'std': 0.4484260317163726}}"
1,79,6.0,True,0.15476190476190477,0.0,5,6,SWITCH,ATTACK,0,26,16,0.6153846153846154,16,17.81212426983013,17.81212426983013,3.3314985888143025,7.173044200916805,7.173044200916805,1.3416135139666219,-2.483202915096148,"{'bias_segment_0_end': {'mean': 7.173044200916805, 'abs_mean': 7.173044200916805, 'std': 1.3416135139666219}}"
1,80,16.0,True,0.10365135453474676,0.0,5,6,SWITCH,ATTACK,0,30,23,0.7666666666666667,20,11.182538135471905,11.182538135471905,2.1088514418386075,2.193395147588927,2.193395147588927,0.4136399503831887,5.098277958608701,"{'bias_segment_0_end': {'mean': 2.193395147588927, 'abs_mean': 2.193395147588927, 'std': 0.4136399503831887}}"
1,81,26.0,True,0.4016290726817043,0.0,3,6,ATTACK,ATTACK,1,26,26,1.0,18,6.053300366317798,6.08783826059662,3.614047213752771,0.4866190506931169,0.4893955191169237,0.2905298131416311,12.439505518116826,"{'bias_segment_0_end': {'mean': 0.4866190506931169, 'abs_mean': 0.4893955191169237, 'std': 0.2905298131416311}}"
1,82,13.0,True,0.09703703703703703,0.0,5,6,SWITCH,ATTACK,0,27,20,0.7407407407407407,17,13.664468586695572,13.664468586695572,1.7085223708014674,4.856794988880171,4.856794988880171,0.6072642222601718,2.813474445180603,"{'bias_segment_0_end': {'mean': 4.856794988880171, 'abs_mean': 4.856794988880171, 'std': 0.6072642222601718}}"
1,83,24.0,True,0.388086642599278,0.0,3,6,ATTACK,ATTACK,1,24,24,1.0,16,5.805295883290082,5.805295883290082,3.26478474824091,0.5007918527634379,0.5007918527634379,0.28163553345342585,11.59223308297782,"{'bias_segment_0_end': {'mean': 0.5007918527634379, 'abs_mean': 0.5007918527634379, 'std': 0.28163553345342585}}"
1,84,10.0,False,0.0,0.085,6,5,SWITCH,ATTACK,0,26,18,0.6923076923076923,17,15.59557156263095,15.59557156263095,2.1586424747020203,30.800140891475472,30.800140891475472,4.2631648406177,0.506347409824587,"{'bias_segment_0_end': {'mean': 30.800140891475472, 'abs_mean': 30.800140891475472, 'std': 4.2631648406177}}"
1,85,19.0,True,0.5630787037037037,0.0,2,6,ATTACK,ATTACK,1,19,19,1.0,12,10.865216557375277,10.865216557375277,2.8574504081636642,1.1528443290161128,1.1528443290161128,0.3031872840362457,9.424703998542563,"{'bias_segment_0_end': {'mean': 1.1528443290161128, 'abs_mean': 1.1528443290161128, 'std': 0.3031872840362457}}"
1,86,13.0,True,0.0783132530120482,0.0,5,6,SWITCH,ATTACK,0,23,18,0.782608695652174,14,14.120411475072434,14.120411475072434,2.8571506243834786,4.757823123392324,4.757823123392324,0.9627068822820404,2.9678302679324053,"{'bias_segment_0_end': {'mean': 4.757823123392324, 'abs_mean': 4.757823123392324, 'std': 0.9627068822820404}}"
1,87,18.0,True,0.3736059479553903,0.0,3,6,SWITCH,ATTACK,0,22,20,0.9090909090909091,15,9.280668037579662,9.280668037579662,2.815887803752863,1.2888634610673138,1.2888634610673138,0.3910596614409934,7.200660363118913,"{'bias_segment_0_end': {'mean': 1.2888634610673138, 'abs_mean': 1.2888634610673138, 'std': 0.3910596614409934}}"
1,88,-8.0,False,0.0,0.16666666666666666,6,4,SWITCH,ATTACK,0,40,16,0.4,31,25.47470950345386,25.47470950345386,5.699872203594743,2.6309987797167205,2.6309987797167205,0.5886762638123829,-9.682524256509431,"{'bias_segment_0_end': {'mean': 2.6309987797167205, 'abs_mean': 2.6309987797167205, 'std': 0.5886762638123829}}"
1,89,19.0,True,0.16666666666666666,0.0,5,6,SWITCH,ATTACK,0,31,25,0.8064516129032258,21,11.691839655322962,11.691839655322962,3.690848739327614,2.304436449315788,2.304436449315788,0.7274583482630596,5.073622081786805,"{'bias_segment_0_end': {'mean': 2.304436449315788, 'abs_mean': 2.304436449315788, 'std': 0.7274583482630596}}"
1,90,19.0,True,0.5,0.0,3,6,ATTACK,ATTACK,1,19,19,1.0,12,9.083876610829224,9.083876610829224,2.2148520244836596,0.9638368072073091,0.9638368072073091,0.23500494284236034,9.424703998542563,"{'bias_segment_0_end': {'mean': 0.9638368072073091, 'abs_mean': 0.9638368072073091, 'std': 0.23500494284236034}}"
1,91,19.0,False,0.0,0.024999999999999998,6,5,SWITCH,ATTACK,0,31,25,0.8064516129032258,21,10.961040235178228,10.961040235178228,2.501002771608515,1.9628655182938108,1.9628655182938108,0.4478710045961055,5.584203366466967,"{'bias_segment_0_end': {'mean': 1.9628655182938108, 'abs_mean': 1.9628655182938108, 'std': 0.4478710045961055}}"
1,92,16.0,True,0.5175757575757576,0.0,2,6,ATTACK,ATTACK,1,18,17,0.9444444444444444,11,10.84283500697655,10.84283500697655,2.7821444314797326,1.2531364019650217,1.2531364019650217,0.32154011938467125,8.652557686437078,"{'bias_segment_0_end': {'mean': 1.2531364019650217, 'abs_mean': 1.2531364019650217, 'std': 0.32154011938467125}}"
1,93,7.0,True,0.062146892655367235,0.0,5,6,SWITCH,ATTACK,0,29,18,0.6206896551724138,20,17.929339624010268,17.929339624010268,2.6232292988891195,8.783391551686735,8.783391551686735,1.2850919523630646,-2.041277508636988,"{'bias_segment_0_end': {'mean': 8.783391551686735, 'abs_mean': 8.783391551686735, 'std': 1.2850919523630646}}"
1,94,32.0,True,0.28517110266159695,0.0,4,6,ATTACK,ATTACK,1,32,32,1.0,21,2.2607360333892963,4.67190687605139,5.2729658523021925,0.1515666160219462,0.3132188389597965,0.35351565986876904,14.91579143696097,"{'bias_segment_0_end': {'mean': 0.1515666160219462, 'abs_mean': 0.3132188389597965, 'std': 0.35351565986876904}}"
1,95,25.0,True,0.060334528076463556,0.0,5,6,SWITCH,ATTACK,0,41,33,0.8048780487804879,30,10.596472113492474,10.596472113492474,5.435566500106097,1.564922207732409,1.564922207732409,0.8027425200120495,6.77124528052221,"{'bias_segment_0_end': {'mean': 1.564922207732409, 'abs_mean': 1.564922207732409, 'std': 0.8027425200120495}}"
1,96,14.0,False,0.0,0.16666666666666666,6,4,SWITCH,ATTACK,0,22,18,0.8181818181818182,14,12.625856594141476,12.625856594141476,1.9599711381250617,2.806744853491227,2.806744853491227,0.43570421253449393,4.4983984128220795,"{'bias_segment_0_end': {'mean': 2.806744853491227, 'abs_mean': 2.806744853491227, 'std': 0.43570421253449393}}"
1,97,24.0,True,0.22965440356744704,0.0,4,6,SWITCH,ATTACK,0,30,27,0.9,21,8.873805754381412,8.873805754381412,3.0355169500024686,0.9211664147642217,0.9211664147642217,0.3151090234772355,9.633227625491228,"{'bias_segment_0_end': {'mean': 0.9211664147642217, 'abs_mean': 0.9211664147642217, 'std': 0.3151090234772355}}"
1,98,19.0,False,0.0,0.018333333333333333,6,5,SWITCH,ATTACK,0,29,24,0.8275862068965517,20,11.217218604069028,11.217218604069028,2.7432050456828745,1.889932008803153,1.889932008803153,0.46218864101174983,5.935249814183851,"{'bias_segment_0_end': {'mean': 1.889932008803153, 'abs_mean': 1.889932008803153, 'std': 0.46218864101174983}}"
1,99,27.0,True,0.27858880778588807,0.0,4,6,SWITCH,ATTACK,0,31,29,0.9354838709677419,22,6.2972718839840045,6.63005586114025,4.605982892032431,0.5671501988506373,0.5971216694010028,0.4148279066309188,11.103358328615224,"{'bias_segment_0_end': {'mean': 0.5671501988506373, 'abs_mean': 0.5971216694010028, 'std': 0.4148279066309188}}"
1,100,17.0,False,0.0,0.15166666666666667,6,5,SWITCH,ATTACK,0,35,26,0.7428571428571429,23,12.22200634521775,12.22200634521775,3.1606647315411442,3.5882002571933,3.5882002571933,0.9279244080130342,3.4061661750110446,"{'bias_segment_0_end': {'mean': 3.5882002571933, 'abs_mean': 3.5882002571933, 'std': 0.9279244080130342}}"
1,101,18.0,True,0.23030303030303031,0.0,4,6,SWITCH,ATTACK,0,24,21,0.875,16,9.886970053678263,9.886970053678263,2.7641791995795018,1.2635472718453915,1.2635472718453915,0.35326000458766177,7.824772585863363,"{'bias_segment_0_end': {'mean': 1.2635472718453915, 'abs_mean': 1.2635472718453915, 'std': 0.35326000458766177}}"
1,102,20.0,True,0.2316919191919192,0.0,4,6,ATTACK,ATTACK,1,30,25,0.8333333333333334,22,11.147505283852285,11.147505283852285,2.6912427085327373,1.5886772108367038,1.5886772108367038,0.38354015997370305,7.016847228507334,"{'bias_segment_0_end': {'mean': 1.5886772108367038, 'abs_mean': 1.5886772108367038, 'std': 0.38354015997370305}}"
1,103,15.0,True,0.99375,0.0,0,6,ATTACK,ATTACK,1,15,15,1.0,10,17.367768743146055,17.367768743146055,4.028244593654538,2.2737103838957298,2.2737103838957298,0.5273597142453114,7.638514063250427,"{'bias_segment_0_end': {'mean': 2.2737103838957298, 'abs_mean': 2.2737103838957298, 'std': 0.5273597142453114}}"
1,104,17.0,False,0.0,0.15166666666666667,6,4,SWITCH,ATTACK,0,29,23,0.7931034482758621,20,13.136747951386381,13.136747951386381,3.56700321182891,3.224524641671146,3.224524641671146,0.8755507676653411,4.074010718236631,"{'bias_segment_0_end': {'mean': 3.224524641671146, 'abs_mean': 3.224524641671146, 'std': 0.8755507676653411}}"
1,105,19.0,True,0.3925925925925926,0.0,3,6,SWITCH,ATTACK,0,25,22,0.88,17,8.836427868540362,8.836427868540362,3.2274864812248922,1.153658249585195,1.153658249585195,0.4213712214803423,7.659484835927412,"{'bias_segment_0_end': {'mean': 1.153658249585195, 'abs_mean': 1.153658249585195, 'std': 0.4213712214803423}}"
1,106,16.0,True,0.5128755364806867,0.0,2,6,ATTACK,ATTACK,1,18,17,0.9444444444444444,11,11.975903143127713,11.975903143127713,2.316150750860512,1.5916536971015725,1.5916536971015725,0.30782729799941594,7.524188939425725,"{'bias_segment_0_end': {'mean': 1.5916536971015725, 'abs_mean': 1.5916536971015725, 'std': 0.30782729799941594}}"
1,107,19.0,True,0.09166666666666667,0.0,5,6,SWITCH,ATTACK,0,31,25,0.8064516129032258,21,11.302680360456216,11.302680360456216,4.29258554588883,2.2277339892993546,2.2277339892993546,0.8460593786238583,5.073622081786805,"{'bias_segment_0_end': {'mean': 2.2277339892993546, 'abs_mean': 2.2277339892993546, 'std': 0.8460593786238583}}"
1,108,-4.0,True,0.16666666666666666,0.0,5,6,SWITCH,ATTACK,0,46,21,0.45652173913043476,36,24.942879687893036,24.942879687893036,4.111443840981479,2.5844586865196715,2.5844586865196715,0.4260076174813145,-9.651104046659013,"{'bias_segment_0_end': {'mean': 2.5844586865196715, 'abs_mean': 2.5844586865196715, 'std': 0.4260076174813145}}"
1,109,4.0,True,0.0818815331010453,0.0,5,6,SWITCH,ATTACK,0,28,16,0.5714285714285714,18,17.494814438169513,17.494814438169513,1.9975848543233956,6.614625724565312,6.614625724565312,0.7552681516633503,-2.6448683820760253,"{'bias_segment_0_end': {'mean': 6.614625724565312, 'abs_mean': 6.614625724565312, 'std': 0.7552681516633503}}"
1,110,20.0,True,0.5,0.0,3,6,SWITCH,ATTACK,0,26,23,0.8846153846153846,18,10.5138214143539,10.5138214143539,2.1859714310040963,1.3041593233645474,1.3041593233645474,0.27115307650750375,8.061761493396158,"{'bias_segment_0_end': {'mean': 1.3041593233645474, 'abs_mean': 1.3041593233645474, 'std': 0.27115307650750375}}"
1,111,15.0,True,0.15534591194968553,0.0,5,6,SWITCH,ATTACK,0,31,23,0.7419354838709677,22,11.24188332666367,11.24188332666367,1.7108068172347677,2.6281518263132413,2.6281518263132413,0.3999561221668616,4.277486260157857,"{'bias_segment_0_end': {'mean': 2.6281518263132413, 'abs_mean': 2.6281518263132413, 'std': 0.3999561221668616}}"
1,112,33.0,True,0.3681257014590347,0.0,3,6,ATTACK,ATTACK,1,35,34,0.9714285714285714,27,1.5046662156160018,5.344682742300331,6.187470306066298,0.09434624535413266,0.3351246569583064,0.3879694948680371,15.94834229987821,"{'bias_segment_0_end': {'mean': 0.09434624535413266, 'abs_mean': 0.3351246569583064, 'std': 0.3879694948680371}}"
1,113,14.0,False,0.0,0.08833333333333333,6,3,SWITCH,ATTACK,0,26,20,0.7692307692307693,18,14.180976259994443,14.180976259994443,2.1051583699949323,5.1835264647582715,5.1835264647582715,0.7694917418457331,2.735777729005144,"{'bias_segment_0_end': {'mean': 5.1835264647582715, 'abs_mean': 5.1835264647582715, 'std': 0.7694917418457331}}"
1,114,15.0,False,0.0,0.008333333333333333,6,4,SWITCH,ATTACK,0,27,21,0.7777777777777778,18,14.617015327304829,14.617015327304829,1.9832978046291356,4.078227707370957,4.078227707370957,0.5533510007133521,3.5841587022927013,"{'bias_segment_0_end': {'mean': 4.078227707370957, 'abs_mean': 4.078227707370957, 'std': 0.5533510007133521}}"
1,115,23.0,True,0.3333333333333333,0.0,4,6,ATTACK,ATTACK,1,23,23,1.0,15,6.34697666372613,6.34697666372613,3.382234140099048,0.5685009065168033,0.5685009065168033,0.3029478878798282,11.164409046616939,"{'bias_segment_0_end': {'mean': 0.5685009065168033, 'abs_mean': 0.5685009065168033, 'std': 0.3029478878798282}}"
1,116,29.0,True,0.3125649013499481,0.0,4,6,ATTACK,ATTACK,1,67,48,0.7164179104477612,58,5.008202314560815,5.974285272614406,4.871593254164645,0.36500475442337854,0.4354142248698385,0.3550484959877036,13.72092350542829,"{'bias_segment_0_end': {'mean': 0.36500475442337854, 'abs_mean': 0.4354142248698385, 'std': 0.3550484959877036}}"
1,117,16.0,True,0.2868217054263566,0.0,4,6,SWITCH,ATTACK,0,26,21,0.8076923076923077,17,11.915890389584849,11.915890389584849,2.911749470316706,2.6045490177608737,2.6045490177608737,0.636443771714095,4.575030190765586,"{'bias_segment_0_end': {'mean': 2.6045490177608737, 'abs_mean': 2.6045490177608737, 'std': 0.636443771714095}}"
1,118,26.0,True,0.31699346405228757,0.0,4,6,SWITCH,ATTACK,0,28,27,0.9642857142857143,19,5.1723273781964645,5.323083699003949,4.824940172200991,0.4488409217549215,0.4619231574766685,0.4186955766628551,11.523742884167515,"{'bias_segment_0_end': {'mean': 0.4488409217549215, 'abs_mean': 0.4619231574766685, 'std': 0.4186955766628551}}"
1,119,16.0,True,0.3333333333333333,0.0,4,6,ATTACK,ATTACK,1,28,22,0.7857142857142857,19,9.993264327203462,9.993264327203462,2.458268875367377,1.379346817197121,1.379346817197121,0.33930908240086843,7.244925063523988,"{'bias_segment_0_end': {'mean': 1.379346817197121, 'abs_mean': 1.379346817197121, 'std': 0.33930908240086843}}"
1,120,15.0,False,0.0,0.04666666666666667,6,4,SWITCH,ATTACK,0,33,24,0.7272727272727273,24,14.449805582250853,14.449805582250853,3.9551618028110185,8.352973657907675,8.352973657907675,2.2863534158704457,1.729899575173611,"{'bias_segment_0_end': {'mean': 8.352973657907675, 'abs_mean': 8.352973657907675, 'std': 2.2863534158704457}}"
1,121,21.0,True,0.3333333333333333,0.0,4,6,SWITCH,ATTACK,0,25,23,0.92,16,8.944241000148194,8.944241000148194,3.769561253629881,1.041391099307391,1.041391099307391,0.43889554605685677,8.588743466404539,"{'bias_segment_0_end': {'mean': 1.041391099307391, 'abs_mean': 1.041391099307391, 'std': 0.43889554605685677}}"
1,122,21.0,True,0.5031446540880503,0.0,2,6,SWITCH,ATTACK,0,23,22,0.9565217391304348,15,9.335092545887068,9.335092545887068,3.943391708288153,0.9963010651030291,0.9963010651030291,0.42086410389331674,9.369750643518291,"{'bias_segment_0_end': {'mean': 0.9963010651030291, 'abs_mean': 0.9963010651030291, 'std': 0.42086410389331674}}"
1,123,54.0,False,0.0,0.0,6,5,SWITCH,ATTACK,0,62,58,0.9354838709677419,53,7.349023420833829,13.913347070090351,12.61107846477487,0.3660889323666943,0.693088330634104,0.6282162930756067,20.07442118865438,"{'bias_segment_0_end': {'mean': 0.3660889323666943, 'abs_mean': 0.693088330634104, 'std': 0.6282162930756067}}"
1,124,20.0,True,0.2972636815920398,0.0,4,6,ATTACK,ATTACK,1,22,21,0.9545454545454546,13,7.972982542779747,7.972982542779747,2.7295543879213935,0.8782390661825566,0.8782390661825566,0.30066556447103554,9.078373816181879,"{'bias_segment_0_end': {'mean': 0.8782390661825566, 'abs_mean': 0.8782390661825566, 'std': 0.30066556447103554}}"
1,125,20.0,True,0.26322263222632225,0.0,4,6,SWITCH,ATTACK,0,28,24,0.8571428571428571,19,9.942049774770245,9.942049774770245,2.865938935626117,1.1051256797181614,1.1051256797181614,0.3185683823774407,8.996306897244262,"{'bias_segment_0_end': {'mean': 1.1051256797181614, 'abs_mean': 1.1051256797181614, 'std': 0.3185683823774407}}"
1,126,25.0,True,0.5067476383265856,0.0,2,6,ATTACK,ATTACK,1,25,25,1.0,18,9.306085450826062,9.306085450826062,2.57727939173687,0.7743933933533992,0.7743933933533992,0.21446484070375024,12.017258322062121,"{'bias_segment_0_end': {'mean': 0.7743933933533992, 'abs_mean': 0.7743933933533992, 'std': 0.21446484070375024}}"
1,127,21.0,False,0.0,0.023333333333333334,6,4,SWITCH,ATTACK,0,27,24,0.8888888888888888,18,9.297408352711935,9.297408352711935,3.248214907349045,1.1642478786469643,1.1642478786469643,0.4067506956567622,7.985763618927062,"{'bias_segment_0_end': {'mean': 1.1642478786469643, 'abs_mean': 1.1642478786469643, 'std': 0.4067506956567622}}"
1,128,16.0,True,0.23111111111111113,0.0,4,6,SWITCH,ATTACK,0,28,22,0.7857142857142857,19,11.70905394922492,11.70905394922492,2.970938635419031,2.7523227294660235,2.7523227294660235,0.6983469347371011,4.25424454184433,"{'bias_segment_0_end': {'mean': 2.7523227294660235, 'abs_mean': 2.7523227294660235, 'std': 0.6983469347371011}}"
1,129,29.0,True,0.3333333333333333,0.0,4,6,ATTACK,ATTACK,1,35,32,0.9142857142857143,26,5.13379274847167,5.143791544517782,3.1320044988485733,0.39261234327548794,0.3933770119985809,0.23952342560154563,13.075984075389588,"{'bias_segment_0_end': {'mean': 0.39261234327548794, 'abs_mean': 0.3933770119985809, 'std': 0.23952342560154563}}"
1,130,29.0,True,0.23345817727840198,0.0,4,6,ATTACK,ATTACK,1,29,29,1.0,20,3.995939542181893,4.239792742137133,3.804356512950024,0.2918920827013769,0.30970486932063207,0.27789748422900007,13.689783926993247,"{'bias_segment_0_end': {'mean': 0.2918920827013769, 'abs_mean': 0.30970486932063207, 'std': 0.27789748422900007}}"
1,131,23.0,True,0.029279279279279282,0.0,5,6,SWITCH,ATTACK,0,31,27,0.8709677419354839,21,7.766946562653383,7.766946562653383,5.530175248143835,0.9722515982932685,0.9722515982932685,0.6922568193919559,7.988617942400721,"{'bias_segment_0_end': {'mean': 0.9722515982932685, 'abs_mean': 0.9722515982932685, 'std': 0.6922568193919559}}"
1,132,12.0,False,0.0,0.03,6,4,SWITCH,ATTACK,0,24,18,0.75,15,15.016935264774688,15.016935264774688,2.3087102764140033,7.98085392384706,7.98085392384706,1.226980015806919,1.8816201133444608,"{'bias_segment_0_end': {'mean': 7.98085392384706, 'abs_mean': 7.98085392384706, 'std': 1.226980015806919}}"
1,133,20.0,False,0.0,0.008333333333333333,6,5,SWITCH,ATTACK,0,28,24,0.8571428571428571,18,9.256838432992328,9.256838432992328,4.010561937785963,1.2786364190962793,1.2786364190962793,0.5539742960639322,7.239617372649936,"{'bias_segment_0_end': {'mean': 1.2786364190962793, 'abs_mean': 1.2786364190962793, 'std': 0.5539742960639322}}"
1,134,13.0,True,0.0036231884057971015,0.0,5,6,SWITCH,ATTACK,0,25,19,0.76,16,13.801069435073323,13.801069435073323,3.5295296582987925,5.978910335254872,5.978910335254872,1.529065660590174,2.3082917557225757,"{'bias_segment_0_end': {'mean': 5.978910335254872, 'abs_mean': 5.978910335254872, 'std': 1.529065660590174}}"
1,135,28.0,True,0.6666666666666666,0.0,2,6,ATTACK,ATTACK,1,28,28,1.0,21,8.447400166018344,8.447400166018344,4.420202201379653,0.6363031432626729,0.6363031432626729,0.33295315710373935,13.27574797557014,"{'bias_segment_0_end': {'mean': 0.6363031432626729, 'abs_mean': 0.6363031432626729, 'std': 0.33295315710373935}}"
1,136,13.0,False,0.0,0.005,6,5,SWITCH,ATTACK,0,27,20,0.7407407407407407,17,12.215559073523684,12.215559073523684,2.694418710556375,3.387330945572973,3.387330945572973,0.7471526946630128,3.60624907037461,"{'bias_segment_0_end': {'mean': 3.387330945572973, 'abs_mean': 3.387330945572973, 'std': 0.7471526946630128}}"
1,137,14.0,True,0.11619047619047619,0.0,5,6,SWITCH,ATTACK,0,36,25,0.6944444444444444,26,15.75130891390759,15.75130891390759,3.4971066422032724,23.69284346103985,23.69284346103985,5.260286665264174,0.6648129398148771,"{'bias_segment_0_end': {'mean': 23.69284346103985, 'abs_mean': 23.69284346103985, 'std': 5.260286665264174}}"
1,138,21.0,True,0.06721536351165981,0.0,5,6,SWITCH,ATTACK,0,29,25,0.8620689655172413,19,9.898498211043943,9.898498211043943,3.723937861019873,1.4081114472933813,1.4081114472933813,0.5297490002332671,7.029626973113856,"{'bias_segment_0_end': {'mean': 1.4081114472933813, 'abs_mean': 1.4081114472933813, 'std': 0.5297490002332671}}"
1,139,20.0,True,0.05994550408719346,0.0,5,6,SWITCH,ATTACK,0,30,25,0.8333333333333334,21,11.457846075421148,11.457846075421148,2.986028218856103,1.8666387546369536,1.8666387546369536,0.4864645552983206,6.138223610196933,"{'bias_segment_0_end': {'mean': 1.8666387546369536, 'abs_mean': 1.8666387546369536, 'std': 0.4864645552983206}}"
1,140,18.0,True,0.03503787878787879,0.0,5,6,SWITCH,ATTACK,0,34,26,0.7647058823529411,24,12.661887245531208,12.661887245531208,3.3295883255479817,2.2506238531007683,2.2506238531007683,0.5918273288311651,5.625945547536277,"{'bias_segment_0_end': {'mean': 2.2506238531007683, 'abs_mean': 2.2506238531007683, 'std': 0.5918273288311651}}"
1,141,5.0,True,0.16666666666666666,0.0,5,6,SWITCH,ATTACK,0,33,19,0.5757575757575758,23,19.305683933626288,19.305683933626288,2.9294030965642652,5.973020713926615,5.973020713926615,0.9063333594073038,-3.232147494250843,"{'bias_segment_0_end': {'mean': 5.973020713926615, 'abs_mean': 5.973020713926615, 'std': 0.9063333594073038}}"
1,142,22.0,True,0.2420749279538905,0.0,4,6,ATTACK,ATTACK,1,24,23,0.9583333333333334,15,7.4916648720585455,7.4916648720585455,2.6946086323683227,0.7486699704178315,0.7486699704178315,0.26928227564035384,10.006631984821643,"{'bias_segment_0_end': {'mean': 0.7486699704178315, 'abs_mean': 0.7486699704178315, 'std': 0.26928227564035384}}"
1,143,20.0,True,0.5,0.0,3,6,ATTACK,ATTACK,1,28,24,0.8571428571428571,20,6.519482822243759,6.56037214039464,4.006628991656427,0.596042057077795,0.5997803525787825,0.3663050354218937,10.937957724336963,"{'bias_segment_0_end': {'mean': 0.596042057077795, 'abs_mean': 0.5997803525787825, 'std': 0.3663050354218937}}"
1,144,19.0,True,0.27508503401360546,0.0,4,6,SWITCH,ATTACK,0,25,22,0.88,16,9.74994573900532,9.74994573900532,2.821507769139057,1.3548874926524763,1.3548874926524763,0.39208685762576356,7.19612941434551,"{'bias_segment_0_end': {'mean': 1.3548874926524763, 'abs_mean': 1.3548874926524763, 'std': 0.39208685762576356}}"
1,145,24.0,True,0.34628378378378377,0.0,3,6,ATTACK,ATTACK,1,28,26,0.9285714285714286,20,4.304763497357229,5.03540504627263,4.396884223264978,0.33844949811277997,0.39589406287982803,0.34569222200885535,12.719071889191495,"{'bias_segment_0_end': {'mean': 0.33844949811277997, 'abs_mean': 0.39589406287982803, 'std': 0.34569222200885535}}"
1,146,26.0,True,0.6086065573770492,0.0,2,6,ATTACK,ATTACK,1,26,26,1.0,19,8.86397958196909,8.86397958196909,3.6117265184590943,0.7125668756736062,0.7125668756736062,0.2903432546574296,12.439505518116826,"{'bias_segment_0_end': {'mean': 0.7125668756736062, 'abs_mean': 0.7125668756736062, 'std': 0.2903432546574296}}"
1,147,19.0,True,0.5206896551724137,0.0,2,6,ATTACK,ATTACK,1,19,19,1.0,12,9.396032635561312,9.396032635561312,3.2486189590363526,0.996957850030549,0.996957850030549,0.3446918820515444,9.424703998542563,"{'bias_segment_0_end': {'mean': 0.996957850030549, 'abs_mean': 0.996957850030549, 'std': 0.3446918820515444}}"
1,148,22.0,True,0.5768277571251549,0.0,2,6,ATTACK,ATTACK,1,26,24,0.9230769230769231,19,11.122631292314841,11.122631292314841,4.021246091614998,1.1926469949171798,1.1926469949171798,0.4311863749633433,9.326004542599147,"{'bias_segment_0_end': {'mean': 1.1926469949171798, 'abs_mean': 1.1926469949171798, 'std': 0.4311863749633433}}"
1,149,9.0,True,0.021798365122615803,0.0,5,6,SWITCH,ATTACK,0,39,24,0.6153846153846154,29,18.962897758987303,18.962897758987303,3.273844910436407,6.858736256059479,6.858736256059479,1.1841248668486803,-2.764780136024939,"{'bias_segment_0_end': {'mean': 6.858736256059479, 'abs_mean': 6.858736256059479, 'std': 1.1841248668486803}}"
1,150,7.0,False,0.0,0.12666666666666668,6,5,SWITCH,ATTACK,0,25,16,0.64,16,16.49539775106035,16.49539775106035,2.158197084427236,11.865227201256646,11.865227201256646,1.552402623948412,-1.3902302477034172,"{'bias_segment_0_end': {'mean': 11.865227201256646, 'abs_mean': 11.865227201256646, 'std': 1.552402623948412}}"
1,151,26.0,True,0.27355836849507736,0.0,4,6,SWITCH,ATTACK,0,34,30,0.8823529411764706,26,9.962414868974477,10.021314798795673,5.160229329470859,1.087074758081848,1.0935017768120978,0.5630718178030298,9.164424796831115,"{'bias_segment_0_end': {'mean': 1.087074758081848, 'abs_mean': 1.0935017768120978, 'std': 0.5630718178030298}}"
1,152,23.0,True,0.18121212121212124,0.0,4,6,SWITCH,SWITCH,1,33,28,0.8484848484848485,23,9.572073470051906,9.572073470051906,2.2487797503156313,0.9699125477637386,0.9699125477637386,0.22786282447707853,9.86900673892877,"{'bias_segment_0_end': {'mean': 0.9699125477637386, 'abs_mean': 0.9699125477637386, 'std': 0.22786282447707853}}"
1,153,18.0,True,0.37157534246575336,0.0,3,6,SWITCH,ATTACK,0,24,21,0.875,16,11.567024446545195,11.567024446545195,2.976418163256979,1.7066725813340107,1.7066725813340107,0.4391597245506326,6.777529898267833,"{'bias_segment_0_end': {'mean': 1.7066725813340107, 'abs_mean': 1.7066725813340107, 'std': 0.4391597245506326}}"
1,154,6.0,True,0.07518796992481203,0.0,5,6,SWITCH,ATTACK,0,32,19,0.59375,22,19.234648595541707,19.234648595541707,2.1940240927367105,6.190245636159094,6.190245636159094,0.7060980603949961,-3.1072512669265206,"{'bias_segment_0_end': {'mean': 6.190245636159094, 'abs_mean': 6.190245636159094, 'std': 0.7060980603949961}}"
1,155,16.0,True,0.5,0.0,3,6,ATTACK,ATTACK,1,20,18,0.9,13,12.171796168850813,12.171796168850813,1.4530279399655714,1.701878828342118,1.701878828342118,0.20316454972729325,7.151975784731951,"{'bias_segment_0_end': {'mean': 1.701878828342118, 'abs_mean': 1.701878828342118, 'std': 0.20316454972729325}}"
1,156,25.0,True,0.27237136465324385,0.0,4,6,ATTACK,ATTACK,1,27,26,0.9629629629629629,20,6.983134682283718,6.983134682283718,3.0189998544723364,0.6259750886769951,0.6259750886769951,0.27062612817903187,11.155611155457711,"{'bias_segment_0_end': {'mean': 0.6259750886769951, 'abs_mean': 0.6259750886769951, 'std': 0.27062612817903187}}"
1,157,15.0,True,0.6881944444444444,0.0,1,6,ATTACK,ATTACK,1,15,15,1.0,10,12.334063858299052,12.334063858299052,3.264951805153199,1.6147203181361327,1.6147203181361327,0.4274328459852124,7.638514063250427,"{'bias_segment_0_end': {'mean': 1.6147203181361327, 'abs_mean': 1.6147203181361327, 'std': 0.4274328459852124}}"
1,158,11.0,False,0.0,0.085,6,3,SWITCH,ATTACK,0,27,19,0.7037037037037037,19,15.444996328136062,15.444996328136062,1.2710897859516679,10.243050087487822,10.243050087487822,0.8429808636133466,1.507851293922947,"{'bias_segment_0_end': {'mean': 10.243050087487822, 'abs_mean': 10.243050087487822, 'std': 0.8429808636133466}}"
1,159,11.0,True,0.11596958174904942,0.0,5,6,SWITCH,ATTACK,0,35,23,0.6571428571428571,25,18.118648544402774,18.118648544402774,3.170622833477132,15.504989530629876,15.504989530629876,2.7132527968718536,-1.1685688989734337,"{'bias_segment_0_end': {'mean': 15.504989530629876, 'abs_mean': 15.504989530629876, 'std': 2.7132527968718536}}"
1,160,24.0,True,0.5795739348370927,0.0,2,6,ATTACK,ATTACK,1,24,24,1.0,17,10.368825215768924,10.368825215768924,3.2968992633698537,0.8944631411004526,0.8944631411004526,0.28440588105591674,11.59223308297782,"{'bias_segment_0_end': {'mean': 0.8944631411004526, 'abs_mean': 0.8944631411004526, 'std': 0.28440588105591674}}"
1,161,19.0,True,0.4837962962962963,0.0,3,6,SWITCH,ATTACK,0,21,20,0.9523809523809523,13,10.82380252136314,10.82380252136314,2.793927816885651,1.2751639814220164,1.2751639814220164,0.32915568366605275,8.488165192129117,"{'bias_segment_0_end': {'mean': 1.2751639814220164, 'abs_mean': 1.2751639814220164, 'std': 0.32915568366605275}}"
1,162,-18.0,False,0.0,0.03333333333333333,6,3,SWITCH,ATTACK,0,48,15,0.3125,41,28.794931542358743,28.794931542358743,8.090342886251335,1.9238829999149976,1.9238829999149976,0.5405421130953374,-14.967090796909678,"{'bias_segment_0_end': {'mean': 1.9238829999149976, 'abs_mean': 1.9238829999149976, 'std': 0.5405421130953374}}"
1,163,2.0,True,0.16666666666666666,0.0,5,6,SWITCH,ATTACK,0,38,20,0.5263157894736842,28,18.426201673487686,18.426201673487686,3.2296651162217067,4.851196800352325,4.851196800352325,0.8502968411860816,-3.798279565188832,"{'bias_segment_0_end': {'mean': 4.851196800352325, 'abs_mean': 4.851196800352325, 'std': 0.8502968411860816}}"
1,164,20.0,True,0.16666666666666666,0.0,5,6,SWITCH,ATTACK,0,34,27,0.7941176470588235,23,11.361975010981807,11.361975010981807,3.768329419417757,1.950793088753314,1.950793088753314,0.6470029181054076,5.824285044111398,"{'bias_segment_0_end': {'mean': 1.950793088753314, 'abs_mean': 1.950793088753314, 'std': 0.6470029181054076}}"
1,165,18.0,True,0.3333333333333333,0.0,4,6,ATTACK,ATTACK,1,22,20,0.9090909090909091,14,9.270187551269931,9.270187551269931,2.077081733817178,1.1765748682727828,1.1765748682727828,0.26362381061243634,7.878961042979449,"{'bias_segment_0_end': {'mean': 1.1765748682727828, 'abs_mean': 1.1765748682727828, 'std': 0.26362381061243634}}"
1,166,7.0,False,0.0,0.015,6,5,SWITCH,ATTACK,0,27,17,0.6296296296296297,17,17.156681818740665,17.156681818740665,3.0142148032915,8.387030165631906,8.387030165631906,1.4734964923861766,-2.0456206165854445,"{'bias_segment_0_end': {'mean': 8.387030165631906, 'abs_mean': 8.387030165631906, 'std': 1.4734964923861766}}"
1,167,1.0,True,0.04027420736932305,0.0,5,6,SWITCH,ATTACK,0,39,20,0.5128205128205128,29,20.823413885521706,20.823413885521706,3.108847963303163,4.4216211261131715,4.4216211261131715,0.6601294056769778,-4.709452323389486,"{'bias_segment_0_end': {'mean': 4.4216211261131715, 'abs_mean': 4.4216211261131715, 'std': 0.6601294056769778}}"
1,168,18.0,False,0.0,0.13166666666666668,6,5,SWITCH,ATTACK,0,28,23,0.8214285714285714,19,10.665339245215034,10.665339245215034,3.569265473697974,1.9480721884001675,1.9480721884001675,0.6519423941856791,5.474817262277033,"{'bias_segment_0_end': {'mean': 1.9480721884001675, 'abs_mean': 1.9480721884001675, 'std': 0.6519423941856791}}"
1,169,20.0,True,0.2683513838748496,0.0,4,6,ATTACK,ATTACK,1,32,26,0.8125,19,10.535860364484257,10.535860364484257,3.654603051933705,1.7229337606921808,1.7229337606921808,0.5976388033131919,6.1150698911672166,"{'bias_segment_0_end': {'mean': 1.7229337606921808, 'abs_mean': 1.7229337606921808, 'std': 0.5976388033131919}}"
1,170,5.0,True,0.0031685678073510772,0.0,5,6,SWITCH,ATTACK,0,39,22,0.5641025641025641,30,15.893410196338845,15.893410196338845,3.532537404627692,93.50379900536053,93.50379900536053,20.782554743179897,-0.16997609044128448,"{'bias_segment_0_end': {'mean': 93.50379900536053, 'abs_mean': 93.50379900536053, 'std': 20.782554743179897}}"
1,171,18.0,True,0.5555555555555555,0.0,2,6,ATTACK,ATTACK,1,20,19,0.95,13,11.028828747093533,11.028828747093533,2.5679063136599107,1.289711480859572,1.289711480859572,0.30029102187045514,8.551392238319066,"{'bias_segment_0_end': {'mean': 1.289711480859572, 'abs_mean': 1.289711480859572, 'std': 0.30029102187045514}}"
1,172,14.0,True,0.32758620689655177,0.0,4,6,SWITCH,ATTACK,0,72,43,0.5972222222222222,63,18.949837791548834,18.949837791548834,7.4363347021475885,4.689995599007174,4.689995599007174,1.8404578133840561,-4.04048093255361,"{'bias_segment_0_end': {'mean': 4.689995599007174, 'abs_mean': 4.689995599007174, 'std': 1.8404578133840561}}"
1,173,11.0,False,0.0,0.03333333333333333,6,5,SWITCH,ATTACK,0,29,20,0.6896551724137931,20,16.10991882307743,16.10991882307743,2.482658760343011,62.133726826717805,62.133726826717805,9.57527116760749,0.25927816736320547,"{'bias_segment_0_end': {'mean': 62.133726826717805, 'abs_mean': 62.133726826717805, 'std': 9.57527116760749}}"
1,174,23.0,True,0.4042145593869732,0.0,3,6,ATTACK,ATTACK,1,25,24,0.96,17,5.09534657673815,5.116134678348375,3.2328187439638416,0.44699097126513193,0.4488146143852947,0.2836000983496559,11.399215877485483,"{'bias_segment_0_end': {'mean': 0.44699097126513193, 'abs_mean': 0.4488146143852947, 'std': 0.2836000983496559}}"
1,175,11.0,True,0.09767759562841531,0.0,5,6,SWITCH,ATTACK,0,31,21,0.6774193548387096,22,14.206225073919686,14.206225073919686,2.50300474445968,10.563554065184057,10.563554065184057,1.8611999884510289,1.3448338491248264,"{'bias_segment_0_end': {'mean': 10.563554065184057, 'abs_mean': 10.563554065184057, 'std': 1.8611999884510289}}"
1,176,16.0,True,0.3717026378896882,0.0,3,6,SWITCH,ATTACK,0,24,20,0.8333333333333334,16,11.105979877274676,11.105979877274676,1.957457960278533,1.9088917826374843,1.9088917826374843,0.33644716238680517,5.818024876156009,"{'bias_segment_0_end': {'mean': 1.9088917826374843, 'abs_mean': 1.9088917826374843, 'std': 0.33644716238680517}}"
1,177,26.0,False,0.0,0.075,6,4,SWITCH,ATTACK,0,30,28,0.9333333333333333,21,6.0470138445007375,6.668228911521684,5.420588816636779,0.5661853253040293,0.624350043270548,0.5075327957580144,10.680273002931719,"{'bias_segment_0_end': {'mean': 0.5661853253040293, 'abs_mean': 0.624350043270548, 'std': 0.5075327957580144}}"
1,178,19.0,True,0.2692307692307692,0.0,4,6,SWITCH,ATTACK,0,23,21,0.9130434782608695,13,9.023115641007317,9.023115641007317,2.8903520893317225,1.1377394524230626,1.1377394524230626,0.36444923619077263,7.93073987351905,"{'bias_segment_0_end': {'mean': 1.1377394524230626, 'abs_mean': 1.1377394524230626, 'std': 0.36444923619077263}}"
1,179,12.0,True,0.5393159886362329,0.0,1,6,ATTACK,ATTACK,1,26,19,0.7307692307692307,20,17.43805501232493,17.43805501232493,1.9850903234859798,4.151994532534841,4.151994532534841,0.4726492813491091,4.1999224410536,"{'bias_segment_0_end': {'mean': 4.151994532534841, 'abs_mean': 4.151994532534841, 'std': 0.4726492813491091}}"
1,180,20.0,True,0.05740740740740741,0.0,5,6,SWITCH,ATTACK,0,40,30,0.75,29,16.387755241160704,16.387755241160704,4.0244564023397915,5.011739882849893,5.011739882849893,1.230768238943284,3.2698734619566707,"{'bias_segment_0_end': {'mean': 5.011739882849893, 'abs_mean': 5.011739882849893, 'std': 1.230768238943284}}"
1,181,23.0,True,0.3346957311534968,0.0,3,6,ATTACK,ATTACK,1,23,23,1.0,15,6.3301406217365965,6.3301406217365965,3.161574442929469,0.5669928963821661,0.5669928963821661,0.28318332208434227,11.164409046616939,"{'bias_segment_0_end': {'mean': 0.5669928963821661, 'abs_mean': 0.5669928963821661, 'std': 0.28318332208434227}}"
1,182,17.0,True,0.5177045177045178,0.0,2,6,SWITCH,ATTACK,0,21,19,0.9047619047619048,13,12.643119884939086,12.643119884939086,3.0546192764694053,1.8719605882177224,1.8719605882177224,0.452271824486335,6.753945550197983,"{'bias_segment_0_end': {'mean': 1.8719605882177224, 'abs_mean': 1.8719605882177224, 'std': 0.452271824486335}}"
1,183,27.0,True,0.17750677506775067,0.0,4,6,ATTACK,ATTACK,1,31,29,0.9354838709677419,22,7.541016300867133,7.541016300867133,3.4940839771710954,0.6675721436268096,0.6675721436268096,0.30931548714249285,11.29618180276072,"{'bias_segment_0_end': {'mean': 0.6675721436268096, 'abs_mean': 0.6675721436268096, 'std': 0.30931548714249285}}"
1,184,8.0,False,0.0,0.16666666666666666,6,5,SWITCH,ATTACK,0,30,19,0.6333333333333333,20,18.428474189079893,18.428474189079893,2.313927557957402,9.23151642511736,9.23151642511736,1.1591334170505183,-1.9962564480673188,"{'bias_segment_0_end': {'mean': 9.23151642511736, 'abs_mean': 9.23151642511736, 'std': 1.1591334170505183}}"
1,185,25.0,True,0.3669185558354324,0.0,3,6,ATTACK,ATTACK,1,25,25,1.0,17,7.88982808846034,7.88982808846034,2.472270486011593,0.656541440402895,0.656541440402895,0.2057266657464479,12.017258322062121,"{'bias_segment_0_end': {'mean': 0.656541440402895, 'abs_mean': 0.656541440402895, 'std': 0.2057266657464479}}"
1,186,21.0,True,0.5481601731601732,0.0,2,6,ATTACK,ATTACK,1,21,21,1.0,14,9.644433949563766,9.644433949563766,2.7586518654687495,0.9363272904570672,0.9363272904570672,0.26782297851970066,10.300280732879038,"{'bias_segment_0_end': {'mean': 0.9363272904570672, 'abs_mean': 0.9363272904570672, 'std': 0.26782297851970066}}"
1,187,5.0,False,0.0,0.028333333333333335,6,5,SWITCH,ATTACK,0,27,16,0.5925925925925926,18,18.953424986149592,18.953424986149592,2.8187754029561924,5.793594961776672,5.793594961776672,0.8616301794995332,-3.2714446058440547,"{'bias_segment_0_end': {'mean': 5.793594961776672, 'abs_mean': 5.793594961776672, 'std': 0.8616301794995332}}"
1,188,25.0,True,0.2824242424242424,0.0,4,6,ATTACK,ATTACK,1,29,27,0.9310344827586207,20,8.677593450628207,8.677593450628207,3.037257476894172,0.8376720869012579,0.8376720869012579,0.29319486140966916,10.359177041136258,"{'bias_segment_0_end': {'mean': 0.8376720869012579, 'abs_mean': 0.8376720869012579, 'std': 0.29319486140966916}}"
1,189,23.0,True,0.34939759036144585,0.0,3,6,ATTACK,ATTACK,1,25,24,0.96,15,7.10027240780337,7.10027240780337,4.041094366500024,0.6891672876568314,0.6891672876568314,0.39223706975880984,10.302683448519872,"{'bias_segment_0_end': {'mean': 0.6891672876568314, 'abs_mean': 0.6891672876568314, 'std': 0.39223706975880984}}"
1,190,9.0,False,0.0,0.10666666666666667,6,5,SWITCH,ATTACK,0,27,18,0.6666666666666666,17,16.68760324127616,16.68760324127616,2.529343546452619,29.11679018544283,29.11679018544283,4.413238035693661,-0.5731264722173689,"{'bias_segment_0_end': {'mean': 29.11679018544283, 'abs_mean': 29.11679018544283, 'std': 4.413238035693661}}"
1,191,24.0,True,0.4358974358974359,0.0,3,6,ATTACK,ATTACK,1,26,25,0.9615384615384616,18,7.745067583856196,7.803729209241198,4.195860898920336,0.7217847793883219,0.7272516223665976,0.39102415834097026,10.730439051956417,"{'bias_segment_0_end': {'mean': 0.7217847793883219, 'abs_mean': 0.7272516223665976, 'std': 0.39102415834097026}}"
1,192,10.0,False,0.0,0.034999999999999996,6,5,SWITCH,ATTACK,0,34,22,0.6470588235294118,24,18.03066089854775,18.03066089854775,3.3758475226639355,9.857370662163246,9.857370662163246,1.8455774037946766,-1.8291552094877641,"{'bias_segment_0_end': {'mean': 9.857370662163246, 'abs_mean': 9.857370662163246, 'std': 1.8455774037946766}}"
1,193,-2.0,True,0.06592592592592593,0.0,5,6,SWITCH,ATTACK,0,24,11,0.4583333333333333,15,20.37469337276532,20.37469337276532,3.1072005940514384,3.780769160707152,3.780769160707152,0.5765784037674672,-5.389033952275059,"{'bias_segment_0_end': {'mean': 3.780769160707152, 'abs_mean': 3.780769160707152, 'std': 0.5765784037674672}}"
1,194,11.0,False,0.0,0.0,6,3,SWITCH,ATTACK,0,21,16,0.7619047619047619,13,12.995427636640365,12.995427636640365,1.3631712370792388,4.714569038809872,4.714569038809872,0.4945404713585408,2.756440202627912,"{'bias_segment_0_end': {'mean': 4.714569038809872, 'abs_mean': 4.714569038809872, 'std': 0.4945404713585408}}"
1,195,17.0,True,0.16666666666666666,0.0,5,6,ATTACK,ATTACK,1,23,20,0.8695652173913043,14,10.585590474398895,10.585590474398895,1.8501007394214648,1.473443145120624,1.473443145120624,0.25752160532527624,7.1842544515230005,"{'bias_segment_0_end': {'mean': 1.473443145120624, 'abs_mean': 1.473443145120624, 'std': 0.25752160532527624}}"
1,196,25.0,True,0.552158273381295,0.0,2,6,ATTACK,ATTACK,1,25,25,1.0,18,6.681201646504774,6.723902672765685,5.180983123433635,0.555967215437065,0.5595205239469202,0.43112854734278494,12.017258322062121,"{'bias_segment_0_end': {'mean': 0.555967215437065, 'abs_mean': 0.5595205239469202, 'std': 0.43112854734278494}}"
1,197,97.0,False,0.0,0.15166666666666667,6,4,SWITCH,ATTACK,0,111,104,0.9369369369369369,103,3.263374819447342,20.271336386650297,23.23570398037642,0.1025583307345479,0.6370688433287102,0.7302302510482276,31.819695153716435,"{'bias_segment_0_100': {'mean': 0.05914845338190986, 'abs_mean': 0.65245512236143, 'std': 0.7567255730502475}, 'bias_segment_100_end': {'mean': 0.497193579394894, 'abs_mean': 0.497193579394894, 'std': 0.047013111579529226}}"
1,198,19.0,True,0.4557875331259362,0.0,2,6,ATTACK,ATTACK,1,25,22,0.88,15,9.656936445161767,9.656936445161767,2.8401624218331634,1.1843077431142752,1.1843077431142752,0.34831194830576134,8.154076929166846,"{'bias_segment_0_end': {'mean': 1.1843077431142752, 'abs_mean': 1.1843077431142752, 'std': 0.34831194830576134}}"
1,199,26.0,True,0.4671532846715329,0.0,3,6,ATTACK,ATTACK,1,28,27,0.9642857142857143,20,6.380279759156139,6.380279759156139,3.0324238337112663,0.5066624268222473,0.5066624268222473,0.24080687316836094,12.592762797061598,"{'bias_segment_0_end': {'mean': 0.5066624268222473, 'abs_mean': 0.5066624268222473, 'std': 0.24080687316836094}}"
1,200,14.0,True,0.13322185061315497,0.0,5,6,SWITCH,ATTACK,0,26,20,0.7692307692307693,16,11.594766155912309,11.594766155912309,3.018403204632039,3.193919647289346,3.193919647289346,0.8314559490964438,3.6302623222699713,"{'bias_segment_0_end': {'mean': 3.193919647289346, 'abs_mean': 3.193919647289346, 'std': 0.8314559490964438}}"
1,201,1.0,True,0.24175199089874858,0.0,4,6,SWITCH,ATTACK,0,59,30,0.5084745762711864,50,24.276383809675885,24.276383809675885,5.725331284512521,2.6860037565586894,2.6860037565586894,0.6334659007827301,-9.03810493577969,"{'bias_segment_0_end': {'mean': 2.6860037565586894, 'abs_mean': 2.6860037565586894, 'std': 0.6334659007827301}}"
1,202,18.0,True,0.6666666666666666,0.0,2,6,ATTACK,ATTACK,1,18,18,1.0,12,11.299305329309993,11.299305329309993,3.9352104804731316,1.2579146994559243,1.2579146994559243,0.4380941097325361,8.98256879754819,"{'bias_segment_0_end': {'mean': 1.2579146994559243, 'abs_mean': 1.2579146994559243, 'std': 0.4380941097325361}}"
1,203,11.0,True,0.16666666666666666,0.0,5,6,SWITCH,ATTACK,0,33,22,0.6666666666666666,23,16.65735790033392,16.65735790033392,3.6870324451259076,16.533805357365214,16.533805357365214,3.6596846365881386,-1.0074727227216127,"{'bias_segment_0_end': {'mean': 16.533805357365214, 'abs_mean': 16.533805357365214, 'std': 3.6596846365881386}}"
1,204,5.0,True,0.16666666666666666,0.0,5,6,SWITCH,ATTACK,0,23,14,0.6086956521739131,13,19.456065398211386,19.456065398211386,2.3887156165129926,9.543103229806672,9.543103229806672,1.171653119398458,-2.038756673766541,"{'bias_segment_0_end': {'mean': 9.543103229806672, 'abs_mean': 9.543103229806672, 'std': 1.171653119398458}}"
1,205,5.0,True,0.05074786324786324,0.0,5,6,SWITCH,ATTACK,0,25,15,0.6,15,17.362139121089044,17.362139121089044,2.292711723336073,15.122015862437996,15.122015862437996,1.9968981245043114,-1.148136549983085,"{'bias_segment_0_end': {'mean': 15.122015862437996, 'abs_mean': 15.122015862437996, 'std': 1.9968981245043114}}"
1,206,25.0,True,0.3986254295532646,0.0,3,6,ATTACK,ATTACK,1,25,25,1.0,17,6.669931886372938,6.669931886372938,2.9543081351707943,0.5550294174943223,0.5550294174943223,0.2458387808596133,12.017258322062121,"{'bias_segment_0_end': {'mean': 0.5550294174943223, 'abs_mean': 0.5550294174943223, 'std': 0.2458387808596133}}"
1,207,6.0,False,0.0,0.155,6,5,SWITCH,ATTACK,0,34,20,0.5882352941176471,22,20.120216647175564,20.120216647175564,2.894804740660499,5.1277561066365775,5.1277561066365775,0.7377580940971699,-3.923785809768731,"{'bias_segment_0_end': {'mean': 5.1277561066365775, 'abs_mean': 5.1277561066365775, 'std': 0.7377580940971699}}"
1,208,7.0,False,0.0,0.16666666666666666,6,5,SWITCH,ATTACK,0,25,16,0.64,16,16.688779453321366,16.688779453321366,2.1166543702072547,15.062196975159623,15.062196975159623,1.91035330903418,-1.1079910507639943,"{'bias_segment_0_end': {'mean': 15.062196975159623, 'abs_mean': 15.062196975159623, 'std': 1.91035330903418}}"
1,209,17.0,True,0.4007407407407408,0.0,3,6,SWITCH,ATTACK,0,23,20,0.8695652173913043,15,8.902327875648714,8.902327875648714,2.208683699626108,1.131675082412584,1.131675082412584,0.28077064142232205,7.866505160359374,"{'bias_segment_0_end': {'mean': 1.131675082412584, 'abs_mean': 1.131675082412584, 'std': 0.28077064142232205}}"
1,210,20.0,True,0.4078014184397163,0.0,2,6,ATTACK,ATTACK,1,20,20,1.0,13,9.105160356533805,9.105160356533805,3.5655430152028007,0.9230759506718693,0.9230759506718693,0.3614727121261491,9.863934110629282,"{'bias_segment_0_end': {'mean': 0.9230759506718693, 'abs_mean': 0.9230759506718693, 'std': 0.3614727121261491}}"
1,211,21.0,True,0.20526960784313728,0.0,4,6,ATTACK,ATTACK,1,25,23,0.92,16,5.5320007572467285,5.5913452391430205,3.763048863631315,0.5538951294481591,0.5598370338195425,0.37677768476629525,9.987451528519873,"{'bias_segment_0_end': {'mean': 0.5538951294481591, 'abs_mean': 0.5598370338195425, 'std': 0.37677768476629525}}"
1,212,16.0,False,0.0,0.16666666666666666,6,5,SWITCH,ATTACK,0,36,26,0.7222222222222222,26,14.655232853886519,14.655232853886519,2.9355159329174256,7.43717365466617,7.43717365466617,1.4897028233404357,1.970537940134241,"{'bias_segment_0_end': {'mean': 7.43717365466617, 'abs_mean': 7.43717365466617, 'std': 1.4897028233404357}}"
1,213,11.0,False,0.0,0.14666666666666667,6,5,SWITCH,ATTACK,0,29,20,0.6896551724137931,19,15.972872713033253,15.972872713033253,2.676850196964813,113.06016873478907,113.06016873478907,18.947445483594713,0.14127763023688408,"{'bias_segment_0_end': {'mean': 113.06016873478907, 'abs_mean': 113.06016873478907, 'std': 18.947445483594713}}"
1,214,20.0,True,0.5334507042253521,0.0,2,6,SWITCH,ATTACK,0,24,22,0.9166666666666666,17,9.360387437129129,9.360387437129129,5.244444149862422,1.1575559956159605,1.1575559956159605,0.6485562494203997,8.086336620068444,"{'bias_segment_0_end': {'mean': 1.1575559956159605, 'abs_mean': 1.1575559956159605, 'std': 0.6485562494203997}}"
1,215,10.0,False,0.0,0.16666666666666666,6,5,SWITCH,ATTACK,0,28,19,0.6785714285714286,18,14.256721277876872,14.256721277876872,2.366410015075836,10.474844835615917,10.474844835615917,1.73867309616495,1.361043671921712,"{'bias_segment_0_end': {'mean': 10.474844835615917, 'abs_mean': 10.474844835615917, 'std': 1.73867309616495}}"
1,216,19.0,True,0.22691705790297342,0.0,4,6,SWITCH,ATTACK,0,27,23,0.8518518518518519,18,11.417347456629477,11.417347456629477,2.7960276135216144,1.8183864581711229,1.8183864581711229,0.4453099783827682,6.278834405813105,"{'bias_segment_0_end': {'mean': 1.8183864581711229, 'abs_mean': 1.8183864581711229, 'std': 0.4453099783827682}}"
1,217,12.0,True,0.3333333333333333,0.0,4,6,SWITCH,ATTACK,0,30,21,0.7,21,15.507058058944684,15.507058058944684,2.149257383391636,12.147365514945175,12.147365514945175,1.6836085170064559,1.2765778752492465,"{'bias_segment_0_end': {'mean': 12.147365514945175, 'abs_mean': 12.147365514945175, 'std': 1.6836085170064559}}"
1,218,12.0,True,0.24338937001188657,0.0,3,6,SWITCH,ATTACK,0,22,17,0.7727272727272727,14,15.01443928257619,15.01443928257619,1.0831706218749944,4.5091819505000865,4.5091819505000865,0.3253010868769949,3.3297479337490525,"{'bias_segment_0_end': {'mean': 4.5091819505000865, 'abs_mean': 4.5091819505000865, 'std': 0.3253010868769949}}"
1,219,24.0,True,0.31545741324921134,0.0,4,6,ATTACK,ATTACK,1,28,26,0.9285714285714286,19,7.8695155893910576,7.8695155893910576,4.165503959734644,0.7920486313452255,0.7920486313452255,0.4192483860910986,9.935646976657699,"{'bias_segment_0_end': {'mean': 0.7920486313452255, 'abs_mean': 0.7920486313452255, 'std': 0.4192483860910986}}"
1,220,17.0,True,0.7545662100456622,0.0,1,6,ATTACK,ATTACK,1,21,19,0.9047619047619048,15,14.356159796584084,14.356159796584084,1.9913433095618032,1.8016834649466005,1.8016834649466005,0.24991156163664444,7.968192013689586,"{'bias_segment_0_end': {'mean': 1.8016834649466005, 'abs_mean': 1.8016834649466005, 'std': 0.24991156163664444}}"
1,221,11.0,False,0.0,0.04833333333333333,6,3,SWITCH,ATTACK,0,21,16,0.7619047619047619,13,13.706781207478574,13.706781207478574,2.1683273034183603,3.3811863572271066,3.3811863572271066,0.5348825946328699,4.053837842501953,"{'bias_segment_0_end': {'mean': 3.3811863572271066, 'abs_mean': 3.3811863572271066, 'std': 0.5348825946328699}}"
1,222,11.0,False,0.0,0.13666666666666666,6,5,SWITCH,ATTACK,0,29,20,0.6896551724137931,19,16.137870826712863,16.137870826712863,1.5525657476953165,18.04419066457733,18.04419066457733,1.735965832886315,0.8943527103375837,"{'bias_segment_0_end': {'mean': 18.04419066457733, 'abs_mean': 18.04419066457733, 'std': 1.735965832886315}}"
1,223,18.0,False,0.0,0.03,6,5,SWITCH,ATTACK,0,36,27,0.75,26,12.152326068253894,12.152326068253894,5.169090688785433,3.722009352631537,3.722009352631537,1.5831869372333585,3.2649907393870317,"{'bias_segment_0_end': {'mean': 3.722009352631537, 'abs_mean': 3.722009352631537, 'std': 1.5831869372333585}}"
1,224,8.0,False,0.0,0.09000000000000001,6,5,SWITCH,ATTACK,0,28,18,0.6428571428571429,18,16.580096876728007,16.580096876728007,1.530208471157162,36.79238159677049,36.79238159677049,3.3956384218989903,-0.450639402973124,"{'bias_segment_0_end': {'mean': 36.79238159677049, 'abs_mean': 36.79238159677049, 'std': 3.3956384218989903}}"
1,225,32.0,True,0.21437422552664187,0.0,4,6,ATTACK,ATTACK,1,34,33,0.9705882352941176,25,3.1562865744230866,4.8976046912632984,5.3154903094081805,0.22245015835220192,0.34517554519495575,0.37462747224198817,14.188736019804425,"{'bias_segment_0_end': {'mean': 0.22245015835220192, 'abs_mean': 0.34517554519495575, 'std': 0.37462747224198817}}"
1,226,-1.0,False,0.0,0.145,6,5,SWITCH,ATTACK,0,31,15,0.4838709677419355,21,22.12317770206527,22.12317770206527,2.7353923323628866,3.416426451595798,3.416426451595798,0.42241972855935966,-6.47553167483867,"{'bias_segment_0_end': {'mean': 3.416426451595798, 'abs_mean': 3.416426451595798, 'std': 0.42241972855935966}}"
1,227,15.0,True,0.25405092592592593,0.0,4,6,SWITCH,ATTACK,0,31,23,0.7419354838709677,21,13.417703168425975,13.417703168425975,2.767999624261763,3.65747819424308,3.65747819424308,0.7545179782508235,3.6685668255098887,"{'bias_segment_0_end': {'mean': 3.65747819424308, 'abs_mean': 3.65747819424308, 'std': 0.7545179782508235}}"
1,228,23.0,True,0.1983204134366925,0.0,4,6,ATTACK,ATTACK,1,29,26,0.896551724137931,20,5.984849767334791,6.44769072384287,4.175776091987762,0.561725038082309,0.6051662879094258,0.3919293007315695,10.654411609934035,"{'bias_segment_0_end': {'mean': 0.561725038082309, 'abs_mean': 0.6051662879094258, 'std': 0.3919293007315695}}"
1,229,11.0,False,0.0,0.075,6,5,SWITCH,ATTACK,0,29,20,0.6896551724137931,19,15.431113387648345,15.431113387648345,2.283679242000251,31.598511568874475,31.598511568874475,4.676322643426607,0.48834937538160744,"{'bias_segment_0_end': {'mean': 31.598511568874475, 'abs_mean': 31.598511568874475, 'std': 4.676322643426607}}"
1,230,21.0,True,0.25602027883396705,0.0,4,6,ATTACK,ATTACK,1,23,22,0.9565217391304348,15,5.638704874786639,5.638704874786639,3.124168550827428,0.5797916665627465,0.5797916665627465,0.3212381089151602,9.725398276617701,"{'bias_segment_0_end': {'mean': 0.5797916665627465, 'abs_mean': 0.5797916665627465, 'std': 0.3212381089151602}}"
1,231,20.0,True,0.2015209125475285,0.0,4,6,SWITCH,ATTACK,0,26,23,0.8846153846153846,17,9.71412247430234,9.71412247430234,3.105960463559397,1.2541051293905598,1.2541051293905598,0.40098330645289415,7.745859774150654,"{'bias_segment_0_end': {'mean': 1.2541051293905598, 'abs_mean': 1.2541051293905598, 'std': 0.40098330645289415}}"
1,232,15.0,True,0.5361380798274001,0.0,2,6,ATTACK,ATTACK,1,33,24,0.7272727272727273,26,8.493646558109972,8.736672558635716,4.425401823401057,0.7894764733138618,0.812065511897701,0.4113369446953817,10.75858096500016,"{'bias_segment_0_end': {'mean': 0.7894764733138618, 'abs_mean': 0.812065511897701, 'std': 0.4113369446953817}}"
1,233,22.0,True,0.48444444444444446,0.0,3,6,ATTACK,ATTACK,1,22,22,1.0,14,9.258200131360086,9.258200131360086,4.64635713550593,0.8625305173915151,0.8625305173915151,0.4328729955295257,10.733765292570691,"{'bias_segment_0_end': {'mean': 0.8625305173915151, 'abs_mean': 0.8625305173915151, 'std': 0.4328729955295257}}"
1,234,19.0,True,0.150087260034904,0.0,5,6,SWITCH,ATTACK,0,35,27,0.7714285714285715,24,11.750576926439482,11.750576926439482,2.3477759539107583,2.0236979021253183,2.0236979021253183,0.40433668085683666,5.806487674913754,"{'bias_segment_0_end': {'mean': 2.0236979021253183, 'abs_mean': 2.0236979021253183, 'std': 0.40433668085683666}}"
1,235,20.0,True,0.5959232613908872,0.0,2,6,ATTACK,ATTACK,1,20,20,1.0,13,9.995717216503897,9.995717216503897,2.549842168881792,1.013360095920816,1.013360095920816,0.25850154109749235,9.863934110629282,"{'bias_segment_0_end': {'mean': 1.013360095920816, 'abs_mean': 1.013360095920816, 'std': 0.25850154109749235}}"
1,236,13.0,True,0.10622065727699531,0.0,5,6,SWITCH,ATTACK,0,29,21,0.7241379310344828,19,14.843358954265788,14.843358954265788,2.4534629479931795,5.834144189352165,5.834144189352165,0.9643273228066499,2.544222163956154,"{'bias_segment_0_end': {'mean': 5.834144189352165, 'abs_mean': 5.834144189352165, 'std': 0.9643273228066499}}"
1,237,15.0,True,0.26429341963322545,0.0,4,6,ATTACK,ATTACK,1,23,19,0.8260869565217391,14,9.346629811330725,9.346629811330725,2.7159841794679234,1.1110576996341193,1.1110576996341193,0.3228559593773682,8.412371215652122,"{'bias_segment_0_end': {'mean': 1.1110576996341193, 'abs_mean': 1.1110576996341193, 'std': 0.3228559593773682}}"
1,238,3.0,False,0.0,0.09000000000000001,6,4,SWITCH,ATTACK,0,29,16,0.5517241379310345,19,21.573330068423996,21.573330068423996,2.0034003709727424,4.528935702450917,4.528935702450917,0.42057816005337273,-4.76344366221609,"{'bias_segment_0_end': {'mean': 4.528935702450917, 'abs_mean': 4.528935702450917, 'std': 0.42057816005337273}}"
1,239,19.0,True,0.6666666666666666,0.0,2,6,ATTACK,ATTACK,1,21,20,0.9523809523809523,14,11.646012501224478,11.646012501224478,2.855309360839726,1.2176269662974384,1.2176269662974384,0.29853150806032613,9.56451591790685,"{'bias_segment_0_end': {'mean': 1.2176269662974384, 'abs_mean': 1.2176269662974384, 'std': 0.29853150806032613}}"
1,240,19.0,True,0.3974358974358974,0.0,3,6,SWITCH,ATTACK,0,27,23,0.8518518518518519,19,11.682519707011211,11.682519707011211,2.1086173690604983,1.729729210968038,1.729729210968038,0.3122046569996011,6.753958731189562,"{'bias_segment_0_end': {'mean': 1.729729210968038, 'abs_mean': 1.729729210968038, 'std': 0.3122046569996011}}"
1,241,22.0,True,0.7139208173690932,0.0,1,6,ATTACK,ATTACK,1,22,22,1.0,16,10.546376017687656,10.546376017687656,5.010263897325229,0.9825420744933993,0.9825420744933993,0.4667759878067254,10.733765292570691,"{'bias_segment_0_end': {'mean': 0.9825420744933993, 'abs_mean': 0.9825420744933993, 'std': 0.4667759878067254}}"
1,242,25.0,True,0.48373983739837395,0.0,3,6,ATTACK,ATTACK,1,27,26,0.9629629629629629,19,7.057346561444865,7.057346561444865,2.9787283259642843,0.5969475101742283,0.5969475101742283,0.2519565168280163,11.822390480169808,"{'bias_segment_0_end': {'mean': 0.5969475101742283, 'abs_mean': 0.5969475101742283, 'std': 0.2519565168280163}}"
1,243,15.0,False,0.0,0.06666666666666667,6,4,SWITCH,ATTACK,0,29,22,0.7586206896551724,20,12.683404051652131,12.683404051652131,3.3044691800747645,3.8166230964960497,3.8166230964960497,0.9943634487217877,3.3232005704981615,"{'bias_segment_0_end': {'mean': 3.8166230964960497, 'abs_mean': 3.8166230964960497, 'std': 0.9943634487217877}}"
1,244,24.0,True,0.15044742729306487,0.0,5,6,SWITCH,ATTACK,0,40,32,0.8,30,11.888000622631228,11.888000622631228,5.523193870145916,2.0260344295608044,2.0260344295608044,0.9413005010070427,5.867620238422238,"{'bias_segment_0_end': {'mean': 2.0260344295608044, 'abs_mean': 2.0260344295608044, 'std': 0.9413005010070427}}"
1,245,20.0,True,0.6666666666666666,0.0,2,6,ATTACK,ATTACK,1,20,20,1.0,13,8.7577813873413,8.7577813873413,5.327957782670408,0.8878588694042469,0.8878588694042469,0.5401453135143158,9.863934110629282,"{'bias_segment_0_end': {'mean': 0.8878588694042469, 'abs_mean': 0.8878588694042469, 'std': 0.5401453135143158}}"
1,246,28.0,True,0.5041816009557945,0.0,2,6,ATTACK,ATTACK,1,28,28,1.0,20,5.66283437665939,6.49819103564193,5.806714375412954,0.4265548266719181,0.4894783365577456,0.4373926340043811,13.27574797557014,"{'bias_segment_0_end': {'mean': 0.4265548266719181, 'abs_mean': 0.4894783365577456, 'std': 0.4373926340043811}}"
1,247,17.0,True,0.29585006693440424,0.0,4,6,SWITCH,ATTACK,0,25,21,0.84,16,10.937468577418754,10.937468577418754,1.5565869903939207,1.6530927257723789,1.6530927257723789,0.23526308785605513,6.616367253269723,"{'bias_segment_0_end': {'mean': 1.6530927257723789, 'abs_mean': 1.6530927257723789, 'std': 0.23526308785605513}}"
1,248,9.0,True,0.09770114942528735,0.0,5,6,SWITCH,ATTACK,0,27,18,0.6666666666666666,17,14.825358678083191,14.825358678083191,2.191067762399725,14.017807467387266,14.017807467387266,2.0717182436013393,1.057608952938946,"{'bias_segment_0_end': {'mean': 14.017807467387266, 'abs_mean': 14.017807467387266, 'std': 2.0717182436013393}}"
1,249,24.0,True,0.5263157894736842,0.0,2,6,ATTACK,ATTACK,1,24,24,1.0,17,9.281014262310771,9.281014262310771,3.217005627152099,0.800623503329926,0.800623503329926,0.27751388400531646,11.59223308297782,"{'bias_segment_0_end': {'mean': 0.800623503329926, 'abs_mean': 0.800623503329926, 'std': 0.27751388400531646}}"
1,250,9.0,True,0.16666666666666666,0.0,5,6,SWITCH,ATTACK,0,35,22,0.6285714285714286,24,15.778710950039313,15.778710950039313,1.73827271462923,9.78315512038161,9.78315512038161,1.0777681182316239,1.6128448088456597,"{'bias_segment_0_end': {'mean': 9.78315512038161, 'abs_mean': 9.78315512038161, 'std': 1.0777681182316239}}"
1,251,13.0,True,0.030208333333333334,0.0,5,6,SWITCH,ATTACK,0,31,22,0.7096774193548387,21,15.824984146811701,15.824984146811701,2.5928849087083288,19.108724036439032,19.108724036439032,3.130917650159995,0.8281549368044951,"{'bias_segment_0_end': {'mean': 19.108724036439032, 'abs_mean': 19.108724036439032, 'std': 3.130917650159995}}"
1,252,28.0,True,0.5654205607476636,0.0,2,6,ATTACK,ATTACK,1,28,28,1.0,21,6.457289632440291,6.643841934036855,5.267179913529037,0.4863974251637582,0.5004495374771176,0.39675202656917213,13.27574797557014,"{'bias_segment_0_end': {'mean': 0.4863974251637582, 'abs_mean': 0.5004495374771176, 'std': 0.39675202656917213}}"
1,253,10.0,False,0.0,0.06166666666666667,6,3,SWITCH,ATTACK,0,28,19,0.6785714285714286,19,15.289736269343933,15.289736269343933,2.3729841110803056,118.3363268878251,118.3363268878251,18.365929831729094,-0.12920577029433725,"{'bias_segment_0_end': {'mean': 118.3363268878251, 'abs_mean': 118.3363268878251, 'std': 18.365929831729094}}"
1,254,13.0,True,0.36351165980795613,0.0,3,6,SWITCH,ATTACK,0,19,16,0.8421052631578947,11,12.676895897747306,12.676895897747306,1.8696239825626058,3.018516903948102,3.018516903948102,0.44517929632875264,4.199710089801525,"{'bias_segment_0_end': {'mean': 3.018516903948102, 'abs_mean': 3.018516903948102, 'std': 0.44517929632875264}}"
1,255,10.0,False,0.0,0.16666666666666666,6,5,SWITCH,ATTACK,0,28,19,0.6785714285714286,19,16.239509573655024,16.239509573655024,2.289659011878,123.98825633882156,123.98825633882156,17.481490263337253,-0.13097619123925305,"{'bias_segment_0_end': {'mean': 123.98825633882156, 'abs_mean': 123.98825633882156, 'std': 17.481490263337253}}"
1,256,33.0,True,0.5,0.0,3,6,ATTACK,ATTACK,1,35,34,0.9714285714285714,27,5.965443831219147,6.3832400045759154,4.255394666235568,0.40891785359420424,0.43755684832496283,0.2916978019316378,14.588367269331913,"{'bias_segment_0_end': {'mean': 0.40891785359420424, 'abs_mean': 0.43755684832496283, 'std': 0.2916978019316378}}"
1,257,10.0,True,0.06459948320413438,0.0,5,6,SWITCH,ATTACK,0,36,23,0.6388888888888888,26,18.018739454764653,18.018739454764653,2.5179139845477643,337.09909335715724,337.09909335715724,47.10576583191096,-0.05345235217133544,"{'bias_segment_0_end': {'mean': 337.09909335715724, 'abs_mean': 337.09909335715724, 'std': 47.10576583191096}}"
1,258,22.0,True,0.5110677083333334,0.0,2,6,ATTACK,ATTACK,1,22,22,1.0,15,8.646271668377908,8.646271668377908,3.97264377982487,0.8055208431250468,0.8055208431250468,0.3701071964536537,10.733765292570691,"{'bias_segment_0_end': {'mean': 0.8055208431250468, 'abs_mean': 0.8055208431250468, 'std': 0.3701071964536537}}"
1,259,18.0,True,0.4173076923076923,0.0,3,6,SWITCH,ATTACK,0,22,20,0.9090909090909091,14,9.88258469754171,9.88258469754171,3.6005081006422834,1.3724553303693303,1.3724553303693303,0.500024708717514,7.200660363118913,"{'bias_segment_0_end': {'mean': 1.3724553303693303, 'abs_mean': 1.3724553303693303, 'std': 0.500024708717514}}"
1,260,4.0,False,0.0,0.0033333333333333335,6,5,SWITCH,ATTACK,0,44,24,0.5454545454545454,33,20.42332693674274,20.42332693674274,4.1517305490804866,4.287796535142987,4.287796535142987,0.8716393718972488,-4.763128746747231,"{'bias_segment_0_end': {'mean': 4.287796535142987, 'abs_mean': 4.287796535142987, 'std': 0.8716393718972488}}"
1,261,21.0,True,0.5609375,0.0,2,6,ATTACK,ATTACK,1,21,21,1.0,14,11.045901227453923,11.045901227453923,3.67685139285079,1.0723883662893603,1.0723883662893603,0.35696613405051064,10.300280732879038,"{'bias_segment_0_end': {'mean': 1.0723883662893603, 'abs_mean': 1.0723883662893603, 'std': 0.35696613405051064}}"
1,262,20.0,True,0.8333333333333334,0.0,1,6,ATTACK,ATTACK,1,20,20,1.0,14,13.49412787057189,13.49412787057189,3.515325553283959,1.3680269676609806,1.3680269676609806,0.3563816945508463,9.863934110629282,"{'bias_segment_0_end': {'mean': 1.3680269676609806, 'abs_mean': 1.3680269676609806, 'std': 0.3563816945508463}}"
1,263,14.0,True,0.2151702786377709,0.0,4,6,ATTACK,ATTACK,1,22,18,0.8181818181818182,14,11.164398541302115,11.164398541302115,1.8526377769987383,2.1854395819522443,2.1854395819522443,0.3626552665506009,5.108536805821465,"{'bias_segment_0_end': {'mean': 2.1854395819522443, 'abs_mean': 2.1854395819522443, 'std': 0.3626552665506009}}"
1,264,31.0,True,0.6666666666666666,0.0,2,6,ATTACK,ATTACK,1,31,31,1.0,24,7.028151802142254,8.26825902937335,7.4289720114940305,0.4843732293830699,0.5698401856107539,0.5119973594063486,14.509785792856013,"{'bias_segment_0_end': {'mean': 0.4843732293830699, 'abs_mean': 0.5698401856107539, 'std': 0.5119973594063486}}"
1,265,19.0,True,0.16666666666666666,0.0,5,6,SWITCH,ATTACK,0,25,22,0.88,15,8.610145075106274,8.610145075106274,3.3657812737275217,1.2180990461771646,1.2180990461771646,0.47616560736264385,7.068509824490894,"{'bias_segment_0_end': {'mean': 1.2180990461771646, 'abs_mean': 1.2180990461771646, 'std': 0.47616560736264385}}"
1,266,12.0,False,0.0,0.075,6,4,SWITCH,ATTACK,0,24,18,0.75,15,14.981658973762356,14.981658973762356,2.0895133548972114,6.130916201394879,6.130916201394879,0.8550876310164157,2.443624815872348,"{'bias_segment_0_end': {'mean': 6.130916201394879, 'abs_mean': 6.130916201394879, 'std': 0.8550876310164157}}"
1,267,26.0,True,0.1127633209417596,0.0,5,6,SWITCH,ATTACK,0,36,31,0.8611111111111112,26,7.10052167592448,7.377631408001873,5.398249501687396,0.7798731620027763,0.8103090162738362,0.5929071271531231,9.104713460955336,"{'bias_segment_0_end': {'mean': 0.7798731620027763, 'abs_mean': 0.8103090162738362, 'std': 0.5929071271531231}}"
1,268,20.0,True,0.08237547892720307,0.0,5,6,SWITCH,ATTACK,0,28,24,0.8571428571428571,18,10.90738580253245,10.90738580253245,3.174478594493521,1.6395251007940737,1.6395251007940737,0.4771663377302761,6.6527714624495,"{'bias_segment_0_end': {'mean': 1.6395251007940737, 'abs_mean': 1.6395251007940737, 'std': 0.4771663377302761}}"
1,269,7.0,False,0.0,0.155,6,5,SWITCH,ATTACK,0,29,18,0.6206896551724138,19,19.714756904948725,19.714756904948725,1.9807167359913052,8.994216439729051,8.994216439729051,0.9036375703332972,-2.1919371228231896,"{'bias_segment_0_end': {'mean': 8.994216439729051, 'abs_mean': 8.994216439729051, 'std': 0.9036375703332972}}"
1,270,1.0,False,0.0,0.10666666666666667,6,4,SWITCH,ATTACK,0,23,12,0.5217391304347826,15,20.88520320026467,20.88520320026467,2.9682687559195813,5.423018736430581,5.423018736430581,0.7707359571157725,-3.8512135427382392,"{'bias_segment_0_end': {'mean': 5.423018736430581, 'abs_mean': 5.423018736430581, 'std': 0.7707359571157725}}"
1,271,22.0,True,0.34782608695652173,0.0,3,6,SWITCH,ATTACK,0,28,25,0.8928571428571429,20,9.082202862832776,9.112145568145586,4.313479047898527,0.9406447313237842,0.9437459005466537,0.4467474908191763,9.655295522732846,"{'bias_segment_0_end': {'mean': 0.9406447313237842, 'abs_mean': 0.9437459005466537, 'std': 0.4467474908191763}}"
1,272,19.0,True,0.447431302270012,0.0,3,6,ATTACK,ATTACK,1,19,19,1.0,12,7.7970581064957285,7.7970581064957285,3.2465140684578055,0.827300051832022,0.827300051832022,0.34446854447204356,9.424703998542563,"{'bias_segment_0_end': {'mean': 0.827300051832022, 'abs_mean': 0.827300051832022, 'std': 0.34446854447204356}}"
1,273,20.0,False,0.0,0.008333333333333333,6,5,SWITCH,ATTACK,0,30,25,0.8333333333333334,17,8.775877981128364,8.775877981128364,4.119602801265585,1.1694338807311504,1.1694338807311504,0.5489596711935488,7.504381500937472,"{'bias_segment_0_end': {'mean': 1.1694338807311504, 'abs_mean': 1.1694338807311504, 'std': 0.5489596711935488}}"
1,274,9.0,False,0.0,0.11,6,5,SWITCH,ATTACK,0,29,19,0.6551724137931034,19,15.92483587570472,15.92483587570472,1.9653937158892123,29.838153250503176,29.838153250503176,3.6825320744276153,-0.5337071547963905,"{'bias_segment_0_end': {'mean': 29.838153250503176, 'abs_mean': 29.838153250503176, 'std': 3.6825320744276153}}"
1,275,18.0,False,0.0,0.015,6,4,SWITCH,ATTACK,0,28,23,0.8214285714285714,19,10.728445854710497,10.728445854710497,3.5030678911742865,1.9380693538295797,1.9380693538295797,0.6328212507395372,5.535635674498096,"{'bias_segment_0_end': {'mean': 1.9380693538295797, 'abs_mean': 1.9380693538295797, 'std': 0.6328212507395372}}"
1,276,23.0,True,0.16159695817490494,0.0,5,6,SWITCH,ATTACK,0,31,27,0.8709677419354839,19,6.772022250868026,6.79778470513461,4.1225422391511115,0.75048493080547,0.7533399618421973,0.4568658684922923,9.023528618489175,"{'bias_segment_0_end': {'mean': 0.75048493080547, 'abs_mean': 0.7533399618421973, 'std': 0.4568658684922923}}"
1,277,19.0,True,0.16666666666666666,0.0,5,6,SWITCH,ATTACK,0,37,28,0.7567567567567568,27,11.487288001864785,11.487288001864785,3.3472626428789245,2.495426504259532,2.495426504259532,0.7271383736876728,4.603336536763045,"{'bias_segment_0_end': {'mean': 2.495426504259532, 'abs_mean': 2.495426504259532, 'std': 0.7271383736876728}}"
1,278,42.0,True,0.8333333333333334,0.0,1,6,ATTACK,ATTACK,1,42,42,1.0,36,4.251392854048881,10.272210119184535,11.262017094246819,0.22573017300823123,0.5454089628936861,0.5979633391642246,18.83395913533391,"{'bias_segment_0_end': {'mean': 0.22573017300823123, 'abs_mean': 0.5454089628936861, 'std': 0.5979633391642246}}"
1,279,23.0,True,0.41924398625429554,0.0,3,6,ATTACK,ATTACK,1,27,25,0.9259259259259259,18,7.318239067168349,7.318239067168349,2.6258842150332784,0.6382110439952877,0.6382110439952877,0.22899884670419499,11.466801046492675,"{'bias_segment_0_end': {'mean': 0.6382110439952877, 'abs_mean': 0.6382110439952877, 'std': 0.22899884670419499}}"
1,280,17.0,True,0.30087390761548066,0.0,4,6,SWITCH,ATTACK,0,23,20,0.8695652173913043,14,9.511397079920732,9.511397079920732,3.385652327700048,1.5511609669553539,1.5511609669553539,0.552147249692326,6.131792433244287,"{'bias_segment_0_end': {'mean': 1.5511609669553539, 'abs_mean': 1.5511609669553539, 'std': 0.552147249692326}}"
1,281,-10.0,False,0.0,0.049999999999999996,6,5,SWITCH,ATTACK,0,42,16,0.38095238095238093,32,28.05365798756197,28.05365798756197,6.065764542911362,2.3510832964154806,2.3510832964154806,0.5083514493244008,-11.932226318962528,"{'bias_segment_0_end': {'mean': 2.3510832964154806, 'abs_mean': 2.3510832964154806, 'std': 0.5083514493244008}}"
1,282,7.0,False,0.0,0.041666666666666664,6,4,SWITCH,ATTACK,0,27,17,0.6296296296296297,18,15.717655193720615,15.717655193720615,2.788693956999433,12.621849576734771,12.621849576734771,2.239422815106562,-1.245273531281199,"{'bias_segment_0_end': {'mean': 12.621849576734771, 'abs_mean': 12.621849576734771, 'std': 2.239422815106562}}"
1,283,18.0,True,0.32562125107112255,0.0,4,6,SWITCH,ATTACK,0,22,20,0.9090909090909091,13,10.493181180945696,10.493181180945696,3.147305782397758,1.4572526201472797,1.4572526201472797,0.43708571487664577,7.200660363118913,"{'bias_segment_0_end': {'mean': 1.4572526201472797, 'abs_mean': 1.4572526201472797, 'std': 0.43708571487664577}}"
1,284,18.0,True,0.3333333333333333,0.0,4,6,SWITCH,ATTACK,0,24,21,0.875,15,11.24046091179084,11.24046091179084,3.6935551537924876,1.7291060179116984,1.7291060179116984,0.5681749613320658,6.500735521912264,"{'bias_segment_0_end': {'mean': 1.7291060179116984, 'abs_mean': 1.7291060179116984, 'std': 0.5681749613320658}}"
1,285,8.0,True,0.13411458333333334,0.0,5,6,SWITCH,ATTACK,0,24,16,0.6666666666666666,14,17.890788222086705,17.890788222086705,2.3568285116012047,22.190438788953696,22.190438788953696,2.9232395003246783,-0.8062385963720854,"{'bias_segment_0_end': {'mean': 22.190438788953696, 'abs_mean': 22.190438788953696, 'std': 2.9232395003246783}}"
1,286,14.0,False,0.0,0.11166666666666668,6,5,SWITCH,ATTACK,0,30,22,0.7333333333333333,20,13.700491289648635,13.700491289648635,3.129624273438348,6.102602035699661,6.102602035699661,1.3940267584776327,2.2450245337156223,"{'bias_segment_0_end': {'mean': 6.102602035699661, 'abs_mean': 6.102602035699661, 'std': 1.3940267584776327}}"
1,287,14.0,True,0.03776978417266187,0.0,5,6,SWITCH,ATTACK,0,24,19,0.7916666666666666,15,12.574199460908497,12.574199460908497,4.659091262922089,3.7757921884708807,3.7757921884708807,1.3990362130491554,3.330214914714571,"{'bias_segment_0_end': {'mean': 3.7757921884708807, 'abs_mean': 3.7757921884708807, 'std': 1.3990362130491554}}"
1,288,17.0,True,0.3333333333333333,0.0,4,6,ATTACK,ATTACK,1,23,20,0.8695652173913043,14,11.593781637474189,11.593781637474189,1.8864659802000867,1.8695126473393737,1.8695126473393737,0.30419513831104644,6.2014994410302915,"{'bias_segment_0_end': {'mean': 1.8695126473393737, 'abs_mean': 1.8695126473393737, 'std': 0.30419513831104644}}"
1,289,34.0,True,0.31088435374149664,0.0,4,6,ATTACK,ATTACK,1,36,35,0.9722222222222222,27,3.6856046975906915,4.364292054774982,4.38313489666188,0.24527478177247777,0.2904410182747094,0.2916949980991879,15.02643146171276,"{'bias_segment_0_end': {'mean': 0.24527478177247777, 'abs_mean': 0.2904410182747094, 'std': 0.2916949980991879}}"
1,290,14.0,True,0.03785103785103785,0.0,5,6,SWITCH,ATTACK,0,40,27,0.675,30,17.19492095060075,17.19492095060075,2.457267582525088,28.16147057802086,28.16147057802086,4.024459834762254,0.6105832045582464,"{'bias_segment_0_end': {'mean': 28.16147057802086, 'abs_mean': 28.16147057802086, 'std': 4.024459834762254}}"
1,291,13.0,False,0.0,0.05833333333333333,6,4,SWITCH,ATTACK,0,31,22,0.7096774193548387,22,14.249206233187886,14.249206233187886,2.2875605817710185,5.732044188029347,5.732044188029347,0.9202195633161274,2.485885622261175,"{'bias_segment_0_end': {'mean': 5.732044188029347, 'abs_mean': 5.732044188029347, 'std': 0.9202195633161274}}"
1,292,17.0,True,0.4913194444444444,0.0,3,6,ATTACK,ATTACK,1,25,21,0.84,17,10.090883499894751,10.39412751569025,3.958411773192723,1.3330125603435388,1.3730713006816502,0.5229088823325206,7.569983809675559,"{'bias_segment_0_end': {'mean': 1.3330125603435388, 'abs_mean': 1.3730713006816502, 'std': 0.5229088823325206}}"
1,293,31.0,True,0.18070652173913046,0.0,4,6,ATTACK,ATTACK,1,39,35,0.8974358974358975,30,4.695864443025818,5.119494685249262,4.00444056318919,0.36065259517143466,0.39318831848812835,0.307549738465907,13.02046486257408,"{'bias_segment_0_end': {'mean': 0.36065259517143466, 'abs_mean': 0.39318831848812835, 'std': 0.307549738465907}}"
1,294,22.0,True,0.4156939040207523,0.0,3,6,SWITCH,ATTACK,0,26,24,0.9230769230769231,16,9.308560053234546,9.308560053234546,4.262938083870338,1.0387232409809242,1.0387232409809242,0.4756925708439899,8.961540173534535,"{'bias_segment_0_end': {'mean': 1.0387232409809242, 'abs_mean': 1.0387232409809242, 'std': 0.4756925708439899}}"
1,295,5.0,False,0.0,0.06333333333333334,6,4,SWITCH,ATTACK,0,27,16,0.5925925925925926,18,18.213866526483994,18.213866526483994,3.000380865219739,8.490096311679542,8.490096311679542,1.3985785215015185,-2.145307409696611,"{'bias_segment_0_end': {'mean': 8.490096311679542, 'abs_mean': 8.490096311679542, 'std': 1.3985785215015185}}"
1,296,15.0,True,0.08062770562770563,0.0,5,6,SWITCH,ATTACK,0,27,21,0.7777777777777778,17,12.659409531701453,12.659409531701453,3.652455459367388,3.8560215502628004,3.8560215502628004,1.1125279522261218,3.283023542967148,"{'bias_segment_0_end': {'mean': 3.8560215502628004, 'abs_mean': 3.8560215502628004, 'std': 1.1125279522261218}}"
1,297,20.0,True,0.27173913043478265,0.0,4,6,ATTACK,ATTACK,1,26,23,0.8846153846153846,18,8.50990631836184,8.50990631836184,2.4981375122408496,0.9825827744114422,0.9825827744114422,0.28844346762579026,8.660752600165615,"{'bias_segment_0_end': {'mean': 0.9825827744114422, 'abs_mean': 0.9825827744114422, 'std': 0.28844346762579026}}"
1,298,2.0,True,0.19188191881918817,0.0,4,6,SWITCH,ATTACK,0,40,21,0.525,32,20.403220707641914,20.403220707641914,2.100159316546486,4.089379974875074,4.089379974875074,0.4209310665308739,-4.989318877922369,"{'bias_segment_0_end': {'mean': 4.089379974875074, 'abs_mean': 4.089379974875074, 'std': 0.4209310665308739}}"
1,299,22.0,True,0.18358395989974938,0.0,4,6,ATTACK,ATTACK,1,28,25,0.8928571428571429,19,6.983447939857525,6.983447939857525,3.1691709412603504,0.7528895871087938,0.7528895871087938,0.34167016379180903,9.275527327552753,"{'bias_segment_0_end': {'mean': 0.7528895871087938, 'abs_mean': 0.7528895871087938, 'std': 0.34167016379180903}}"
1,300,21.0,True,0.2099737532808399,0.0,4,6,ATTACK,ATTACK,1,27,24,0.8888888888888888,17,8.301374699564104,8.301374699564104,2.388128135126884,0.8779425567146232,0.8779425567146232,0.25256531557664946,9.455487305033879,"{'bias_segment_0_end': {'mean': 0.8779425567146232, 'abs_mean': 0.8779425567146232, 'std': 0.25256531557664946}}"
1,301,20.0,True,0.48333333333333334,0.0,3,6,ATTACK,ATTACK,1,28,24,0.8571428571428571,20,10.762320184234822,10.762320184234822,2.760052339448378,1.2767369623263642,1.2767369623263642,0.32742575758812886,8.429551663190367,"{'bias_segment_0_end': {'mean': 1.2767369623263642, 'abs_mean': 1.2767369623263642, 'std': 0.32742575758812886}}"
1,302,21.0,True,0.29150326797385623,0.0,4,6,ATTACK,ATTACK,1,29,25,0.8620689655172413,20,8.996160601542242,8.996160601542242,3.3775439695956466,1.15612986390994,1.15612986390994,0.4340606646405387,7.781271708627899,"{'bias_segment_0_end': {'mean': 1.15612986390994, 'abs_mean': 1.15612986390994, 'std': 0.4340606646405387}}"
1,303,17.0,True,0.1390625,0.0,5,6,SWITCH,ATTACK,0,29,23,0.7931034482758621,19,11.46201107053137,11.46201107053137,4.1375440869559865,2.605508055062441,2.605508055062441,0.9405334177748291,4.399146280995351,"{'bias_segment_0_end': {'mean': 2.605508055062441, 'abs_mean': 2.605508055062441, 'std': 0.9405334177748291}}"
1,304,18.0,True,0.4073446327683616,0.0,3,6,ATTACK,ATTACK,1,22,20,0.9090909090909091,14,9.488523958366875,9.488523958366875,2.932334522128104,1.2654590378936708,1.2654590378936708,0.3910776048452224,7.498088578323578,"{'bias_segment_0_end': {'mean': 1.2654590378936708, 'abs_mean': 1.2654590378936708, 'std': 0.3910776048452224}}"
1,305,6.0,True,0.12022703818369453,0.0,5,6,SWITCH,ATTACK,0,42,24,0.5714285714285714,32,16.877373095173454,16.877373095173454,2.2839445917288987,10.366805069516557,10.366805069516557,1.4028965431119857,-1.628020685447354,"{'bias_segment_0_end': {'mean': 10.366805069516557, 'abs_mean': 10.366805069516557, 'std': 1.4028965431119857}}"
1,306,5.0,False,0.0,0.0,6,5,SWITCH,ATTACK,0,25,15,0.6,16,20.332283493661787,20.332283493661787,1.7642980553662493,7.682170637404085,7.682170637404085,0.6666068137791226,-2.646684700632002,"{'bias_segment_0_end': {'mean': 7.682170637404085, 'abs_mean': 7.682170637404085, 'std': 0.6666068137791226}}"
1,307,16.0,False,0.0,0.041666666666666664,6,5,SWITCH,ATTACK,0,38,27,0.7105263157894737,28,14.876984457665966,14.876984457665966,4.991828081113769,7.234472175716458,7.234472175716458,2.4274570872572787,2.0564021944272173,"{'bias_segment_0_end': {'mean': 7.234472175716458, 'abs_mean': 7.234472175716458, 'std': 2.4274570872572787}}"
1,308,19.0,True,0.33600830179230107,0.0,3,6,ATTACK,ATTACK,1,25,22,0.88,16,10.59784641433537,10.59784641433537,2.181608628874134,1.4095173055145898,1.4095173055145898,0.2901547159712157,7.518777082673906,"{'bias_segment_0_end': {'mean': 1.4095173055145898, 'abs_mean': 1.4095173055145898, 'std': 0.2901547159712157}}"
1,309,-4.0,True,0.12987012987012989,0.0,5,6,SWITCH,ATTACK,0,36,16,0.4444444444444444,26,23.492923943463897,23.492923943463897,3.4398355294275755,2.8007680124481857,2.8007680124481857,0.41008864380135635,-8.388029225929515,"{'bias_segment_0_end': {'mean': 2.8007680124481857, 'abs_mean': 2.8007680124481857, 'std': 0.41008864380135635}}"
1,310,10.0,True,0.07021738295502554,0.0,4,6,SWITCH,ATTACK,0,60,35,0.5833333333333334,36,20.87601786725766,20.87601786725766,5.710358953043099,4.080578050070629,4.080578050070629,1.1161882285202767,-5.115946224064094,"{'bias_segment_0_end': {'mean': 4.080578050070629, 'abs_mean': 4.080578050070629, 'std': 1.1161882285202767}}"
1,311,20.0,True,0.23958333333333334,0.0,4,6,SWITCH,ATTACK,0,28,24,0.8571428571428571,19,10.89443283988679,10.89443283988679,2.55001148361371,1.546012342130546,1.546012342130546,0.36186823896033016,7.046795515793403,"{'bias_segment_0_end': {'mean': 1.546012342130546, 'abs_mean': 1.546012342130546, 'std': 0.36186823896033016}}"
1,312,20.0,True,0.31690140845070425,0.0,4,6,ATTACK,ATTACK,1,24,22,0.9166666666666666,15,8.023962274962587,8.023962274962587,3.0208548073995245,0.9216407071756256,0.9216407071756256,0.3469785457060324,8.706171735352354,"{'bias_segment_0_end': {'mean': 0.9216407071756256, 'abs_mean': 0.9216407071756256, 'std': 0.3469785457060324}}"
1,313,14.0,True,0.0900900900900901,0.0,5,6,SWITCH,ATTACK,0,28,21,0.75,19,13.62833430864425,13.62833430864425,3.222339279728679,6.266842662382987,6.266842662382987,1.4817579913685757,2.174673123748416,"{'bias_segment_0_end': {'mean': 6.266842662382987, 'abs_mean': 6.266842662382987, 'std': 1.4817579913685757}}"
1,314,22.0,True,0.3333333333333333,0.0,4,6,SWITCH,ATTACK,0,26,24,0.9230769230769231,18,8.547740911553168,8.547740911553168,4.379788631257532,0.9538249838790646,0.9538249838790646,0.4887316852288452,8.961540173534535,"{'bias_segment_0_end': {'mean': 0.9538249838790646, 'abs_mean': 0.9538249838790646, 'std': 0.4887316852288452}}"
1,315,21.0,True,0.046975546975546977,0.0,5,6,SWITCH,ATTACK,0,33,27,0.8181818181818182,23,12.391295647649613,12.391295647649613,4.216484208531793,2.1652382317886385,2.1652382317886385,0.7367827442465891,5.722832465143355,"{'bias_segment_0_end': {'mean': 2.1652382317886385, 'abs_mean': 2.1652382317886385, 'std': 0.7367827442465891}}"
1,316,19.0,True,0.02734778121775026,0.0,5,6,SWITCH,ATTACK,0,27,23,0.8518518518518519,17,9.979390842656377,9.979390842656377,3.3582731560104624,1.50278909786615,1.50278909786615,0.5057198746978517,6.640579743908428,"{'bias_segment_0_end': {'mean': 1.50278909786615, 'abs_mean': 1.50278909786615, 'std': 0.5057198746978517}}"
1,317,27.0,True,0.022506082725060828,0.0,5,6,SWITCH,ATTACK,0,43,35,0.813953488372093,33,7.69437500232844,7.796382355831045,5.41764748216284,0.895050832558317,0.9069168732246412,0.63020971657216,8.5965787890903,"{'bias_segment_0_end': {'mean': 0.895050832558317, 'abs_mean': 0.9069168732246412, 'std': 0.63020971657216}}"
1,318,6.0,False,0.0,0.13833333333333334,6,5,SWITCH,ATTACK,0,28,17,0.6071428571428571,18,18.810429301127687,18.810429301127687,2.579735394744142,7.73495106153836,7.73495106153836,1.060801256081276,-2.4318743779338905,"{'bias_segment_0_end': {'mean': 7.73495106153836, 'abs_mean': 7.73495106153836, 'std': 1.060801256081276}}"
1,319,20.0,True,0.5,0.0,3,6,ATTACK,ATTACK,1,20,20,1.0,12,8.560707784664908,8.560707784664908,2.436791827019832,0.8678796602503629,0.8678796602503629,0.2470405620810026,9.863934110629282,"{'bias_segment_0_end': {'mean': 0.8678796602503629, 'abs_mean': 0.8678796602503629, 'std': 0.2470405620810026}}"
1,320,22.0,True,0.07017543859649122,0.0,5,6,SWITCH,ATTACK,0,28,25,0.8928571428571429,17,6.973639868416376,6.973639868416376,4.4454901500983555,0.8292803994522389,0.8292803994522389,0.5286418451476084,8.409266483354298,"{'bias_segment_0_end': {'mean': 0.8292803994522389, 'abs_mean': 0.8292803994522389, 'std': 0.5286418451476084}}"
1,321,14.0,False,0.0,0.0033333333333333335,6,5,SWITCH,ATTACK,0,26,20,0.7692307692307693,16,12.190528383092557,12.190528383092557,3.123701035074453,3.756096625817362,3.756096625817362,0.9624622123991059,3.245531091852511,"{'bias_segment_0_end': {'mean': 3.756096625817362, 'abs_mean': 3.756096625817362, 'std': 0.9624622123991059}}"
1,322,11.0,True,0.16977611940298507,0.0,4,6,SWITCH,ATTACK,0,27,19,0.7037037037037037,18,14.407854300969317,14.407854300969317,2.027438672045114,7.0231898052036525,7.0231898052036525,0.9882864106437357,2.051468734376819,"{'bias_segment_0_end': {'mean': 7.0231898052036525, 'abs_mean': 7.0231898052036525, 'std': 0.9882864106437357}}"
1,323,29.0,True,0.2903030303030303,0.0,4,6,ATTACK,ATTACK,1,33,31,0.9393939393939394,24,6.142828073208178,6.186285884617192,2.646700428254208,0.48271239284703554,0.486127371075815,0.20798158138985987,12.725648158684727,"{'bias_segment_0_end': {'mean': 0.48271239284703554, 'abs_mean': 0.486127371075815, 'std': 0.20798158138985987}}"
1,324,21.0,True,0.24500525762355416,0.0,4,6,ATTACK,SWITCH,0,31,26,0.8387096774193549,22,11.304090462618493,11.304090462618493,4.396725763272729,1.7783565346773127,1.7783565346773127,0.6916917392121578,6.356481527856083,"{'bias_segment_0_end': {'mean': 1.7783565346773127, 'abs_mean': 1.7783565346773127, 'std': 0.6916917392121578}}"
1,325,27.0,True,0.4278911564625851,0.0,3,6,ATTACK,ATTACK,1,31,29,0.9354838709677419,23,6.4911778318815205,6.574898122462872,4.25641550089655,0.5745848969527151,0.5819956343847217,0.3767686120011421,11.29716055243914,"{'bias_segment_0_end': {'mean': 0.5745848969527151, 'abs_mean': 0.5819956343847217, 'std': 0.3767686120011421}}"
1,326,17.0,True,0.3203578401219545,0.0,3,6,SWITCH,ATTACK,0,29,23,0.7931034482758621,20,11.744091016101454,11.744091016101454,2.970438879434541,2.4771487499801643,2.4771487499801643,0.626546485972856,4.740971254227463,"{'bias_segment_0_end': {'mean': 2.4771487499801643, 'abs_mean': 2.4771487499801643, 'std': 0.626546485972856}}"
1,327,13.0,False,0.0,0.049999999999999996,6,4,SWITCH,ATTACK,0,21,17,0.8095238095238095,15,12.65715667340024,12.65715667340024,1.8065671217933,3.5133106499223636,3.5133106499223636,0.5014579239691845,3.6026295237171615,"{'bias_segment_0_end': {'mean': 3.5133106499223636, 'abs_mean': 3.5133106499223636, 'std': 0.5014579239691845}}"
1,328,14.0,True,0.20213799805636543,0.0,4,6,SWITCH,ATTACK,0,22,18,0.8181818181818182,14,13.950961317531123,13.950961317531123,2.477925359231791,3.518541954517452,3.518541954517452,0.6249522264579483,3.9649836488717995,"{'bias_segment_0_end': {'mean': 3.518541954517452, 'abs_mean': 3.518541954517452, 'std': 0.6249522264579483}}"
1,329,35.0,True,0.3619465329991646,0.0,3,6,ATTACK,ATTACK,1,37,36,0.972972972972973,28,3.492776169068325,6.158655055081885,6.362839893217753,0.2282313997310063,0.40243015745744465,0.4157723784174636,15.303661867669891,"{'bias_segment_0_end': {'mean': 0.2282313997310063, 'abs_mean': 0.40243015745744465, 'std': 0.4157723784174636}}"
1,330,12.0,True,0.16666666666666666,0.0,5,6,SWITCH,ATTACK,0,24,18,0.75,15,14.567371365435747,14.567371365435747,2.8857908083759005,6.111955948757708,6.111955948757708,1.210776182995717,2.383422179015648,"{'bias_segment_0_end': {'mean': 6.111955948757708, 'abs_mean': 6.111955948757708, 'std': 1.210776182995717}}"
1,331,18.0,True,0.16666666666666666,0.0,5,6,SWITCH,ATTACK,0,24,21,0.875,14,9.42185149205938,9.42185149205938,3.2193331688438325,1.464553605621342,1.464553605621342,0.5004203265250213,6.433258199560492,"{'bias_segment_0_end': {'mean': 1.464553605621342, 'abs_mean': 1.464553605621342, 'std': 0.5004203265250213}}"
1,332,14.0,True,0.20319634703196346,0.0,4,6,ATTACK,ATTACK,1,18,16,0.8888888888888888,11,11.667694003349345,11.667694003349345,1.373018546828797,1.9539876219368293,1.9539876219368293,0.22993928743957603,5.971222065257561,"{'bias_segment_0_end': {'mean': 1.9539876219368293, 'abs_mean': 1.9539876219368293, 'std': 0.22993928743957603}}"
1,333,22.0,True,0.46546052631578944,0.0,3,6,SWITCH,ATTACK,0,24,23,0.9583333333333334,17,7.231846890123236,7.231846890123236,3.7937315144535466,0.7374756703049101,0.7374756703049101,0.38687001178074104,9.806217589704646,"{'bias_segment_0_end': {'mean': 0.7374756703049101, 'abs_mean': 0.7374756703049101, 'std': 0.38687001178074104}}"
1,334,24.0,True,0.47425997425997424,0.0,3,6,SWITCH,ATTACK,0,26,25,0.9615384615384616,16,7.459479268754668,7.53984127305633,4.266729590442976,0.6990679649838468,0.7065991210853857,0.3998582024915647,10.670606639694945,"{'bias_segment_0_end': {'mean': 0.6990679649838468, 'abs_mean': 0.7065991210853857, 'std': 0.3998582024915647}}"
1,335,3.0,False,0.0,0.11833333333333333,6,5,SWITCH,ATTACK,0,23,13,0.5652173913043478,14,18.65931390442576,18.65931390442576,1.3198247489290136,7.105047980584414,7.105047980584414,0.5025596447508829,-2.626205193183082,"{'bias_segment_0_end': {'mean': 7.105047980584414, 'abs_mean': 7.105047980584414, 'std': 0.5025596447508829}}"
1,336,26.0,True,0.5568181818181818,0.0,2,6,ATTACK,ATTACK,1,26,26,1.0,19,7.592702961250941,7.592702961250941,3.6728629361607177,0.6103701590222353,0.6103701590222353,0.2952579530441609,12.439505518116826,"{'bias_segment_0_end': {'mean': 0.6103701590222353, 'abs_mean': 0.6103701590222353, 'std': 0.2952579530441609}}"
1,337,10.0,True,0.2215909090909091,0.0,4,6,ATTACK,ATTACK,1,24,17,0.7083333333333334,15,14.023121720564058,14.023121720564058,2.043766675048827,4.680856033856716,4.680856033856716,0.6822002806029113,2.995845550287077,"{'bias_segment_0_end': {'mean': 4.680856033856716, 'abs_mean': 4.680856033856716, 'std': 0.6822002806029113}}"
1,338,19.0,True,0.3333333333333333,0.0,4,6,ATTACK,ATTACK,1,27,23,0.8518518518518519,18,9.722639235118491,9.722639235118491,3.0371532007639,1.3908657211574649,1.3908657211574649,0.4344779410911366,6.9903507486167715,"{'bias_segment_0_end': {'mean': 1.3908657211574649, 'abs_mean': 1.3908657211574649, 'std': 0.4344779410911366}}"
1,339,10.0,False,0.0,0.021666666666666667,6,3,SWITCH,ATTACK,0,26,18,0.6923076923076923,18,16.825836830731173,16.825836830731173,2.496477150983972,89.23420640895665,89.23420640895665,13.239826323483204,0.18855814947934949,"{'bias_segment_0_end': {'mean': 89.23420640895665, 'abs_mean': 89.23420640895665, 'std': 13.239826323483204}}"
1,340,7.0,False,0.0,0.15166666666666667,6,5,SWITCH,ATTACK,0,23,15,0.6521739130434783,14,14.644145621760591,14.644145621760591,1.791793653156835,47.9342683649256,47.9342683649256,5.865027570974417,0.3055047280637329,"{'bias_segment_0_end': {'mean': 47.9342683649256, 'abs_mean': 47.9342683649256, 'std': 5.865027570974417}}"
1,341,25.0,True,0.12997512437810946,0.0,5,6,SWITCH,ATTACK,0,33,29,0.8787878787878788,23,8.460548886298042,8.460548886298042,4.235232520191886,0.947900315987297,0.947900315987297,0.47450564947047597,8.92556816745636,"{'bias_segment_0_end': {'mean': 0.947900315987297, 'abs_mean': 0.947900315987297, 'std': 0.47450564947047597}}"
1,342,18.0,True,0.14143007360672977,0.0,5,6,SWITCH,ATTACK,0,26,22,0.8461538461538461,16,9.548986194614834,9.548986194614834,2.450379899539371,1.2512190629973963,1.2512190629973963,0.3210772305460406,7.631746092278571,"{'bias_segment_0_end': {'mean': 1.2512190629973963, 'abs_mean': 1.2512190629973963, 'std': 0.3210772305460406}}"
1,343,10.0,True,0.6666666666666666,0.0,2,6,ATTACK,SWITCH,0,14,12,0.8571428571428571,9,14.795433638002615,14.795433638002615,2.232521548919456,4.01351176073339,4.01351176073339,0.605609251604781,3.686405950707626,"{'bias_segment_0_end': {'mean': 4.01351176073339, 'abs_mean': 4.01351176073339, 'std': 0.605609251604781}}"
1,344,16.0,True,0.24828532235939646,0.0,4,6,SWITCH,ATTACK,0,22,19,0.8636363636363636,14,10.336106934995117,10.336106934995117,2.394416710643127,1.6113776332537688,1.6113776332537688,0.3732845989776149,6.414453522061101,"{'bias_segment_0_end': {'mean': 1.6113776332537688, 'abs_mean': 1.6113776332537688, 'std': 0.3732845989776149}}"
1,345,13.0,True,0.056487695749440715,0.0,5,6,SWITCH,ATTACK,0,27,20,0.7407407407407407,16,13.821523373187578,13.821523373187578,2.3033791069856955,6.334211838876329,6.334211838876329,1.0556065937849186,2.182043121506886,"{'bias_segment_0_end': {'mean': 6.334211838876329, 'abs_mean': 6.334211838876329, 'std': 1.0556065937849186}}"
1,346,9.0,True,0.12992125984251968,0.0,5,6,SWITCH,ATTACK,0,29,19,0.6551724137931034,19,15.877551769847038,15.877551769847038,2.6916879497002166,50.61989748941381,50.61989748941381,8.581484731548636,-0.313662266368033,"{'bias_segment_0_end': {'mean': 50.61989748941381, 'abs_mean': 50.61989748941381, 'std': 8.581484731548636}}"
1,347,4.0,False,0.0,0.021666666666666667,6,4,SWITCH,ATTACK,0,22,13,0.5909090909090909,14,16.739799076507097,16.739799076507097,2.1395295550860465,12.884621222656818,12.884621222656818,1.6467956267558304,-1.2992076978616323,"{'bias_segment_0_end': {'mean': 12.884621222656818, 'abs_mean': 12.884621222656818, 'std': 1.6467956267558304}}"
1,348,9.0,False,0.0,0.07166666666666667,6,3,SWITCH,ATTACK,0,29,19,0.6551724137931034,21,15.415970910355501,15.415970910355501,4.59905559680832,66.22416571610209,66.22416571610209,19.756693999468474,-0.23278467525650054,"{'bias_segment_0_end': {'mean': 66.22416571610209, 'abs_mean': 66.22416571610209, 'std': 19.756693999468474}}"
1,349,22.0,True,0.38405797101449274,0.0,3,6,ATTACK,ATTACK,1,24,23,0.9583333333333334,17,9.413548639829871,9.413548639829871,2.0385088189847878,0.928024874161609,0.928024874161609,0.20096426571923223,10.143638281607709,"{'bias_segment_0_end': {'mean': 0.928024874161609, 'abs_mean': 0.928024874161609, 'std': 0.20096426571923223}}"
1,350,8.0,True,0.034722222222222224,0.0,5,6,SWITCH,ATTACK,0,24,16,0.6666666666666666,15,16.493897343409337,16.493897343409337,2.086045559691088,20.45783644894777,20.45783644894777,2.5873799258406645,-0.8062385963720854,"{'bias_segment_0_end': {'mean': 20.45783644894777, 'abs_mean': 20.45783644894777, 'std': 2.5873799258406645}}"
1,351,7.0,False,0.0,0.16666666666666666,6,3,SWITCH,ATTACK,0,25,16,0.64,17,18.31899532921276,18.31899532921276,2.525306588505019,12.579285487903075,12.579285487903075,1.7340772215073401,-1.4562826598402034,"{'bias_segment_0_end': {'mean': 12.579285487903075, 'abs_mean': 12.579285487903075, 'std': 1.7340772215073401}}"
1,352,21.0,True,0.3990885416666667,0.0,3,6,ATTACK,ATTACK,1,21,21,1.0,13,8.691284290270724,8.691284290270724,2.624554814542541,0.8437910107175709,0.8437910107175709,0.25480420219662786,10.300280732879038,"{'bias_segment_0_end': {'mean': 0.8437910107175709, 'abs_mean': 0.8437910107175709, 'std': 0.25480420219662786}}"
1,353,19.0,True,0.4291044776119403,0.0,3,6,ATTACK,ATTACK,1,27,23,0.8518518518518519,19,11.38467391787402,11.38467391787402,2.8094316057946895,1.6150312531369724,1.6150312531369724,0.3985463158312852,7.049197280709512,"{'bias_segment_0_end': {'mean': 1.6150312531369724, 'abs_mean': 1.6150312531369724, 'std': 0.3985463158312852}}"
1,354,23.0,True,0.1435897435897436,0.0,5,6,SWITCH,ATTACK,0,31,27,0.8709677419354839,19,8.37826557840683,8.37826557840683,4.460604255755296,1.0356977684088202,1.0356977684088202,0.551407427970209,8.089488877897905,"{'bias_segment_0_end': {'mean': 1.0356977684088202, 'abs_mean': 1.0356977684088202, 'std': 0.551407427970209}}"
1,355,21.0,True,0.2353286384976526,0.0,4,6,ATTACK,ATTACK,1,21,21,1.0,12,7.7149559854349965,7.7149559854349965,1.6938158895010023,0.7490044383750097,0.7490044383750097,0.16444366259787974,10.300280732879038,"{'bias_segment_0_end': {'mean': 0.7490044383750097, 'abs_mean': 0.7490044383750097, 'std': 0.16444366259787974}}"
1,356,16.0,True,0.3333333333333333,0.0,4,6,ATTACK,ATTACK,1,22,19,0.8636363636363636,13,10.626187409278048,10.626187409278048,2.6382014481284664,1.5201095241647729,1.5201095241647729,0.3774030132824322,6.990409072738775,"{'bias_segment_0_end': {'mean': 1.5201095241647729, 'abs_mean': 1.5201095241647729, 'std': 0.3774030132824322}}"
1,357,24.0,True,0.20691609977324263,0.0,4,6,SWITCH,ATTACK,0,30,27,0.9,20,7.4465559802227945,7.4465559802227945,3.847465222624324,0.7787542320403842,0.7787542320403842,0.402364506854516,9.562138700309026,"{'bias_segment_0_end': {'mean': 0.7787542320403842, 'abs_mean': 0.7787542320403842, 'std': 0.402364506854516}}"
1,358,24.0,True,0.3333333333333333,0.0,4,6,SWITCH,ATTACK,0,30,27,0.9,21,8.03659225144882,8.038192907217514,3.9038717799418476,0.845183366128982,0.8453517021087446,0.410558031149629,9.508696661006422,"{'bias_segment_0_end': {'mean': 0.845183366128982, 'abs_mean': 0.8453517021087446, 'std': 0.410558031149629}}"
1,359,25.0,True,0.39195402298850573,0.0,3,6,ATTACK,ATTACK,1,25,25,1.0,17,6.947836435017957,6.947836435017957,3.987959785496286,0.578154871004365,0.578154871004365,0.3318527137071616,12.017258322062121,"{'bias_segment_0_end': {'mean': 0.578154871004365, 'abs_mean': 0.578154871004365, 'std': 0.3318527137071616}}"
1,360,6.0,True,0.3333333333333333,0.0,4,6,ATTACK,ATTACK,1,48,27,0.5625,37,14.321442818573521,14.321442818573521,5.942203627226506,99.15675270700886,99.15675270700886,41.14177761722736,0.14443235006788616,"{'bias_segment_0_end': {'mean': 99.15675270700886, 'abs_mean': 99.15675270700886, 'std': 41.14177761722736}}"
1,361,26.0,True,0.323943661971831,0.0,4,6,ATTACK,ATTACK,1,38,32,0.8421052631578947,29,7.492901967249592,7.5007511536074745,4.2904386576970035,0.8281359240472597,0.8290034374921058,0.4741909607105418,9.047913210467115,"{'bias_segment_0_end': {'mean': 0.8281359240472597, 'abs_mean': 0.8290034374921058, 'std': 0.4741909607105418}}"
1,362,13.0,True,0.07386888273314866,0.0,5,6,SWITCH,ATTACK,0,25,19,0.76,17,14.86198759818325,14.86198759818325,1.418067170156088,4.999605921875084,4.999605921875084,0.4770409727966456,2.9726318094705584,"{'bias_segment_0_end': {'mean': 4.999605921875084, 'abs_mean': 4.999605921875084, 'std': 0.4770409727966456}}"
1,363,18.0,True,0.28571428571428575,0.0,4,6,ATTACK,ATTACK,1,24,21,0.875,15,8.156257687242947,8.156257687242947,2.5026552364036974,0.9624239184628486,0.9624239184628486,0.29530887222316243,8.474703850118198,"{'bias_segment_0_end': {'mean': 0.9624239184628486, 'abs_mean': 0.9624239184628486, 'std': 0.29530887222316243}}"
1,364,23.0,True,0.5,0.0,3,6,ATTACK,ATTACK,1,23,23,1.0,15,7.1703400507925155,7.1703400507925155,3.901259743152664,0.6422498513672147,0.6422498513672147,0.3494371916026161,11.164409046616939,"{'bias_segment_0_end': {'mean': 0.6422498513672147, 'abs_mean': 0.6422498513672147, 'std': 0.3494371916026161}}"
1,365,3.0,False,0.0,0.049999999999999996,6,4,SWITCH,ATTACK,0,29,16,0.5517241379310345,20,15.82179238912869,15.82179238912869,3.5627266058597615,16.293774465768124,16.293774465768124,3.6690067959024306,0.9710329808706368,"{'bias_segment_0_end': {'mean': 16.293774465768124, 'abs_mean': 16.293774465768124, 'std': 3.6690067959024306}}"
1,366,16.0,True,0.3333333333333333,0.0,4,6,SWITCH,ATTACK,0,24,20,0.8333333333333334,17,13.236011893766042,13.236011893766042,1.9585712141318974,2.297722509064673,2.297722509064673,0.34000068906227987,5.7604918964535825,"{'bias_segment_0_end': {'mean': 2.297722509064673, 'abs_mean': 2.297722509064673, 'std': 0.34000068906227987}}"
1,367,22.0,True,0.08428390367553866,0.0,5,6,SWITCH,ATTACK,0,26,24,0.9230769230769231,17,8.452369885293965,8.452369885293965,3.1665917899155835,0.9431827254712014,0.9431827254712014,0.35335352278699245,8.961540173534535,"{'bias_segment_0_end': {'mean': 0.9431827254712014, 'abs_mean': 0.9431827254712014, 'std': 0.35335352278699245}}"
1,368,19.0,True,0.21272727272727274,0.0,4,6,ATTACK,SWITCH,0,23,21,0.9130434782608695,15,9.990161855636224,9.990161855636224,1.8140727029861952,1.2830381423777613,1.2830381423777613,0.23298165781613195,7.786332709581167,"{'bias_segment_0_end': {'mean': 1.2830381423777613, 'abs_mean': 1.2830381423777613, 'std': 0.23298165781613195}}"
1,369,18.0,True,0.15024330900243307,0.0,5,6,SWITCH,ATTACK,0,28,23,0.8214285714285714,18,11.299355322119156,11.299355322119156,3.6815623978811796,2.205842091602309,2.205842091602309,0.7187087288253872,5.122467906989381,"{'bias_segment_0_end': {'mean': 2.205842091602309, 'abs_mean': 2.205842091602309, 'std': 0.7187087288253872}}"
1,370,18.0,False,0.0,0.034999999999999996,6,5,SWITCH,ATTACK,0,36,27,0.75,26,13.816564286174135,13.816564286174135,4.38492457007577,4.979197006942263,4.979197006942263,1.58023390205892,2.7748579272742853,"{'bias_segment_0_end': {'mean': 4.979197006942263, 'abs_mean': 4.979197006942263, 'std': 1.58023390205892}}"
1,371,29.0,True,0.3333333333333333,0.0,4,6,ATTACK,ATTACK,1,29,29,1.0,19,5.2607849298708915,5.327283184457233,3.3926308561395007,0.38428546118231854,0.3891429706171622,0.2478220893939734,13.689783926993247,"{'bias_segment_0_end': {'mean': 0.38428546118231854, 'abs_mean': 0.3891429706171622, 'std': 0.2478220893939734}}"
1,372,6.0,True,0.29044117647058826,0.0,4,6,SWITCH,ATTACK,0,28,17,0.6071428571428571,19,16.620313236889327,16.620313236889327,1.7853522448059063,12.694785669449425,12.694785669449425,1.36367249938325,-1.3092236190239006,"{'bias_segment_0_end': {'mean': 12.694785669449425, 'abs_mean': 12.694785669449425, 'std': 1.36367249938325}}"
1,373,7.0,True,0.1251700680272109,0.0,5,6,SWITCH,ATTACK,0,35,21,0.6,25,16.351743080071227,16.351743080071227,3.9890761420128755,6.73335901609291,6.73335901609291,1.642631105147386,-2.4284674322266366,"{'bias_segment_0_end': {'mean': 6.73335901609291, 'abs_mean': 6.73335901609291, 'std': 1.642631105147386}}"
1,374,3.0,True,0.05515151515151515,0.0,5,6,SWITCH,ATTACK,0,29,16,0.5517241379310345,19,18.24846397914492,18.24846397914492,2.4389748484878466,4.316340575436968,4.316340575436968,0.576894916362797,-4.227762768070619,"{'bias_segment_0_end': {'mean': 4.316340575436968, 'abs_mean': 4.316340575436968, 'std': 0.576894916362797}}"
1,375,25.0,False,0.0,0.16666666666666666,6,5,SWITCH,ATTACK,0,31,28,0.9032258064516129,21,7.23762706774395,7.267016602560386,4.776447728300925,0.7562761120752529,0.7593470914057207,0.4991018856980284,9.570085517951377,"{'bias_segment_0_end': {'mean': 0.7562761120752529, 'abs_mean': 0.7593470914057207, 'std': 0.4991018856980284}}"
1,376,20.0,True,0.7130325814536341,0.0,1,6,SWITCH,ATTACK,0,24,22,0.9166666666666666,18,13.512550710529927,13.512550710529927,4.56796110410067,1.51247992990588,1.51247992990588,0.5112986910131652,8.93403637519395,"{'bias_segment_0_end': {'mean': 1.51247992990588, 'abs_mean': 1.51247992990588, 'std': 0.5112986910131652}}"
1,377,9.0,True,0.07827323554049052,0.0,4,6,SWITCH,ATTACK,0,31,20,0.6451612903225806,18,14.641605506285362,14.641605506285362,1.7606029370917282,12.725417601660773,12.725417601660773,1.5301879015648212,1.150579569536053,"{'bias_segment_0_end': {'mean': 12.725417601660773, 'abs_mean': 12.725417601660773, 'std': 1.5301879015648212}}"
1,378,27.0,True,0.36832740213523135,0.0,3,6,ATTACK,ATTACK,1,27,27,1.0,20,4.863278000854077,5.020238523152546,4.492450208853105,0.3782004660778898,0.3904067480709581,0.3493624593374213,12.858995260604708,"{'bias_segment_0_end': {'mean': 0.3782004660778898, 'abs_mean': 0.3904067480709581, 'std': 0.3493624593374213}}"
1,379,22.0,True,0.2832744405182568,0.0,4,6,SWITCH,ATTACK,0,28,25,0.8928571428571429,19,8.48379512319393,8.48379512319393,4.309133845163622,1.0366772205024823,1.0366772205024823,0.5265545469343699,8.18364188525508,"{'bias_segment_0_end': {'mean': 1.0366772205024823, 'abs_mean': 1.0366772205024823, 'std': 0.5265545469343699}}"
1,380,15.0,True,0.5862676056338029,0.0,2,6,ATTACK,ATTACK,1,21,18,0.8571428571428571,14,12.83898466772793,12.83898466772793,2.213201781029821,1.5852110888065933,1.5852110888065933,0.2732608610300523,8.099227136616614,"{'bias_segment_0_end': {'mean': 1.5852110888065933, 'abs_mean': 1.5852110888065933, 'std': 0.2732608610300523}}"
1,381,13.0,False,0.0,0.14333333333333334,6,5,SWITCH,ATTACK,0,31,22,0.7096774193548387,21,12.971653383605549,12.971653383605549,3.531711304352245,6.144513437683199,6.144513437683199,1.672928417516673,2.111095290971735,"{'bias_segment_0_end': {'mean': 6.144513437683199, 'abs_mean': 6.144513437683199, 'std': 1.672928417516673}}"
1,382,33.0,True,0.6178343949044586,0.0,2,6,ATTACK,ATTACK,1,33,33,1.0,26,5.328794409933604,6.707541819454935,8.088458504082539,0.34785161109623247,0.4378531144011288,0.527996223064119,15.319159779482533,"{'bias_segment_0_end': {'mean': 0.34785161109623247, 'abs_mean': 0.4378531144011288, 'std': 0.527996223064119}}"
1,383,16.0,False,0.0,0.10333333333333333,6,4,SWITCH,ATTACK,0,32,24,0.75,20,11.58197824471015,11.58197824471015,3.078664536401745,2.707532606770309,2.707532606770309,0.7197030111347553,4.277687447142421,"{'bias_segment_0_end': {'mean': 2.707532606770309, 'abs_mean': 2.707532606770309, 'std': 0.7197030111347553}}"
1,384,15.0,True,0.19999999999999998,0.0,4,6,SWITCH,ATTACK,0,31,23,0.7419354838709677,22,13.141313745950796,13.141313745950796,4.018991983792553,5.100249330457226,5.100249330457226,1.5598030433423664,2.576602219713974,"{'bias_segment_0_end': {'mean': 5.100249330457226, 'abs_mean': 5.100249330457226, 'std': 1.5598030433423664}}"
1,385,19.0,True,0.3333333333333333,0.0,4,6,ATTACK,ATTACK,1,27,23,0.8518518518518519,18,8.853975535635058,8.853975535635058,2.5593505222542627,1.2154855468145886,1.2154855468145886,0.3513510463759484,7.284311655402721,"{'bias_segment_0_end': {'mean': 1.2154855468145886, 'abs_mean': 1.2154855468145886, 'std': 0.3513510463759484}}"
1,386,25.0,True,0.5253239104829212,0.0,2,6,ATTACK,ATTACK,1,29,27,0.9310344827586207,21,5.72549464156071,6.106820407647261,5.83173701419218,0.4699007053883004,0.5011967344101632,0.4786201905973627,12.184477647952185,"{'bias_segment_0_end': {'mean': 0.4699007053883004, 'abs_mean': 0.5011967344101632, 'std': 0.4786201905973627}}"
1,387,20.0,True,0.7674897119341564,0.0,1,6,ATTACK,ATTACK,1,20,20,1.0,14,11.763398576748648,11.763398576748648,5.359801168778185,1.1925666214733248,1.1925666214733248,0.5433735777900741,9.863934110629282,"{'bias_segment_0_end': {'mean': 1.1925666214733248, 'abs_mean': 1.1925666214733248, 'std': 0.5433735777900741}}"
1,388,14.0,True,0.16666666666666666,0.0,5,6,SWITCH,ATTACK,0,24,19,0.7916666666666666,15,10.88476199160945,10.88476199160945,3.459443849802813,1.75268249244637,1.75268249244637,0.5570454065807389,6.210344451159918,"{'bias_segment_0_end': {'mean': 1.75268249244637, 'abs_mean': 1.75268249244637, 'std': 0.5570454065807389}}"
1,389,68.0,True,0.007801418439716312,0.0,5,6,SWITCH,ATTACK,0,120,94,0.7833333333333333,110,-1.9048938028595928,8.421777796388906,9.640022720333485,-0.07152639262638552,0.31622727963753533,0.36197086104577614,26.63204074626983,"{'bias_segment_0_100': {'mean': -0.17479719817970882, 'abs_mean': 0.29050720853699624, 'std': 0.3024563618248929}, 'bias_segment_100_end': {'mean': 0.44482763514023116, 'abs_mean': 0.44482763514023116, 'std': 0.09376776123274622}}"
1,390,11.0,True,0.21983273596176822,0.0,4,6,ATTACK,ATTACK,1,31,21,0.6774193548387096,22,15.17436258035144,15.17436258035144,3.0350525725763435,7.406107241136287,7.406107241136287,1.481309327885216,2.048898576038349,"{'bias_segment_0_end': {'mean': 7.406107241136287, 'abs_mean': 7.406107241136287, 'std': 1.481309327885216}}"
1,391,19.0,True,0.029696969696969697,0.0,5,6,SWITCH,ATTACK,0,35,27,0.7714285714285715,25,13.174574183937297,13.174574183937297,2.9860455404933113,2.8498828369625833,2.8498828369625833,0.6459320671339772,4.622847652915729,"{'bias_segment_0_end': {'mean': 2.8498828369625833, 'abs_mean': 2.8498828369625833, 'std': 0.6459320671339772}}"
1,392,19.0,True,0.17875920084121977,0.0,4,6,ATTACK,ATTACK,1,23,21,0.9130434782608695,14,6.594122792505003,6.594122792505003,2.885068397051513,0.604720784438182,0.604720784438182,0.2645781522609515,10.904409046616939,"{'bias_segment_0_end': {'mean': 0.604720784438182, 'abs_mean': 0.604720784438182, 'std': 0.2645781522609515}}"
1,393,14.0,True,0.10125786163522012,0.0,5,6,SWITCH,ATTACK,0,28,21,0.75,19,11.717291197720895,11.717291197720895,2.291816206697586,1.81459302470074,1.81459302470074,0.3549210847792579,6.457255725235299,"{'bias_segment_0_end': {'mean': 1.81459302470074, 'abs_mean': 1.81459302470074, 'std': 0.3549210847792579}}"
1,394,13.0,True,0.022140221402214024,0.0,5,6,SWITCH,ATTACK,0,37,25,0.6756756756756757,27,13.854810501050322,13.854810501050322,4.23824085086867,5.192008258667451,5.192008258667451,1.5882556818993454,2.66848776249948,"{'bias_segment_0_end': {'mean': 5.192008258667451, 'abs_mean': 5.192008258667451, 'std': 1.5882556818993454}}"
1,395,16.0,True,0.5481622306717364,0.0,2,6,ATTACK,ATTACK,1,20,18,0.9,13,11.574622835631128,11.574622835631128,2.5464938696778834,1.4189190751586733,1.4189190751586733,0.31217161697377693,8.157352338319066,"{'bias_segment_0_end': {'mean': 1.4189190751586733, 'abs_mean': 1.4189190751586733, 'std': 0.31217161697377693}}"
1,396,11.0,False,0.0,0.06,6,3,SWITCH,ATTACK,0,27,19,0.7037037037037037,19,14.308115100394705,14.308115100394705,2.1232072582707344,9.777401649667175,9.777401649667175,1.4508864377970325,1.4633862464760006,"{'bias_segment_0_end': {'mean': 9.777401649667175, 'abs_mean': 9.777401649667175, 'std': 1.4508864377970325}}"
1,397,23.0,True,0.26344086021505375,0.0,4,6,ATTACK,ATTACK,1,25,24,0.96,16,5.92082653903766,5.92082653903766,4.00707295375186,0.5711680455771543,0.5711680455771543,0.38655279163971584,10.366172591211363,"{'bias_segment_0_end': {'mean': 0.5711680455771543, 'abs_mean': 0.5711680455771543, 'std': 0.38655279163971584}}"
1,398,11.0,False,0.0,0.04833333333333333,6,4,SWITCH,ATTACK,0,25,18,0.72,16,16.08496295401454,16.08496295401454,1.7841117153489054,14.413980568007382,14.413980568007382,1.5987697124148563,1.115927892237901,"{'bias_segment_0_end': {'mean': 14.413980568007382, 'abs_mean': 14.413980568007382, 'std': 1.5987697124148563}}"
1,399,9.0,False,0.0,0.02666666666666667,6,4,SWITCH,ATTACK,0,27,18,0.6666666666666666,18,16.2580100464955,16.2580100464955,2.816215370884386,18.42816902380231,18.42816902380231,3.1921306921122494,-0.8822368638737914,"{'bias_segment_0_end': {'mean': 18.42816902380231, 'abs_mean': 18.42816902380231, 'std': 3.1921306921122494}}"
1,400,16.0,True,0.5,0.0,3,6,SWITCH,ATTACK,0,22,19,0.8636363636363636,14,13.275747517056901,13.275747517056901,1.4239266798524242,2.209884153329744,2.209884153329744,0.23702718067410955,6.007440479200533,"{'bias_segment_0_end': {'mean': 2.209884153329744, 'abs_mean': 2.209884153329744, 'std': 0.23702718067410955}}"
1,401,56.0,False,0.0,0.13333333333333333,6,3,SWITCH,ATTACK,0,128,92,0.71875,120,17.392825907974128,19.378461461080267,11.772416423634018,2.004397657809802,2.2332278245100325,1.3566860285467057,8.677332983405702,"{'bias_segment_0_100': {'mean': 1.9229273803161402, 'abs_mean': 2.2158299936924353, 'std': 1.5118000985215112}, 'bias_segment_100_end': {'mean': 2.2953629345728808, 'abs_mean': 2.2953629345728808, 'std': 0.3783524841120505}}"
1,402,17.0,True,0.3333333333333333,0.0,4,6,SWITCH,ATTACK,0,33,25,0.7575757575757576,24,13.225226484802448,13.225226484802448,2.826056864050249,3.5576075331596635,3.5576075331596635,0.7602139139345654,3.7174495392010143,"{'bias_segment_0_end': {'mean': 3.5576075331596635, 'abs_mean': 3.5576075331596635, 'std': 0.7602139139345654}}"
1,403,7.0,True,0.3654088050314465,0.0,3,6,SWITCH,ATTACK,0,23,15,0.6521739130434783,15,13.882529175200657,13.882529175200657,2.49104740461839,4.11967248596026,4.11967248596026,0.7392240509288012,3.3698137952742515,"{'bias_segment_0_end': {'mean': 4.11967248596026, 'abs_mean': 4.11967248596026, 'std': 0.7392240509288012}}"
1,404,19.0,True,0.47222222222222227,0.0,3,6,ATTACK,ATTACK,1,21,20,0.9523809523809523,14,10.070952871858315,10.070952871858315,2.225848898418389,1.1543669634954739,1.1543669634954739,0.2551343916271212,8.724221318117968,"{'bias_segment_0_end': {'mean': 1.1543669634954739, 'abs_mean': 1.1543669634954739, 'std': 0.2551343916271212}}"
1,405,16.0,True,0.2527322404371585,0.0,4,6,ATTACK,ATTACK,1,22,19,0.8636363636363636,13,8.55175041709626,8.55175041709626,2.6017121281480735,1.0044585975231195,1.0044585975231195,0.3055879776582456,8.51379085029876,"{'bias_segment_0_end': {'mean': 1.0044585975231195, 'abs_mean': 1.0044585975231195, 'std': 0.3055879776582456}}"
1,406,14.0,True,0.27965235173824127,0.0,4,6,SWITCH,ATTACK,0,24,19,0.7916666666666666,15,8.364525807326503,8.364525807326503,3.3211421411715345,0.9313397044432316,0.9313397044432316,0.3697892279157531,8.981176006371314,"{'bias_segment_0_end': {'mean': 0.9313397044432316, 'abs_mean': 0.9313397044432316, 'std': 0.3697892279157531}}"
1,407,14.0,False,0.0,0.08166666666666667,6,5,SWITCH,ATTACK,0,38,26,0.6842105263157895,29,14.912790195896164,14.912790195896164,3.2320080759336483,19.513620204429266,19.513620204429266,4.229133332055665,0.7642246820254917,"{'bias_segment_0_end': {'mean': 19.513620204429266, 'abs_mean': 19.513620204429266, 'std': 4.229133332055665}}"
1,408,2.0,True,0.4544871794871795,0.0,3,6,SWITCH,ATTACK,0,36,19,0.5277777777777778,28,19.914152169952544,19.914152169952544,3.415750569936236,4.463605879717313,4.463605879717313,0.7656145336993012,-4.461449488728996,"{'bias_segment_0_end': {'mean': 4.463605879717313, 'abs_mean': 4.463605879717313, 'std': 0.7656145336993012}}"
1,409,28.0,True,0.4344391785150079,0.0,3,6,ATTACK,ATTACK,1,28,28,1.0,20,7.513056691766463,7.513056691766463,3.203030087735559,0.5659234195761996,0.5659234195761996,0.24126927489356786,13.27574797557014,"{'bias_segment_0_end': {'mean': 0.5659234195761996, 'abs_mean': 0.5659234195761996, 'std': 0.24126927489356786}}"
1,410,15.0,False,0.0,0.04833333333333333,6,5,SWITCH,ATTACK,0,29,22,0.7586206896551724,19,13.644495751653896,13.644495751653896,3.8534201788635665,5.2561129814803955,5.2561129814803955,1.484408965627641,2.59592893070021,"{'bias_segment_0_end': {'mean': 5.2561129814803955, 'abs_mean': 5.2561129814803955, 'std': 1.484408965627641}}"
1,411,19.0,True,0.5617283950617283,0.0,2,6,ATTACK,ATTACK,1,19,19,1.0,12,9.051441946554707,9.051441946554707,3.619247673828606,0.9603953554355046,0.9603953554355046,0.3840171186690093,9.424703998542563,"{'bias_segment_0_end': {'mean': 0.9603953554355046, 'abs_mean': 0.9603953554355046, 'std': 0.3840171186690093}}"
1,412,21.0,False,0.0,0.07166666666666667,6,5,SWITCH,ATTACK,0,37,29,0.7837837837837838,27,12.873658377578508,12.873658377578508,4.844210894227436,2.8275024859199376,2.8275024859199376,1.0639569533400095,4.553013990857737,"{'bias_segment_0_end': {'mean': 2.8275024859199376, 'abs_mean': 2.8275024859199376, 'std': 1.0639569533400095}}"
1,413,13.0,True,0.5290780141843971,0.0,2,6,ATTACK,ATTACK,1,17,15,0.8823529411764706,10,11.16229825120751,11.16229825120751,1.372296548347665,1.488833930498504,1.488833930498504,0.1830377237649034,7.497342734169186,"{'bias_segment_0_end': {'mean': 1.488833930498504, 'abs_mean': 1.488833930498504, 'std': 0.1830377237649034}}"
1,414,12.0,True,0.42246642246642246,0.0,3,6,ATTACK,ATTACK,1,18,15,0.8333333333333334,11,11.044129667448132,11.044129667448132,2.286096349911611,2.2987561280932622,2.2987561280932622,0.4758345068385294,4.804393790396919,"{'bias_segment_0_end': {'mean': 2.2987561280932622, 'abs_mean': 2.2987561280932622, 'std': 0.4758345068385294}}"
1,415,18.0,True,0.004975124378109453,0.0,5,6,SWITCH,ATTACK,0,32,25,0.78125,22,14.371962618290146,14.371962618290146,3.085714851797511,3.7221736304285513,3.7221736304285513,0.7991647875402627,3.8611746912610934,"{'bias_segment_0_end': {'mean': 3.7221736304285513, 'abs_mean': 3.7221736304285513, 'std': 0.7991647875402627}}"
1,416,6.0,True,0.07810578105781057,0.0,5,6,SWITCH,ATTACK,0,36,21,0.5833333333333334,26,17.262287499015414,17.262287499015414,2.010532602348934,22.32295909054983,22.32295909054983,2.5999472569908133,-0.7732974570706985,"{'bias_segment_0_end': {'mean': 22.32295909054983, 'abs_mean': 22.32295909054983, 'std': 2.5999472569908133}}"
1,417,10.0,True,0.6026234567901234,0.0,2,6,ATTACK,SWITCH,0,20,15,0.75,14,14.94251689875765,14.94251689875765,3.002954484767627,3.3512791851108608,3.3512791851108608,0.6734969032876766,4.458750248306559,"{'bias_segment_0_end': {'mean': 3.3512791851108608, 'abs_mean': 3.3512791851108608, 'std': 0.6734969032876766}}"
1,418,21.0,True,0.5102739726027398,0.0,2,6,ATTACK,ATTACK,1,21,21,1.0,15,10.000450244860572,10.000450244860572,2.945199733185424,0.9708910372645094,0.9708910372645094,0.2859339283621845,10.300280732879038,"{'bias_segment_0_end': {'mean': 0.9708910372645094, 'abs_mean': 0.9708910372645094, 'std': 0.2859339283621845}}"
1,419,20.0,True,0.2693282636248416,0.0,4,6,ATTACK,ATTACK,1,26,23,0.8846153846153846,17,8.587651678602642,8.587651678602642,2.5353335401568327,1.0337448088647425,1.0337448088647425,0.30519261655757557,8.307322663156675,"{'bias_segment_0_end': {'mean': 1.0337448088647425, 'abs_mean': 1.0337448088647425, 'std': 0.30519261655757557}}"
1,420,17.0,True,0.11979166666666667,0.0,5,6,SWITCH,ATTACK,0,31,24,0.7741935483870968,21,13.854433352163651,13.854433352163651,4.24568726893108,4.028062397910989,4.028062397910989,1.2343986077640543,3.4394783356257737,"{'bias_segment_0_end': {'mean': 4.028062397910989, 'abs_mean': 4.028062397910989, 'std': 1.2343986077640543}}"
1,421,21.0,True,0.5334549878345499,0.0,2,6,ATTACK,ATTACK,1,21,21,1.0,14,8.454122653918185,8.454122653918185,2.7703710376504493,0.820766236684422,0.820766236684422,0.26896073121650743,10.300280732879038,"{'bias_segment_0_end': {'mean': 0.820766236684422, 'abs_mean': 0.820766236684422, 'std': 0.26896073121650743}}"
1,422,33.0,True,0.6666666666666666,0.0,2,6,ATTACK,ATTACK,1,35,34,0.9714285714285714,28,7.8109292034298505,9.38778754466873,8.594485218752846,0.5384955967434473,0.6472062573230432,0.5925149653824557,14.505093914725492,"{'bias_segment_0_end': {'mean': 0.5384955967434473, 'abs_mean': 0.6472062573230432, 'std': 0.5925149653824557}}"
1,423,0.0,False,0.0,0.25166666666666665,6,4,SWITCH,ATTACK,0,32,16,0.5,23,20.640694235958026,20.640694235958026,2.522156378931518,3.428753806265319,3.428753806265319,0.41897104745597286,-6.019882266916204,"{'bias_segment_0_end': {'mean': 3.428753806265319, 'abs_mean': 3.428753806265319, 'std': 0.41897104745597286}}"
1,424,23.0,True,0.3333333333333333,0.0,4,6,SWITCH,ATTACK,0,25,24,0.96,16,6.825062198313552,6.825062198313552,4.050656832507901,0.6665210978463348,0.6665210978463348,0.39557855453230084,10.239829197255295,"{'bias_segment_0_end': {'mean': 0.6665210978463348, 'abs_mean': 0.6665210978463348, 'std': 0.39557855453230084}}"
1,425,7.0,False,0.0,0.049999999999999996,6,5,SWITCH,ATTACK,0,29,18,0.6206896551724138,19,16.18856090567778,16.18856090567778,2.0149405277957655,128.44852365656917,128.44852365656917,15.987593805227016,-0.12603150620057638,"{'bias_segment_0_end': {'mean': 128.44852365656917, 'abs_mean': 128.44852365656917, 'std': 15.987593805227016}}"
1,426,25.0,True,0.2722419928825623,0.0,4,6,ATTACK,ATTACK,1,27,26,0.9629629629629629,19,5.779448370084846,5.967227419709286,4.125872428974202,0.5154134563890092,0.5321596651630751,0.36794690999315754,11.213227552450238,"{'bias_segment_0_end': {'mean': 0.5154134563890092, 'abs_mean': 0.5321596651630751, 'std': 0.36794690999315754}}"
1,427,20.0,False,0.0,0.015,6,4,SWITCH,ATTACK,0,28,24,0.8571428571428571,20,9.739738754734434,9.739738754734434,3.8465981950058645,1.4516431086933266,1.4516431086933266,0.5733098086412385,6.709458196995476,"{'bias_segment_0_end': {'mean': 1.4516431086933266, 'abs_mean': 1.4516431086933266, 'std': 0.5733098086412385}}"
1,428,24.0,True,0.4075804776739356,0.0,3,6,ATTACK,ATTACK,1,24,24,1.0,17,8.069575844876079,8.069575844876079,2.7552938943320355,0.6961191848985115,0.6961191848985115,0.23768448016956661,11.59223308297782,"{'bias_segment_0_end': {'mean': 0.6961191848985115, 'abs_mean': 0.6961191848985115, 'std': 0.23768448016956661}}"
1,429,13.0,True,0.8832116788321168,0.0,0,6,ATTACK,ATTACK,1,13,13,1.0,8,17.02318061678652,17.02318061678652,3.8047201642919837,2.5303691476587296,2.5303691476587296,0.565543345625199,6.727548283829468,"{'bias_segment_0_end': {'mean': 2.5303691476587296, 'abs_mean': 2.5303691476587296, 'std': 0.565543345625199}}"
1,430,21.0,True,0.6666666666666666,0.0,2,6,ATTACK,ATTACK,1,21,21,1.0,14,8.628901228907141,8.628901228907141,3.9709448694900034,0.8377345678902941,0.8377345678902941,0.38551812057068874,10.300280732879038,"{'bias_segment_0_end': {'mean': 0.8377345678902941, 'abs_mean': 0.8377345678902941, 'std': 0.38551812057068874}}"
1,431,5.0,True,0.08897243107769424,0.0,5,6,SWITCH,ATTACK,0,29,17,0.5862068965517241,19,19.31654731928575,19.31654731928575,2.527845916852882,5.2486434892309495,5.2486434892309495,0.6868599131078827,-3.6802932717604118,"{'bias_segment_0_end': {'mean': 5.2486434892309495, 'abs_mean': 5.2486434892309495, 'std': 0.6868599131078827}}"
1,432,6.0,True,0.06862745098039215,0.0,5,6,SWITCH,ATTACK,0,26,16,0.6153846153846154,16,16.686111577695126,16.686111577695126,1.5261471693763164,12.370985152963147,12.370985152963147,1.1314765507638451,-1.3488102500631005,"{'bias_segment_0_end': {'mean': 12.370985152963147, 'abs_mean': 12.370985152963147, 'std': 1.1314765507638451}}"
1,433,0.0,True,0.144,0.0,5,6,SWITCH,ATTACK,0,56,28,0.5,46,24.40582101571585,24.40582101571585,5.637932101636297,2.5218986514469988,2.5218986514469988,0.582577957730273,-9.677558216589093,"{'bias_segment_0_end': {'mean': 2.5218986514469988, 'abs_mean': 2.5218986514469988, 'std': 0.582577957730273}}"
1,434,7.0,False,0.0,0.09499999999999999,6,4,SWITCH,ATTACK,0,27,17,0.6296296296296297,18,17.551061080177153,17.551061080177153,2.146359929789901,19.00856518992921,19.00856518992921,2.324601484781079,-0.923323822961438,"{'bias_segment_0_end': {'mean': 19.00856518992921, 'abs_mean': 19.00856518992921, 'std': 2.324601484781079}}"
1,435,9.0,False,0.0,0.16666666666666666,6,4,SWITCH,ATTACK,0,23,16,0.6956521739130435,14,15.703151321178225,15.703151321178225,2.0643700982852087,34.191185688557205,34.191185688557205,4.494846920642086,0.4592748395512243,"{'bias_segment_0_end': {'mean': 34.191185688557205, 'abs_mean': 34.191185688557205, 'std': 4.494846920642086}}"
1,436,26.0,True,0.48854961832061067,0.0,3,6,ATTACK,ATTACK,1,36,31,0.8611111111111112,28,6.694407616631393,6.697194931987421,4.754835124440603,0.5470230584390228,0.5472508195581843,0.388533922804899,12.23788926875306,"{'bias_segment_0_end': {'mean': 0.5470230584390228, 'abs_mean': 0.5472508195581843, 'std': 0.388533922804899}}"
1,437,21.0,True,0.5190375982042649,0.0,2,6,ATTACK,ATTACK,1,21,21,1.0,14,10.501053057854662,10.501053057854662,2.3718404624740037,1.0194919274709424,1.0194919274709424,0.23026949691797854,10.300280732879038,"{'bias_segment_0_end': {'mean': 1.0194919274709424, 'abs_mean': 1.0194919274709424, 'std': 0.23026949691797854}}"
1,438,13.0,True,0.24136904761904762,0.0,3,6,SWITCH,SWITCH,1,17,15,0.8823529411764706,10,10.96583238102572,10.96583238102572,1.7551507213011548,1.8304698874155692,1.8304698874155692,0.2929782648124853,5.990719900073485,"{'bias_segment_0_end': {'mean': 1.8304698874155692, 'abs_mean': 1.8304698874155692, 'std': 0.2929782648124853}}"
1,439,12.0,True,0.06330749354005168,0.0,5,6,SWITCH,ATTACK,0,28,20,0.7142857142857143,18,14.157404759480391,14.157404759480391,3.0474088348505295,10.891791899630077,10.891791899630077,2.344479332630477,1.2998232880267595,"{'bias_segment_0_end': {'mean': 10.891791899630077, 'abs_mean': 10.891791899630077, 'std': 2.344479332630477}}"
1,440,22.0,True,0.4075804776739356,0.0,3,6,ATTACK,ATTACK,1,22,22,1.0,14,7.831186907538617,7.831186907538617,3.071767736505103,0.7295843251723536,0.7295843251723536,0.2861780235339418,10.733765292570691,"{'bias_segment_0_end': {'mean': 0.7295843251723536, 'abs_mean': 0.7295843251723536, 'std': 0.2861780235339418}}"
1,441,16.0,True,0.14285714285714285,0.0,5,6,SWITCH,ATTACK,0,28,22,0.7857142857142857,18,11.415931628741912,11.415931628741912,2.437191793166733,2.528456621194937,2.528456621194937,0.5398012117591409,4.514980218781367,"{'bias_segment_0_end': {'mean': 2.528456621194937, 'abs_mean': 2.528456621194937, 'std': 0.5398012117591409}}"
1,442,22.0,True,0.4483830845771144,0.0,3,6,ATTACK,ATTACK,1,22,22,1.0,14,6.133987389508278,6.160302851408563,3.8847498670232254,0.5714665098699222,0.5739181623127515,0.36191865213524194,10.733765292570691,"{'bias_segment_0_end': {'mean': 0.5714665098699222, 'abs_mean': 0.5739181623127515, 'std': 0.36191865213524194}}"
1,443,19.0,True,0.3247422680412371,0.0,4,6,SWITCH,ATTACK,0,25,22,0.88,17,10.946604188509777,10.946604188509777,3.049814930819692,1.592425911676948,1.592425911676948,0.4436630975251944,6.874168592862293,"{'bias_segment_0_end': {'mean': 1.592425911676948, 'abs_mean': 1.592425911676948, 'std': 0.4436630975251944}}"
1,444,21.0,True,0.39913899138991393,0.0,3,6,SWITCH,ATTACK,0,27,24,0.8888888888888888,18,12.613325324521682,12.613325324521682,2.6037324217793247,1.6036808956803028,1.6036808956803028,0.33104322887424253,7.8652338869267036,"{'bias_segment_0_end': {'mean': 1.6036808956803028, 'abs_mean': 1.6036808956803028, 'std': 0.33104322887424253}}"
1,445,19.0,True,0.41273247496423465,0.0,3,6,SWITCH,ATTACK,0,23,21,0.9130434782608695,15,10.429996723540382,10.429996723540382,3.089491275995307,1.3643257834387823,1.3643257834387823,0.40412981108960555,7.644799248205648,"{'bias_segment_0_end': {'mean': 1.3643257834387823, 'abs_mean': 1.3643257834387823, 'std': 0.40412981108960555}}"
1,446,14.0,True,0.15025252525252525,0.0,5,6,SWITCH,ATTACK,0,30,22,0.7333333333333333,20,14.512347308647058,14.512347308647058,2.5801685877106006,6.45597042993405,6.45597042993405,1.1478151502465155,2.247895566770015,"{'bias_segment_0_end': {'mean': 6.45597042993405, 'abs_mean': 6.45597042993405, 'std': 1.1478151502465155}}"
1,447,8.0,False,0.0,0.13,6,5,SWITCH,ATTACK,0,36,22,0.6111111111111112,26,16.58529241575257,16.58529241575257,2.17765156578422,20.473323633257277,20.473323633257277,2.688150690935331,-0.8100928170163388,"{'bias_segment_0_end': {'mean': 20.473323633257277, 'abs_mean': 20.473323633257277, 'std': 2.688150690935331}}"
1,448,7.0,True,0.09546165884194054,0.0,5,6,SWITCH,ATTACK,0,33,20,0.6060606060606061,23,21.864487366914112,21.864487366914112,3.3387287948516597,6.598994503463774,6.598994503463774,1.0076729719774764,-3.313305891592661,"{'bias_segment_0_end': {'mean': 6.598994503463774, 'abs_mean': 6.598994503463774, 'std': 1.0076729719774764}}"
1,449,16.0,True,0.18783068783068782,0.0,4,6,ATTACK,ATTACK,1,26,21,0.8076923076923077,18,11.326204468432195,11.326204468432195,3.6811204563073026,2.479688020482333,2.479688020482333,0.8059213766534805,4.567592525703735,"{'bias_segment_0_end': {'mean': 2.479688020482333, 'abs_mean': 2.479688020482333, 'std': 0.8059213766534805}}"
1,450,23.0,True,0.3333333333333333,0.0,4,6,ATTACK,ATTACK,1,25,24,0.96,17,7.9653612604121715,7.9653612604121715,2.9281204688971285,0.7683994444743623,0.7683994444743623,0.28246881316443107,10.366172591211363,"{'bias_segment_0_end': {'mean': 0.7683994444743623, 'abs_mean': 0.7683994444743623, 'std': 0.28246881316443107}}"
1,451,19.0,True,0.30514705882352944,0.0,4,6,ATTACK,ATTACK,1,23,21,0.9130434782608695,15,10.06563725962017,10.06563725962017,1.7776519288867922,1.247381451569037,1.247381451569037,0.22029504801795136,8.069413928641444,"{'bias_segment_0_end': {'mean': 1.247381451569037, 'abs_mean': 1.247381451569037, 'std': 0.22029504801795136}}"
1,452,41.0,True,0.5358318657083472,0.0,2,6,ATTACK,ATTACK,1,51,46,0.9019607843137255,44,1.5428265204121392,7.8661837113069835,9.42849507855009,0.07542041060998239,0.3845350061015582,0.4609079250650213,20.45635270259237,"{'bias_segment_0_end': {'mean': 0.07542041060998239, 'abs_mean': 0.3845350061015582, 'std': 0.4609079250650213}}"
1,453,19.0,True,0.4314516129032258,0.0,3,6,SWITCH,ATTACK,0,21,20,0.9523809523809523,14,10.079198864775995,10.079198864775995,2.3177245915189935,1.187441412441196,1.187441412441196,0.2730536622529645,8.488165192129117,"{'bias_segment_0_end': {'mean': 1.187441412441196, 'abs_mean': 1.187441412441196, 'std': 0.2730536622529645}}"
1,454,21.0,True,0.2823383084577114,0.0,4,6,ATTACK,ATTACK,1,29,25,0.8620689655172413,20,6.88256290404455,6.88256290404455,2.895598930565678,0.7937877695641237,0.7937877695641237,0.3339585919796358,8.670532814865403,"{'bias_segment_0_end': {'mean': 0.7937877695641237, 'abs_mean': 0.7937877695641237, 'std': 0.3339585919796358}}"
1,455,-5.0,False,0.0,0.0,6,5,SWITCH,ATTACK,0,33,14,0.42424242424242425,25,23.661593865491565,23.661593865491565,4.678743856234821,2.704439818574384,2.704439818574384,0.534764532670202,-8.749166353409379,"{'bias_segment_0_end': {'mean': 2.704439818574384, 'abs_mean': 2.704439818574384, 'std': 0.534764532670202}}"
1,456,23.0,True,0.07277777777777777,0.0,5,6,SWITCH,ATTACK,0,31,27,0.8709677419354839,21,7.8762943236042116,7.8762943236042116,4.392924671114864,0.9982939880840143,0.9982939880840143,0.5567885237779091,7.889754338519928,"{'bias_segment_0_end': {'mean': 0.9982939880840143, 'abs_mean': 0.9982939880840143, 'std': 0.5567885237779091}}"
1,457,22.0,True,0.3466981132075471,0.0,3,6,ATTACK,ATTACK,1,22,22,1.0,14,5.913569066338224,5.913569066338224,3.2417407460255596,0.5509314676771686,0.5509314676771686,0.3020133809213539,10.733765292570691,"{'bias_segment_0_end': {'mean': 0.5509314676771686, 'abs_mean': 0.5509314676771686, 'std': 0.3020133809213539}}"
1,458,40.0,True,0.2054398148148148,0.0,4,6,ATTACK,ATTACK,1,46,43,0.9347826086956522,37,2.6160838502416004,6.9336276978465445,7.655698280648829,0.15783858066288994,0.4183329041888051,0.4618982493582318,16.574425842240725,"{'bias_segment_0_end': {'mean': 0.15783858066288994, 'abs_mean': 0.4183329041888051, 'std': 0.4618982493582318}}"
1,459,14.0,True,0.3333333333333333,0.0,4,6,ATTACK,ATTACK,1,20,17,0.85,13,10.727011883704597,10.727011883704597,1.3123092189764995,1.8358915860522305,1.8358915860522305,0.22459725779530762,5.842944085152214,"{'bias_segment_0_end': {'mean': 1.8358915860522305, 'abs_mean': 1.8358915860522305, 'std': 0.22459725779530762}}"
1,460,25.0,True,0.4421383647798742,0.0,3,6,ATTACK,ATTACK,1,27,26,0.9629629629629629,19,7.7638344438560685,7.7638344438560685,3.7516429792048793,0.6888067658726931,0.6888067658726931,0.33284546262576326,11.271425933250775,"{'bias_segment_0_end': {'mean': 0.6888067658726931, 'abs_mean': 0.6888067658726931, 'std': 0.33284546262576326}}"
1,461,16.0,True,0.3169191919191919,0.0,4,6,SWITCH,ATTACK,0,24,20,0.8333333333333334,17,8.992063110295538,8.992063110295538,3.8356516468217254,1.2368206817150784,1.2368206817150784,0.5275778457573225,7.270304615076776,"{'bias_segment_0_end': {'mean': 1.2368206817150784, 'abs_mean': 1.2368206817150784, 'std': 0.5275778457573225}}"
1,462,23.0,True,0.2588300220750552,0.0,4,6,ATTACK,ATTACK,1,27,25,0.9259259259259259,18,6.666478148492324,6.666478148492324,2.955474154246814,0.635972293010616,0.635972293010616,0.2819479240676793,10.48234053866407,"{'bias_segment_0_end': {'mean': 0.635972293010616, 'abs_mean': 0.635972293010616, 'std': 0.2819479240676793}}"
1,463,8.0,False,0.0,0.028333333333333335,6,5,SWITCH,ATTACK,0,34,21,0.6176470588235294,24,16.282176468147647,16.282176468147647,2.3930208800923314,32.343649214051865,32.343649214051865,4.753604535549747,-0.5034118556131809,"{'bias_segment_0_end': {'mean': 32.343649214051865, 'abs_mean': 32.343649214051865, 'std': 4.753604535549747}}"
1,464,18.0,True,0.26506024096385544,0.0,4,6,ATTACK,ATTACK,1,22,20,0.9090909090909091,14,8.515488927790805,8.515488927790805,2.193228998992373,1.0703777504370262,1.0703777504370262,0.2756839380617627,7.9555922423779855,"{'bias_segment_0_end': {'mean': 1.0703777504370262, 'abs_mean': 1.0703777504370262, 'std': 0.2756839380617627}}"
1,465,29.0,True,0.4166666666666667,0.0,3,6,ATTACK,ATTACK,1,29,29,1.0,21,3.6605239651155377,4.512839400423383,4.432655445965769,0.26739092338030174,0.3296501555093982,0.32379294440327483,13.689783926993247,"{'bias_segment_0_end': {'mean': 0.26739092338030174, 'abs_mean': 0.3296501555093982, 'std': 0.32379294440327483}}"
1,466,8.0,False,0.0,0.16333333333333333,6,5,SWITCH,ATTACK,0,30,19,0.6333333333333333,19,16.732071547470984,16.732071547470984,1.7375426781897043,13.168407235788868,13.168407235788868,1.367473806877406,-1.2706222740436557,"{'bias_segment_0_end': {'mean': 13.168407235788868, 'abs_mean': 13.168407235788868, 'std': 1.367473806877406}}"
1,467,22.0,True,0.2546948356807512,0.0,4,6,ATTACK,ATTACK,1,26,24,0.9230769230769231,17,7.761174283469105,7.761174283469105,3.8051971056480083,0.8545845845043001,0.8545845845043001,0.41899107901924915,9.0818093658581,"{'bias_segment_0_end': {'mean': 0.8545845845043001, 'abs_mean': 0.8545845845043001, 'std': 0.41899107901924915}}"
1,468,21.0,True,0.3333333333333333,0.0,4,6,SWITCH,ATTACK,0,27,24,0.8888888888888888,19,9.603472918827242,9.603472918827242,3.2827939155637265,1.2392506823522258,1.2392506823522258,0.4236180634100112,7.74941910913364,"{'bias_segment_0_end': {'mean': 1.2392506823522258, 'abs_mean': 1.2392506823522258, 'std': 0.4236180634100112}}"
1,469,24.0,True,0.3333333333333333,0.0,4,6,ATTACK,ATTACK,1,26,25,0.9615384615384616,17,6.967969001515074,6.967969001515074,3.188615327086138,0.6493647620359623,0.6493647620359623,0.2971560913441633,10.730439051956417,"{'bias_segment_0_end': {'mean': 0.6493647620359623, 'abs_mean': 0.6493647620359623, 'std': 0.2971560913441633}}"
1,470,12.0,True,0.15040650406504066,0.0,5,6,SWITCH,ATTACK,0,28,20,0.7142857142857143,18,13.229679310061732,13.229679310061732,2.381940400994162,4.399262046393576,4.399262046393576,0.7920660627726296,3.0072496638174004,"{'bias_segment_0_end': {'mean': 4.399262046393576, 'abs_mean': 4.399262046393576, 'std': 0.7920660627726296}}"
1,471,8.0,False,0.0,0.09999999999999999,6,5,SWITCH,ATTACK,0,32,20,0.625,23,18.921786043273727,18.921786043273727,2.3498624799094308,10.237002085812392,10.237002085812392,1.2713148247840131,-1.8483718069665827,"{'bias_segment_0_end': {'mean': 10.237002085812392, 'abs_mean': 10.237002085812392, 'std': 1.2713148247840131}}"
1,472,15.0,False,0.0,0.03666666666666667,6,3,SWITCH,ATTACK,0,31,23,0.7419354838709677,23,14.029510743685558,14.029510743685558,2.2030803581341125,3.1861013142979955,3.1861013142979955,0.5003194589458106,4.4033473388703985,"{'bias_segment_0_end': {'mean': 3.1861013142979955, 'abs_mean': 3.1861013142979955, 'std': 0.5003194589458106}}"
1,473,16.0,True,0.10251322751322751,0.0,5,6,SWITCH,ATTACK,0,30,23,0.7666666666666667,21,13.072795228509515,13.072795228509515,4.346481421953003,4.332129358889064,4.332129358889064,1.4403591157646647,3.017637320013434,"{'bias_segment_0_end': {'mean': 4.332129358889064, 'abs_mean': 4.332129358889064, 'std': 1.4403591157646647}}"
1,474,10.0,False,0.0,0.09166666666666667,6,5,SWITCH,ATTACK,0,34,22,0.6470588235294118,21,15.48631071286489,15.48631071286489,4.099124590161549,261.2336476944376,261.2336476944376,69.14682837612843,0.059281454933321126,"{'bias_segment_0_end': {'mean': 261.2336476944376, 'abs_mean': 261.2336476944376, 'std': 69.14682837612843}}"
1,475,20.0,True,0.3333333333333333,0.0,4,6,SWITCH,ATTACK,0,30,25,0.8333333333333334,21,11.841364706182873,11.841364706182873,2.621450497146433,1.8057811028027142,1.8057811028027142,0.39976522023750455,6.5574751490112195,"{'bias_segment_0_end': {'mean': 1.8057811028027142, 'abs_mean': 1.8057811028027142, 'std': 0.39976522023750455}}"
1,476,29.0,False,0.0,0.0,6,5,SWITCH,ATTACK,0,49,39,0.7959183673469388,40,9.958719919958757,10.662272827219716,7.910805250420212,1.422276523175125,1.5227559814640785,1.1297990783467864,7.001957606476317,"{'bias_segment_0_end': {'mean': 1.422276523175125, 'abs_mean': 1.5227559814640785, 'std': 1.1297990783467864}}"
1,477,19.0,False,0.0,0.0,6,5,SWITCH,ATTACK,0,31,25,0.8064516129032258,22,12.986677041531362,12.986677041531362,4.535848122166889,2.585215885934404,2.585215885934404,0.9029366468505673,5.023440058599764,"{'bias_segment_0_end': {'mean': 2.585215885934404, 'abs_mean': 2.585215885934404, 'std': 0.9029366468505673}}"
1,478,16.0,True,0.44633838383838387,0.0,2,6,ATTACK,ATTACK,1,24,20,0.8333333333333334,17,12.808297750970246,12.808297750970246,1.2870833851146026,1.6661443272750684,1.6661443272750684,0.1674279223151446,7.687387905895194,"{'bias_segment_0_end': {'mean': 1.6661443272750684, 'abs_mean': 1.6661443272750684, 'std': 0.1674279223151446}}"
1,479,15.0,True,0.41849148418491483,0.0,3,6,ATTACK,ATTACK,1,25,20,0.8,17,9.38254444981894,9.38254444981894,2.6814969341119035,0.8849296466997145,0.8849296466997145,0.25290966083041644,10.602587996470122,"{'bias_segment_0_end': {'mean': 0.8849296466997145, 'abs_mean': 0.8849296466997145, 'std': 0.25290966083041644}}"
1,480,7.0,True,0.16666666666666666,0.0,5,6,SWITCH,ATTACK,0,27,17,0.6296296296296297,18,20.087555786609546,20.087555786609546,2.9197328044511495,10.802455049107422,10.802455049107422,1.5701403749933966,-1.8595361605572551,"{'bias_segment_0_end': {'mean': 10.802455049107422, 'abs_mean': 10.802455049107422, 'std': 1.5701403749933966}}"
1,481,17.0,False,0.0,0.08166666666666667,6,5,SWITCH,ATTACK,0,27,22,0.8148148148148148,18,12.382890216324743,12.382890216324743,3.780712704831996,2.672720041475456,2.672720041475456,0.8160281195050817,4.633066697658636,"{'bias_segment_0_end': {'mean': 2.672720041475456, 'abs_mean': 2.672720041475456, 'std': 0.8160281195050817}}"
1,482,14.0,True,0.1221881390593047,0.0,5,6,SWITCH,ATTACK,0,22,18,0.8181818181818182,14,11.750818887857578,11.750818887857578,1.7819447417887537,2.6109017781131234,2.6109017781131234,0.3959283807567757,4.500674436075415,"{'bias_segment_0_end': {'mean': 2.6109017781131234, 'abs_mean': 2.6109017781131234, 'std': 0.3959283807567757}}"
1,483,24.0,True,0.8069105691056911,0.0,1,6,ATTACK,ATTACK,1,24,24,1.0,18,12.262479880126428,12.262479880126428,5.5092015304712225,1.0578186094388322,1.0578186094388322,0.47524937525290123,11.59223308297782,"{'bias_segment_0_end': {'mean': 1.0578186094388322, 'abs_mean': 1.0578186094388322, 'std': 0.47524937525290123}}"
1,484,13.0,True,0.4200415368639668,0.0,3,6,SWITCH,ATTACK,0,25,19,0.76,17,15.723454408530278,15.723454408530278,2.0142700085398513,6.444519916374015,6.444519916374015,0.825582143065679,2.4398178006372,"{'bias_segment_0_end': {'mean': 6.444519916374015, 'abs_mean': 6.444519916374015, 'std': 0.825582143065679}}"
1,485,6.0,False,0.0,0.013333333333333334,6,3,SWITCH,ATTACK,0,26,16,0.6153846153846154,19,18.41831215193826,18.41831215193826,2.5841436403351907,15.060417886037243,15.060417886037243,2.1130211487320194,-1.2229615599852761,"{'bias_segment_0_end': {'mean': 15.060417886037243, 'abs_mean': 15.060417886037243, 'std': 2.1130211487320194}}"
1,486,16.0,True,0.0013440860215053762,0.0,5,6,SWITCH,ATTACK,0,30,23,0.7666666666666667,20,10.31535964301774,10.31535964301774,2.8648630580049605,1.843773319108954,1.843773319108954,0.5120672717238532,5.5947005719785965,"{'bias_segment_0_end': {'mean': 1.843773319108954, 'abs_mean': 1.843773319108954, 'std': 0.5120672717238532}}"
1,487,17.0,True,0.5842424242424242,0.0,2,6,ATTACK,ATTACK,1,17,17,1.0,11,11.40353089148181,11.40353089148181,2.774653402967534,1.335698025779668,1.335698025779668,0.3249957498106966,8.537506735345655,"{'bias_segment_0_end': {'mean': 1.335698025779668, 'abs_mean': 1.335698025779668, 'std': 0.3249957498106966}}"
1,488,18.0,True,0.18563685636856367,0.0,4,6,SWITCH,ATTACK,0,28,23,0.8214285714285714,19,12.188908467718358,12.188908467718358,2.9531720347734964,2.30153676381498,2.30153676381498,0.5576245014803853,5.295986863800633,"{'bias_segment_0_end': {'mean': 2.30153676381498, 'abs_mean': 2.30153676381498, 'std': 0.5576245014803853}}"
1,489,13.0,True,0.27165354330708663,0.0,4,6,ATTACK,ATTACK,1,27,20,0.7407407407407407,19,13.523882619113367,13.523882619113367,2.1671431285588207,4.786959842941278,4.786959842941278,0.7670894093428127,2.8251506306357093,"{'bias_segment_0_end': {'mean': 4.786959842941278, 'abs_mean': 4.786959842941278, 'std': 0.7670894093428127}}"
1,490,25.0,True,0.13876967095851214,0.0,5,6,SWITCH,ATTACK,0,37,31,0.8378378378378378,27,9.962080217041382,10.13421771699675,5.932320365618184,1.3021253775440393,1.3246251569310232,0.7754028001680647,7.650630568180026,"{'bias_segment_0_end': {'mean': 1.3021253775440393, 'abs_mean': 1.3246251569310232, 'std': 0.7754028001680647}}"
1,491,18.0,True,0.1336866902237927,0.0,5,6,SWITCH,ATTACK,0,36,27,0.75,25,12.518850343321262,12.518850343321262,2.6268120344870716,2.5590037831778307,2.5590037831778307,0.5369520163275723,4.892079654440784,"{'bias_segment_0_end': {'mean': 2.5590037831778307, 'abs_mean': 2.5590037831778307, 'std': 0.5369520163275723}}"
1,492,22.0,True,0.5,0.0,3,6,SWITCH,ATTACK,0,26,24,0.9230769230769231,18,9.943379771136144,9.943379771136144,3.4107772068024826,1.0947212674348845,1.0947212674348845,0.37551118761525437,9.083024206184602,"{'bias_segment_0_end': {'mean': 1.0947212674348845, 'abs_mean': 1.0947212674348845, 'std': 0.37551118761525437}}"
1,493,26.0,True,0.2984790874524715,0.0,4,6,ATTACK,ATTACK,1,28,27,0.9642857142857143,19,7.607140909275417,7.607140909275417,4.101555234880438,0.6539165106808197,0.6539165106808197,0.3525732886434905,11.633199017035531,"{'bias_segment_0_end': {'mean': 0.6539165106808197, 'abs_mean': 0.6539165106808197, 'std': 0.3525732886434905}}"
1,494,18.0,True,0.5,0.0,3,6,ATTACK,ATTACK,1,22,20,0.9090909090909091,14,10.022037172816757,10.022037172816757,3.1952015014154718,1.3637972031556722,1.3637972031556722,0.4348025053198333,7.348627163647865,"{'bias_segment_0_end': {'mean': 1.3637972031556722, 'abs_mean': 1.3637972031556722, 'std': 0.4348025053198333}}"
1,495,20.0,True,0.6574642126789366,0.0,2,6,ATTACK,ATTACK,1,20,20,1.0,13,11.562561250698844,11.562561250698844,2.615508055508556,1.1722058481959179,1.1722058481959179,0.265158711136372,9.863934110629282,"{'bias_segment_0_end': {'mean': 1.1722058481959179, 'abs_mean': 1.1722058481959179, 'std': 0.265158711136372}}"
1,496,35.0,True,0.3605150214592275,0.0,3,6,ATTACK,ATTACK,1,35,35,1.0,27,4.690886026232631,4.931821749554224,3.865027351945948,0.29103287597219907,0.305981057635662,0.23979478922693784,16.118062299878208,"{'bias_segment_0_end': {'mean': 0.29103287597219907, 'abs_mean': 0.305981057635662, 'std': 0.23979478922693784}}"
1,497,1.0,False,0.0,0.016666666666666666,6,3,SWITCH,ATTACK,0,23,12,0.5217391304347826,15,19.05848356725954,19.05848356725954,2.683745304940974,5.878867233888915,5.878867233888915,0.8278403830840232,-3.2418632381075585,"{'bias_segment_0_end': {'mean': 5.878867233888915, 'abs_mean': 5.878867233888915, 'std': 0.8278403830840232}}"
1,498,17.0,True,0.031210986267166046,0.0,5,6,SWITCH,ATTACK,0,33,25,0.7575757575757576,24,14.12498237564097,14.12498237564097,5.397369947754545,4.735767529320324,4.735767529320324,1.8096085830440127,2.982617345169429,"{'bias_segment_0_end': {'mean': 4.735767529320324, 'abs_mean': 4.735767529320324, 'std': 1.8096085830440127}}"
1,499,18.0,False,0.0,0.15166666666666667,6,5,SWITCH,ATTACK,0,34,26,0.7647058823529411,23,12.028689952538697,12.028689952538697,4.135143766273924,3.053739774001998,3.053739774001998,1.0497945362389187,3.9390029415554344,"{'bias_segment_0_end': {'mean': 3.053739774001998, 'abs_mean': 3.053739774001998, 'std': 1.0497945362389187}}"
1,500,16.0,True,0.6666666666666666,0.0,2,6,ATTACK,ATTACK,1,26,21,0.8076923076923077,19,9.255596688115519,9.255596688115519,4.2919678830964765,0.8190120159508276,0.8190120159508276,0.37978894141364705,11.300929055809133,"{'bias_segment_0_end': {'mean': 0.8190120159508276, 'abs_mean': 0.8190120159508276, 'std': 0.37978894141364705}}"
1,501,22.0,True,0.150087260034904,0.0,5,6,SWITCH,ATTACK,0,28,25,0.8928571428571429,18,8.052376161888356,8.052376161888356,3.4222092382167255,0.9186783187547247,0.9186783187547247,0.3904325091358566,8.765174923038796,"{'bias_segment_0_end': {'mean': 0.9186783187547247, 'abs_mean': 0.9186783187547247, 'std': 0.3904325091358566}}"
1,502,15.0,True,0.2109090909090909,0.0,4,6,ATTACK,ATTACK,1,23,19,0.8260869565217391,14,8.70174391722419,8.70174391722419,1.3213443066451185,1.3022234598745404,1.3022234598745404,0.19774031171832293,6.682220206709022,"{'bias_segment_0_end': {'mean': 1.3022234598745404, 'abs_mean': 1.3022234598745404, 'std': 0.19774031171832293}}"
1,503,23.0,True,0.4546099290780142,0.0,3,6,ATTACK,ATTACK,1,23,23,1.0,15,8.464122326448512,8.464122326448512,2.6145153937031713,0.7581343796260606,0.7581343796260606,0.23418305284106608,11.164409046616939,"{'bias_segment_0_end': {'mean': 0.7581343796260606, 'abs_mean': 0.7581343796260606, 'std': 0.23418305284106608}}"
1,504,15.0,True,0.24606060606060606,0.0,4,6,SWITCH,ATTACK,0,21,18,0.8571428571428571,13,11.51516098860163,11.51516098860163,2.999003865446845,2.2585794537980903,2.2585794537980903,0.5882235184609307,5.098408634346429,"{'bias_segment_0_end': {'mean': 2.2585794537980903, 'abs_mean': 2.2585794537980903, 'std': 0.5882235184609307}}"
1,505,24.0,True,0.2968197879858657,0.0,4,6,ATTACK,ATTACK,1,24,24,1.0,15,7.320466060114015,7.320466060114015,2.9164581865828483,0.6314974869564587,0.6314974869564587,0.25158726241153756,11.59223308297782,"{'bias_segment_0_end': {'mean': 0.6314974869564587, 'abs_mean': 0.6314974869564587, 'std': 0.25158726241153756}}"
1,506,8.0,False,0.0,0.08,6,4,SWITCH,ATTACK,0,30,19,0.6333333333333333,21,16.30445810846565,16.30445810846565,1.723978039407063,19.20285578253301,19.20285578253301,2.0304447680968196,-0.8490642377940599,"{'bias_segment_0_end': {'mean': 19.20285578253301, 'abs_mean': 19.20285578253301, 'std': 2.0304447680968196}}"
1,507,32.0,True,0.25,0.0,4,6,ATTACK,ATTACK,1,48,40,0.8333333333333334,34,4.611504705099922,5.918346450543223,5.100660691187477,0.3783711350241498,0.48559669937703465,0.41850608391732125,12.187781461726962,"{'bias_segment_0_end': {'mean': 0.3783711350241498, 'abs_mean': 0.48559669937703465, 'std': 0.41850608391732125}}"
1,508,16.0,True,0.6315151515151515,0.0,2,6,ATTACK,ATTACK,1,18,17,0.9444444444444444,11,11.226122860766772,11.226122860766772,2.2928776885771756,1.472917552712543,1.472917552712543,0.3008358126500686,7.621691275314499,"{'bias_segment_0_end': {'mean': 1.472917552712543, 'abs_mean': 1.472917552712543, 'std': 0.3008358126500686}}"
1,509,19.0,True,0.4296448087431694,0.0,3,6,ATTACK,ATTACK,1,31,25,0.8064516129032258,23,9.682419827629623,9.682419827629623,2.9151474598830243,1.1387413226020715,1.1387413226020715,0.34284806206961826,8.502738625050412,"{'bias_segment_0_end': {'mean': 1.1387413226020715, 'abs_mean': 1.1387413226020715, 'std': 0.34284806206961826}}"
1,510,-12.0,True,0.028755868544600938,0.0,5,6,SWITCH,ATTACK,0,36,12,0.3333333333333333,26,25.75261359491913,25.75261359491913,6.332548594786459,2.31368413211859,2.31368413211859,0.5689332131523142,-11.130565852711285,"{'bias_segment_0_end': {'mean': 2.31368413211859, 'abs_mean': 2.31368413211859, 'std': 0.5689332131523142}}"
1,511,15.0,True,0.0418098510882016,0.0,5,6,SWITCH,ATTACK,0,27,21,0.7777777777777778,16,14.068573861304897,14.068573861304897,2.749604645968356,4.364184148889399,4.364184148889399,0.8529493557732039,3.2236434992975895,"{'bias_segment_0_end': {'mean': 4.364184148889399, 'abs_mean': 4.364184148889399, 'std': 0.8529493557732039}}"
1,512,12.0,True,0.16666666666666666,0.0,5,6,SWITCH,ATTACK,0,28,20,0.7142857142857143,19,12.198304010643351,12.198304010643351,3.573580812915757,3.4187022849776283,3.4187022849776283,1.0015334000536174,3.5681094736575374,"{'bias_segment_0_end': {'mean': 3.4187022849776283, 'abs_mean': 3.4187022849776283, 'std': 1.0015334000536174}}"
1,513,13.0,True,0.21891534391534392,0.0,4,6,SWITCH,ATTACK,0,23,18,0.782608695652174,14,15.087603425231178,15.087603425231178,1.393967379027907,4.424637230170015,4.424637230170015,0.4087991836115544,3.4099074433389056,"{'bias_segment_0_end': {'mean': 4.424637230170015, 'abs_mean': 4.424637230170015, 'std': 0.4087991836115544}}"
1,514,24.0,True,0.42099567099567103,0.0,3,6,SWITCH,ATTACK,0,28,26,0.9285714285714286,20,7.5164774978753,7.5164774978753,3.781540906461956,0.7521838717484114,0.7521838717484114,0.3784238136815534,9.992872461361937,"{'bias_segment_0_end': {'mean': 0.7521838717484114, 'abs_mean': 0.7521838717484114, 'std': 0.3784238136815534}}"
1,515,-1.0,False,0.0,0.13166666666666668,6,5,SWITCH,ATTACK,0,23,11,0.4782608695652174,14,17.88304765614748,17.88304765614748,2.104157777151333,7.266196201031139,7.266196201031139,0.8549562435154233,-2.461129201769932,"{'bias_segment_0_end': {'mean': 7.266196201031139, 'abs_mean': 7.266196201031139, 'std': 0.8549562435154233}}"
1,516,17.0,False,0.0,0.09666666666666666,6,4,SWITCH,ATTACK,0,31,24,0.7741935483870968,22,12.581288929304392,12.581288929304392,2.446341424691784,2.284993223289001,2.284993223289001,0.444300548908938,5.5060508718686645,"{'bias_segment_0_end': {'mean': 2.284993223289001, 'abs_mean': 2.284993223289001, 'std': 0.444300548908938}}"
1,517,17.0,False,0.0,0.07166666666666667,6,5,SWITCH,ATTACK,0,29,23,0.7931034482758621,18,11.686059059748949,11.686059059748949,2.7407644970992218,2.5301897251641665,2.5301897251641665,0.5934125554388703,4.618649322430049,"{'bias_segment_0_end': {'mean': 2.5301897251641665, 'abs_mean': 2.5301897251641665, 'std': 0.5934125554388703}}"
1,518,19.0,True,0.7002583979328166,0.0,1,6,ATTACK,ATTACK,1,19,19,1.0,13,11.531790483397454,11.531790483397454,3.0005493733492106,1.2235705742250083,1.2235705742250083,0.318370674963714,9.424703998542563,"{'bias_segment_0_end': {'mean': 1.2235705742250083, 'abs_mean': 1.2235705742250083, 'std': 0.318370674963714}}"
1,519,22.0,True,0.2886524822695035,0.0,4,6,ATTACK,ATTACK,1,26,24,0.9230769230769231,17,7.357099614615263,7.357099614615263,2.3027081237140186,0.7533520665510587,0.7533520665510587,0.23579263766086508,9.765818587711584,"{'bias_segment_0_end': {'mean': 0.7533520665510587, 'abs_mean': 0.7533520665510587, 'std': 0.23579263766086508}}"
1,520,21.0,True,0.5238095238095238,0.0,2,6,ATTACK,ATTACK,1,23,22,0.9565217391304348,16,10.491857917424364,10.491857917424364,2.1470924825700544,1.0467710700819293,1.0467710700819293,0.21421509071450154,10.023068288086318,"{'bias_segment_0_end': {'mean': 1.0467710700819293, 'abs_mean': 1.0467710700819293, 'std': 0.21421509071450154}}"
1,521,16.0,True,0.06097560975609756,0.0,5,6,SWITCH,ATTACK,0,32,24,0.75,23,14.420377446153601,14.420377446153601,3.4558359353137638,5.832169094754617,5.832169094754617,1.397676282312248,2.4725581875057623,"{'bias_segment_0_end': {'mean': 5.832169094754617, 'abs_mean': 5.832169094754617, 'std': 1.397676282312248}}"
1,522,23.0,True,0.40900098911968347,0.0,3,6,ATTACK,ATTACK,1,23,23,1.0,16,6.361766120632656,6.361766120632656,3.5065262689622316,0.5698256033139893,0.5698256033139893,0.31408077707657855,11.164409046616939,"{'bias_segment_0_end': {'mean': 0.5698256033139893, 'abs_mean': 0.5698256033139893, 'std': 0.31408077707657855}}"
1,523,19.0,False,0.0,0.045000000000000005,6,5,SWITCH,ATTACK,0,31,25,0.8064516129032258,22,13.91169770621749,13.91169770621749,2.6669649163709948,2.797018374425428,2.797018374425428,0.5362070131601397,4.973759855644593,"{'bias_segment_0_end': {'mean': 2.797018374425428, 'abs_mean': 2.797018374425428, 'std': 0.5362070131601397}}"
1,524,7.0,False,0.0,0.135,6,5,SWITCH,ATTACK,0,33,20,0.6060606060606061,24,18.1867883433738,18.1867883433738,1.9260369173812275,8.420883314240257,8.420883314240257,0.8917974869430724,-2.1597245401344973,"{'bias_segment_0_end': {'mean': 8.420883314240257, 'abs_mean': 8.420883314240257, 'std': 0.8917974869430724}}"
1,525,26.0,True,0.4545977011494253,0.0,3,6,ATTACK,ATTACK,1,26,26,1.0,18,5.977688041383059,5.977688041383059,4.022923963102013,0.48054064791218504,0.48054064791218504,0.32339902556761996,12.439505518116826,"{'bias_segment_0_end': {'mean': 0.48054064791218504, 'abs_mean': 0.48054064791218504, 'std': 0.32339902556761996}}"
1,526,23.0,True,0.3333333333333333,0.0,4,6,SWITCH,ATTACK,0,27,25,0.9259259259259259,17,7.752448783896877,7.752448783896877,3.9388896637866067,0.8251511049925666,0.8251511049925666,0.41924548605448114,9.395186817288108,"{'bias_segment_0_end': {'mean': 0.8251511049925666, 'abs_mean': 0.8251511049925666, 'std': 0.41924548605448114}}"
1,527,37.0,True,0.22456964006259783,0.0,4,6,ATTACK,ATTACK,1,45,41,0.9111111111111111,36,3.139234322867189,5.083736230858522,5.709718838192858,0.2105153741802389,0.3409126318086884,0.382890690551672,14.912138056859645,"{'bias_segment_0_end': {'mean': 0.2105153741802389, 'abs_mean': 0.3409126318086884, 'std': 0.382890690551672}}"
1,528,18.0,False,0.0,0.11666666666666665,6,5,SWITCH,ATTACK,0,30,24,0.8,20,10.82611823178191,10.82611823178191,4.09131436429524,2.101409199776197,2.101409199776197,0.7941466609026143,5.151837268502921,"{'bias_segment_0_end': {'mean': 2.101409199776197, 'abs_mean': 2.101409199776197, 'std': 0.7941466609026143}}"
1,529,19.0,True,0.3398692810457516,0.0,3,6,SWITCH,ATTACK,0,27,23,0.8518518518518519,19,9.996491493863651,9.996491493863651,2.567165343377273,1.3680033237713574,1.3680033237713574,0.35131233038776893,7.307359068620525,"{'bias_segment_0_end': {'mean': 1.3680033237713574, 'abs_mean': 1.3680033237713574, 'std': 0.35131233038776893}}"
1,530,17.0,False,0.0,0.021666666666666667,6,4,SWITCH,ATTACK,0,23,20,0.8695652173913043,15,11.881340633111208,11.881340633111208,2.5311310786783343,1.9601704656234815,1.9601704656234815,0.41758321205102833,6.061381314268526,"{'bias_segment_0_end': {'mean': 1.9601704656234815, 'abs_mean': 1.9601704656234815, 'std': 0.41758321205102833}}"
1,531,2.0,True,0.029228855721393037,0.0,5,6,SWITCH,ATTACK,0,26,14,0.5384615384615384,16,20.20013523068771,20.20013523068771,2.987082529860278,4.685456809003588,4.685456809003588,0.6928590338012811,-4.311241369650674,"{'bias_segment_0_end': {'mean': 4.685456809003588, 'abs_mean': 4.685456809003588, 'std': 0.6928590338012811}}"
1,532,34.0,True,0.3699186991869919,0.0,3,6,ATTACK,ATTACK,1,36,35,0.9722222222222222,28,4.305802927340384,4.736026382539389,4.308604048111786,0.27611448073561334,0.3037030461988102,0.276294105771948,15.594266971688818,"{'bias_segment_0_end': {'mean': 0.27611448073561334, 'abs_mean': 0.3037030461988102, 'std': 0.276294105771948}}"
1,533,16.0,True,0.16666666666666666,0.0,5,6,SWITCH,ATTACK,0,28,22,0.7857142857142857,18,12.667858644372048,12.667858644372048,2.8397047136704856,3.2205488116301764,3.2205488116301764,0.7219379295059567,3.9334471809976503,"{'bias_segment_0_end': {'mean': 3.2205488116301764, 'abs_mean': 3.2205488116301764, 'std': 0.7219379295059567}}"
1,534,17.0,False,0.0,0.05333333333333334,6,5,SWITCH,ATTACK,0,27,22,0.8148148148148148,17,11.401789639429488,11.401789639429488,5.508887254250327,2.4609595292879103,2.4609595292879103,1.1890368979652925,4.633066697658636,"{'bias_segment_0_end': {'mean': 2.4609595292879103, 'abs_mean': 2.4609595292879103, 'std': 1.1890368979652925}}"
1,535,17.0,False,0.0,0.028333333333333335,6,5,SWITCH,ATTACK,0,39,28,0.717948717948718,27,13.096042763326786,13.096042763326786,3.2908222247791987,4.023539585444517,4.023539585444517,1.0110499583231474,3.2548561994276852,"{'bias_segment_0_end': {'mean': 4.023539585444517, 'abs_mean': 4.023539585444517, 'std': 1.0110499583231474}}"
1,536,25.0,True,0.0,0.0,6,6,SWITCH,ATTACK,0,31,28,0.9032258064516129,21,6.887926478410139,6.912390194109827,4.487820669246216,0.7197351022088468,0.722291371497538,0.4689425879035304,9.570085517951377,"{'bias_segment_0_end': {'mean': 0.7197351022088468, 'abs_mean': 0.722291371497538, 'std': 0.4689425879035304}}"
1,537,19.0,True,0.42304421768707484,0.0,3,6,ATTACK,ATTACK,1,23,21,0.9130434782608695,15,10.758540351319457,10.758540351319457,1.8946022788672847,1.2624562945302,1.2624562945302,0.2223212902941728,8.521911133029006,"{'bias_segment_0_end': {'mean': 1.2624562945302, 'abs_mean': 1.2624562945302, 'std': 0.2223212902941728}}"
1,538,10.0,False,0.0,0.051666666666666666,6,3,SWITCH,ATTACK,0,22,16,0.7272727272727273,14,16.18866027244251,16.18866027244251,2.6870569505494166,15.674927876322023,15.674927876322023,2.601785644432268,1.0327741473628413,"{'bias_segment_0_end': {'mean': 15.674927876322023, 'abs_mean': 15.674927876322023, 'std': 2.601785644432268}}"
1,539,14.0,True,0.027994791666666668,0.0,5,6,SWITCH,ATTACK,0,32,23,0.71875,22,15.436587754904242,15.436587754904242,2.9270120603669043,11.185374019829318,11.185374019829318,2.120917211470752,1.3800689836154263,"{'bias_segment_0_end': {'mean': 11.185374019829318, 'abs_mean': 11.185374019829318, 'std': 2.120917211470752}}"
1,540,15.0,True,0.3890909090909091,0.0,3,6,SWITCH,ATTACK,0,23,19,0.8260869565217391,15,11.403403938310328,11.403403938310328,2.39577052620393,1.931720536216493,1.931720536216493,0.40584014655329864,5.903236894010178,"{'bias_segment_0_end': {'mean': 1.931720536216493, 'abs_mean': 1.931720536216493, 'std': 0.40584014655329864}}"
1,541,20.0,True,0.2125,0.0,4,6,SWITCH,SWITCH,1,26,23,0.8846153846153846,17,8.00621538250432,8.00621538250432,1.9952866379457634,0.925277857981722,0.925277857981722,0.23059516365902757,8.652768801760816,"{'bias_segment_0_end': {'mean': 0.925277857981722, 'abs_mean': 0.925277857981722, 'std': 0.23059516365902757}}"
1,542,16.0,True,0.5,0.0,3,6,ATTACK,ATTACK,1,18,17,0.9444444444444444,10,9.205374144079522,9.205374144079522,2.434075690288497,1.2554895135063533,1.2554895135063533,0.331975263189427,7.332099587491251,"{'bias_segment_0_end': {'mean': 1.2554895135063533, 'abs_mean': 1.2554895135063533, 'std': 0.331975263189427}}"
1,543,19.0,True,0.27576754385964913,0.0,4,6,SWITCH,ATTACK,0,29,24,0.8275862068965517,20,10.225601980181528,10.225601980181528,4.137857460973332,1.6320718593765593,1.6320718593765593,0.6604286704347188,6.265411612505617,"{'bias_segment_0_end': {'mean': 1.6320718593765593, 'abs_mean': 1.6320718593765593, 'std': 0.6604286704347188}}"
1,544,-4.0,False,0.0,0.08833333333333333,6,5,SWITCH,ATTACK,0,28,12,0.42857142857142855,18,22.696501323584357,22.696501323584357,3.1015478342310785,3.0438435964129344,3.0438435964129344,0.41595073970201496,-7.456526790775784,"{'bias_segment_0_end': {'mean': 3.0438435964129344, 'abs_mean': 3.0438435964129344, 'std': 0.41595073970201496}}"
1,545,23.0,True,0.19423558897243107,0.0,4,6,ATTACK,SWITCH,0,37,30,0.8108108108108109,28,13.52105039178931,13.52105039178931,3.581472523837024,2.134414902568443,2.134414902568443,0.5653664550099751,6.334780728675942,"{'bias_segment_0_end': {'mean': 2.134414902568443, 'abs_mean': 2.134414902568443, 'std': 0.5653664550099751}}"
1,546,25.0,True,0.5742690058479533,0.0,2,6,ATTACK,ATTACK,1,25,25,1.0,19,8.260477006612195,8.260477006612195,3.8345867232741053,0.6873844919724356,0.6873844919724356,0.3190899804686984,12.017258322062121,"{'bias_segment_0_end': {'mean': 0.6873844919724356, 'abs_mean': 0.6873844919724356, 'std': 0.3190899804686984}}"
1,547,22.0,True,0.5,0.0,3,6,ATTACK,ATTACK,1,24,23,0.9583333333333334,16,9.087923393138562,9.087923393138562,3.1833386724774098,0.9081900290650635,0.9081900290650635,0.31812288863085925,10.006631984821643,"{'bias_segment_0_end': {'mean': 0.9081900290650635, 'abs_mean': 0.9081900290650635, 'std': 0.31812288863085925}}"
1,548,17.0,True,0.08867521367521368,0.0,5,6,SWITCH,ATTACK,0,25,21,0.84,15,10.877410745247767,10.877410745247767,2.0086514214765105,1.673544994471433,1.673544994471433,0.309041242514316,6.499622526541783,"{'bias_segment_0_end': {'mean': 1.673544994471433, 'abs_mean': 1.673544994471433, 'std': 0.309041242514316}}"
1,549,18.0,True,0.3862530413625304,0.0,3,6,ATTACK,ATTACK,1,22,20,0.9090909090909091,14,9.160578853696533,9.160578853696533,1.741727944299086,1.0637293464504867,1.0637293464504867,0.20225000597382467,8.611757195816852,"{'bias_segment_0_end': {'mean': 1.0637293464504867, 'abs_mean': 1.0637293464504867, 'std': 0.20225000597382467}}"
1,550,23.0,True,0.5222602739726027,0.0,2,6,ATTACK,ATTACK,1,23,23,1.0,16,9.499330033397497,9.499330033397497,2.9925569346864083,0.8508582938633908,0.8508582938633908,0.26804436510620494,11.164409046616939,"{'bias_segment_0_end': {'mean': 0.8508582938633908, 'abs_mean': 0.8508582938633908, 'std': 0.26804436510620494}}"
1,551,22.0,True,0.49913776860248876,0.0,2,6,ATTACK,ATTACK,1,24,23,0.9583333333333334,18,10.052477941402111,10.052477941402111,3.259838253806595,1.0045815571762817,1.0045815571762817,0.3257677766856235,10.006631984821643,"{'bias_segment_0_end': {'mean': 1.0045815571762817, 'abs_mean': 1.0045815571762817, 'std': 0.3257677766856235}}"
1,552,25.0,True,0.4643765903307888,0.0,3,6,ATTACK,ATTACK,1,25,25,1.0,17,7.511752031026258,7.511752031026258,3.4052029290939836,0.6250803494201052,0.6250803494201052,0.28335938513050635,12.017258322062121,"{'bias_segment_0_end': {'mean': 0.6250803494201052, 'abs_mean': 0.6250803494201052, 'std': 0.28335938513050635}}"
1,553,16.0,False,0.0,0.11333333333333334,6,5,SWITCH,ATTACK,0,32,24,0.75,19,13.292147665412056,13.292147665412056,4.0861257356408505,4.554381995383814,4.554381995383814,1.4000579853398902,2.9185403593472357,"{'bias_segment_0_end': {'mean': 4.554381995383814, 'abs_mean': 4.554381995383814, 'std': 1.4000579853398902}}"
1,554,14.0,False,0.0,0.13166666666666668,6,5,SWITCH,ATTACK,0,30,22,0.7333333333333333,20,13.587244119403106,13.587244119403106,3.5950400460757503,7.772657429863444,7.772657429863444,2.0565623521022633,1.7480822025166516,"{'bias_segment_0_end': {'mean': 7.772657429863444, 'abs_mean': 7.772657429863444, 'std': 2.0565623521022633}}"
1,555,18.0,True,0.5,0.0,3,6,SWITCH,ATTACK,0,20,19,0.95,12,10.567119623215916,10.567119623215916,2.89492347221107,1.313827557182975,1.313827557182975,0.35993064991623713,8.043003486601588,"{'bias_segment_0_end': {'mean': 1.313827557182975, 'abs_mean': 1.313827557182975, 'std': 0.35993064991623713}}"
1,556,26.0,True,0.5,0.0,3,6,SWITCH,ATTACK,0,28,27,0.9642857142857143,20,7.541442594587894,7.541442594587894,4.76644895812942,0.6544264888926923,0.6544264888926923,0.41361986344541324,11.523742884167515,"{'bias_segment_0_end': {'mean': 0.6544264888926923, 'abs_mean': 0.6544264888926923, 'std': 0.41361986344541324}}"
1,557,17.0,False,0.0,0.049999999999999996,6,5,SWITCH,ATTACK,0,31,24,0.7741935483870968,21,11.191279618304128,11.191279618304128,3.2604150591247834,2.874952702390672,2.874952702390672,0.8375752733239685,3.892683037532408,"{'bias_segment_0_end': {'mean': 2.874952702390672, 'abs_mean': 2.874952702390672, 'std': 0.8375752733239685}}"
1,558,33.0,True,0.2814207650273224,0.0,4,6,SWITCH,ATTACK,0,39,36,0.9230769230769231,30,4.021987031167017,6.588815488971889,7.271986832038611,0.3141773747819653,0.5146850890385124,0.568050994355391,12.801644402173201,"{'bias_segment_0_end': {'mean': 0.3141773747819653, 'abs_mean': 0.5146850890385124, 'std': 0.568050994355391}}"
1,559,31.0,True,0.16666666666666666,0.0,5,6,SWITCH,ATTACK,0,71,51,0.7183098591549296,61,8.446164793795976,8.502393009450522,5.048661888797428,0.9705195680860181,0.9769805577663735,0.5801242664986982,8.702724882150326,"{'bias_segment_0_end': {'mean': 0.9705195680860181, 'abs_mean': 0.9769805577663735, 'std': 0.5801242664986982}}"
1,560,1.0,True,0.06858974358974358,0.0,5,6,SWITCH,ATTACK,0,31,16,0.5161290322580645,21,20.71464245147099,20.71464245147099,3.2116510305029045,3.580036081730586,3.580036081730586,0.5550579305466665,-5.786154658379184,"{'bias_segment_0_end': {'mean': 3.580036081730586, 'abs_mean': 3.580036081730586, 'std': 0.5550579305466665}}"
1,561,16.0,True,0.12553418803418803,0.0,5,6,SWITCH,ATTACK,0,30,23,0.7666666666666667,20,13.550773028878778,13.550773028878778,3.547289896541738,4.4905240729255205,4.4905240729255205,1.1755189641298396,3.017637320013434,"{'bias_segment_0_end': {'mean': 4.4905240729255205, 'abs_mean': 4.4905240729255205, 'std': 1.1755189641298396}}"
1,562,4.0,True,0.0792630676949443,0.0,5,6,SWITCH,ATTACK,0,32,18,0.5625,22,20.633094044725993,20.633094044725993,1.887047320199566,5.8310728383453405,5.8310728383453405,0.5332942480481083,-3.5384730420518915,"{'bias_segment_0_end': {'mean': 5.8310728383453405, 'abs_mean': 5.8310728383453405, 'std': 0.5332942480481083}}"
1,563,18.0,True,0.4559748427672956,0.0,3,6,SWITCH,ATTACK,0,24,21,0.875,16,11.766776019722647,11.766776019722647,2.0683819619138744,1.634283901090882,1.634283901090882,0.28727693431036316,7.1999583498732,"{'bias_segment_0_end': {'mean': 1.634283901090882, 'abs_mean': 1.634283901090882, 'std': 0.28727693431036316}}"
1,564,27.0,True,0.451171875,0.0,3,6,ATTACK,ATTACK,1,27,27,1.0,19,8.081225925432708,8.081225925432708,2.65726016413381,0.628449249856297,0.628449249856297,0.20664601784827544,12.858995260604708,"{'bias_segment_0_end': {'mean': 0.628449249856297, 'abs_mean': 0.628449249856297, 'std': 0.20664601784827544}}"
1,565,24.0,True,0.439453125,0.0,3,6,ATTACK,ATTACK,1,26,25,0.9615384615384616,18,9.625526509741857,9.625526509741857,2.8156554946740897,0.8619976547618724,0.8619976547618724,0.25215123874730627,11.16653445234827,"{'bias_segment_0_end': {'mean': 0.8619976547618724, 'abs_mean': 0.8619976547618724, 'std': 0.25215123874730627}}"
1,566,12.0,True,0.029914529914529916,0.0,5,6,SWITCH,ATTACK,0,26,19,0.7307692307692307,16,14.357023501123638,14.357023501123638,3.076723865914107,6.831488605401061,6.831488605401061,1.4639945410908268,2.1015951764558016,"{'bias_segment_0_end': {'mean': 6.831488605401061, 'abs_mean': 6.831488605401061, 'std': 1.4639945410908268}}"
1,567,-1.0,True,0.15027322404371585,0.0,5,6,SWITCH,ATTACK,0,45,22,0.4888888888888889,34,17.4328772308172,17.4328772308172,5.029399541374222,19.57836095079576,19.57836095079576,5.64837337423131,-0.8904155600476171,"{'bias_segment_0_end': {'mean': 19.57836095079576, 'abs_mean': 19.57836095079576, 'std': 5.64837337423131}}"
1,568,6.0,False,0.0,0.09499999999999999,6,4,SWITCH,ATTACK,0,26,16,0.6153846153846154,17,18.076095640196193,18.076095640196193,2.2928681595490676,15.550909779894958,15.550909779894958,1.9725601477263677,-1.1623818732178568,"{'bias_segment_0_end': {'mean': 15.550909779894958, 'abs_mean': 15.550909779894958, 'std': 1.9725601477263677}}"
1,569,9.0,True,0.16666666666666666,0.0,5,6,SWITCH,ATTACK,0,29,19,0.6551724137931034,20,16.60099719952347,16.60099719952347,2.5677178025589114,15.81842246018998,15.81842246018998,2.446675008209354,-1.0494723630819056,"{'bias_segment_0_end': {'mean': 15.81842246018998, 'abs_mean': 15.81842246018998, 'std': 2.446675008209354}}"
1,570,19.0,True,0.39341085271317827,0.0,3,6,SWITCH,ATTACK,0,25,22,0.88,17,10.616985484184971,10.616985484184971,2.7338121730422698,1.4359381796812567,1.4359381796812567,0.3697457513901961,7.393762234626065,"{'bias_segment_0_end': {'mean': 1.4359381796812567, 'abs_mean': 1.4359381796812567, 'std': 0.3697457513901961}}"
1,571,14.0,True,0.0695970695970696,0.0,5,6,SWITCH,ATTACK,0,24,19,0.7916666666666666,14,13.750817812218093,13.750817812218093,2.492118110121503,3.7436661113238103,3.7436661113238103,0.678480235989199,3.673088732626217,"{'bias_segment_0_end': {'mean': 3.7436661113238103, 'abs_mean': 3.7436661113238103, 'std': 0.678480235989199}}"
1,572,12.0,True,0.005474452554744526,0.0,5,6,SWITCH,ATTACK,0,24,18,0.75,15,15.719504667019926,15.719504667019926,1.960114445619409,7.51279993631082,7.51279993631082,0.9367946378811144,2.0923630071718677,"{'bias_segment_0_end': {'mean': 7.51279993631082, 'abs_mean': 7.51279993631082, 'std': 0.9367946378811144}}"
1,573,5.0,False,0.0,0.16666666666666666,6,1,SWITCH,ATTACK,0,21,13,0.6190476190476191,15,17.54996065362972,17.54996065362972,1.8429166575864144,9.734056463689148,9.734056463689148,1.022170656497127,-1.8029442010220673,"{'bias_segment_0_end': {'mean': 9.734056463689148, 'abs_mean': 9.734056463689148, 'std': 1.022170656497127}}"
1,574,28.0,True,0.31913774973711884,0.0,4,6,SWITCH,ATTACK,0,32,30,0.9375,23,8.139506480786098,8.139506480786098,4.364532769005964,0.7063204993664637,0.7063204993664637,0.3787402801610473,11.52381459703754,"{'bias_segment_0_end': {'mean': 0.7063204993664637, 'abs_mean': 0.7063204993664637, 'std': 0.3787402801610473}}"
1,575,22.0,True,0.5948717948717949,0.0,2,6,ATTACK,ATTACK,1,22,22,1.0,16,11.973810071975652,11.973810071975652,3.1334912315930477,1.1155274729421605,1.1155274729421605,0.29192842829923565,10.733765292570691,"{'bias_segment_0_end': {'mean': 1.1155274729421605, 'abs_mean': 1.1155274729421605, 'std': 0.29192842829923565}}"
1,576,8.0,False,0.0,0.09833333333333333,6,4,SWITCH,ATTACK,0,28,18,0.6428571428571429,18,18.322120232257795,18.322120232257795,2.2914941688822625,14.130734051413425,14.130734051413425,1.7672897170400088,-1.29661489386145,"{'bias_segment_0_end': {'mean': 14.130734051413425, 'abs_mean': 14.130734051413425, 'std': 1.7672897170400088}}"
1,577,18.0,True,0.2895480225988701,0.0,4,6,SWITCH,ATTACK,0,26,22,0.8461538461538461,17,9.387805327251304,9.387805327251304,3.3327806066391448,1.2416474284543335,1.2416474284543335,0.4407993482591305,7.56076573116873,"{'bias_segment_0_end': {'mean': 1.2416474284543335, 'abs_mean': 1.2416474284543335, 'std': 0.4407993482591305}}"
1,578,23.0,True,0.5798212005108557,0.0,2,6,ATTACK,ATTACK,1,27,25,0.9259259259259259,20,10.912150446802425,10.912150446802425,2.716717797540802,1.071567015129379,1.071567015129379,0.2667801544206813,10.183357916709403,"{'bias_segment_0_end': {'mean': 1.071567015129379, 'abs_mean': 1.071567015129379, 'std': 0.2667801544206813}}"
1,579,25.0,True,0.33643122676579923,0.0,3,6,ATTACK,ATTACK,1,27,26,0.9629629629629629,19,8.829456039515255,8.829456039515255,1.8312836671046981,0.7792842624643153,0.7792842624643153,0.16162836481611603,11.33021217648364,"{'bias_segment_0_end': {'mean': 0.7792842624643153, 'abs_mean': 0.7792842624643153, 'std': 0.16162836481611603}}"
1,580,21.0,True,0.08136482939632546,0.0,5,6,SWITCH,ATTACK,0,37,29,0.7837837837837838,27,11.678956294300471,11.678956294300471,4.511030094305947,2.41079567708134,2.41079567708134,0.9311766887803045,4.844440532778682,"{'bias_segment_0_end': {'mean': 2.41079567708134, 'abs_mean': 2.41079567708134, 'std': 0.9311766887803045}}"
1,581,22.0,True,0.294811320754717,0.0,4,6,ATTACK,ATTACK,1,26,24,0.9230769230769231,17,10.052800667949983,10.052800667949983,2.0691154347405964,1.077788960493049,1.077788960493049,0.22183567019875647,9.327244049105117,"{'bias_segment_0_end': {'mean': 1.077788960493049, 'abs_mean': 1.077788960493049, 'std': 0.22183567019875647}}"
1,582,16.0,True,0.52660406885759,0.0,2,6,ATTACK,ATTACK,1,16,16,1.0,9,9.503760072145155,9.503760072145155,2.463683658691154,1.1748272365547272,1.1748272365547272,0.3045534233306727,8.089495864954301,"{'bias_segment_0_end': {'mean': 1.1748272365547272, 'abs_mean': 1.1748272365547272, 'std': 0.3045534233306727}}"
1,583,4.0,False,0.0,0.023333333333333334,6,5,SWITCH,ATTACK,0,44,24,0.5454545454545454,33,21.066785756142295,21.066785756142295,3.2231198434190707,4.332568834334105,4.332568834334105,0.6628627995065544,-4.862423786367876,"{'bias_segment_0_end': {'mean': 4.332568834334105, 'abs_mean': 4.332568834334105, 'std': 0.6628627995065544}}"
1,584,17.0,False,0.0,0.06666666666666667,6,5,SWITCH,ATTACK,0,29,23,0.7931034482758621,19,8.171742633759266,8.171742633759266,3.981877236122777,1.1977900597028133,1.1977900597028133,0.5836518826083821,6.82234968270381,"{'bias_segment_0_end': {'mean': 1.1977900597028133, 'abs_mean': 1.1977900597028133, 'std': 0.5836518826083821}}"
1,585,33.0,True,0.3168724279835391,0.0,4,6,ATTACK,ATTACK,1,37,35,0.9459459459459459,28,2.873943681283184,6.647721342255095,7.610749555572124,0.19026323932204195,0.44009804538793207,0.5038532499931964,15.105091721994237,"{'bias_segment_0_end': {'mean': 0.19026323932204195, 'abs_mean': 0.44009804538793207, 'std': 0.5038532499931964}}"
1,586,8.0,True,0.2979616306954436,0.0,4,6,SWITCH,ATTACK,0,34,21,0.6176470588235294,23,19.263448541142264,19.263448541142264,2.8786072246221615,6.748295379654756,6.748295379654756,1.0084223389321885,-2.8545651097637315,"{'bias_segment_0_end': {'mean': 6.748295379654756, 'abs_mean': 6.748295379654756, 'std': 1.0084223389321885}}"
1,587,-5.0,True,0.012300123001230012,0.0,5,6,SWITCH,ATTACK,0,41,18,0.43902439024390244,31,25.434258869758573,25.434258869758573,4.87565959956963,2.511949730670328,2.511949730670328,0.48153208948192894,-10.125305677582688,"{'bias_segment_0_end': {'mean': 2.511949730670328, 'abs_mean': 2.511949730670328, 'std': 0.48153208948192894}}"
1,588,6.0,False,0.0,0.011666666666666667,6,3,SWITCH,ATTACK,0,20,13,0.65,12,16.67363582184009,16.67363582184009,1.5357184026943738,16.182194872530463,16.182194872530463,1.4904544352096207,-1.0303692393510757,"{'bias_segment_0_end': {'mean': 16.182194872530463, 'abs_mean': 16.182194872530463, 'std': 1.4904544352096207}}"
1,589,17.0,True,0.3333333333333333,0.0,4,6,SWITCH,ATTACK,0,25,21,0.84,16,9.932375800602578,9.932375800602578,2.4082807926979624,1.2704590006595686,1.2704590006595686,0.3080453328208812,7.8179428029130476,"{'bias_segment_0_end': {'mean': 1.2704590006595686, 'abs_mean': 1.2704590006595686, 'std': 0.3080453328208812}}"
1,590,18.0,True,0.5208333333333334,0.0,2,6,ATTACK,ATTACK,1,18,18,1.0,11,9.550793220189306,9.550793220189306,3.3389639037002024,1.063258566168312,1.063258566168312,0.37171592881221005,8.98256879754819,"{'bias_segment_0_end': {'mean': 1.063258566168312, 'abs_mean': 1.063258566168312, 'std': 0.37171592881221005}}"
1,591,18.0,True,0.25308641975308643,0.0,4,6,SWITCH,ATTACK,0,24,21,0.875,15,9.556114983290662,9.556114983290662,2.3094587856140034,1.2048628241725057,1.2048628241725057,0.29118329358849,7.9312887671289545,"{'bias_segment_0_end': {'mean': 1.2048628241725057, 'abs_mean': 1.2048628241725057, 'std': 0.29118329358849}}"
1,592,17.0,True,0.0881294964028777,0.0,5,6,SWITCH,ATTACK,0,39,28,0.717948717948718,29,12.550959798982097,12.550959798982097,5.793327303995389,3.130161821360765,3.130161821360765,1.4448338801215792,4.00968400845355,"{'bias_segment_0_end': {'mean': 3.130161821360765, 'abs_mean': 3.130161821360765, 'std': 1.4448338801215792}}"
1,593,29.0,True,0.5928659286592866,0.0,2,6,ATTACK,ATTACK,1,29,29,1.0,22,6.052500716245739,6.332281947651252,5.280273303762639,0.44211806033779233,0.4625552880469781,0.385709031780341,13.689783926993247,"{'bias_segment_0_end': {'mean': 0.44211806033779233, 'abs_mean': 0.4625552880469781, 'std': 0.385709031780341}}"
1,594,12.0,True,0.16666666666666666,0.0,5,6,SWITCH,ATTACK,0,26,19,0.7307692307692307,17,14.458952115819828,14.458952115819828,2.638129960169249,7.372733857272572,7.372733857272572,1.3452032983734745,1.9611384861746108,"{'bias_segment_0_end': {'mean': 7.372733857272572, 'abs_mean': 7.372733857272572, 'std': 1.3452032983734745}}"
1,595,-7.0,False,0.0,0.07833333333333332,6,4,SWITCH,ATTACK,0,43,18,0.4186046511627907,34,24.09010659388462,24.09010659388462,7.495341167717383,3.5319458486140234,3.5319458486140234,1.0989216265230446,-6.820633052269997,"{'bias_segment_0_end': {'mean': 3.5319458486140234, 'abs_mean': 3.5319458486140234, 'std': 1.0989216265230446}}"
1,596,25.0,True,0.3333333333333333,0.0,4,6,ATTACK,ATTACK,1,25,25,1.0,17,5.543189637837782,5.543189637837782,3.637024634044231,0.46126907563110353,0.46126907563110353,0.30265011673811887,12.017258322062121,"{'bias_segment_0_end': {'mean': 0.46126907563110353, 'abs_mean': 0.46126907563110353, 'std': 0.30265011673811887}}"
1,597,22.0,True,0.10219478737997256,0.0,5,6,SWITCH,ATTACK,0,36,29,0.8055555555555556,26,10.589040412481888,10.589040412481888,3.6703791738211513,1.549629998125746,1.549629998125746,0.537133625965277,6.833270151771178,"{'bias_segment_0_end': {'mean': 1.549629998125746, 'abs_mean': 1.549629998125746, 'std': 0.537133625965277}}"
1,598,20.0,True,0.5352112676056339,0.0,2,6,ATTACK,ATTACK,1,20,20,1.0,13,10.924958444607535,10.924958444607535,3.4962166230066374,1.1075660402916625,1.1075660402916625,0.3544444421256978,9.863934110629282,"{'bias_segment_0_end': {'mean': 1.1075660402916625, 'abs_mean': 1.1075660402916625, 'std': 0.3544444421256978}}"
1,599,4.0,False,0.0,0.16666666666666666,6,5,SWITCH,ATTACK,0,30,17,0.5666666666666667,20,19.364705716499273,19.364705716499273,2.5677733007718997,6.554060409974965,6.554060409974965,0.8690729195043113,-2.9546120275344303,"{'bias_segment_0_end': {'mean': 6.554060409974965, 'abs_mean': 6.554060409974965, 'std': 0.8690729195043113}}"
1,600,15.0,True,0.030120481927710843,0.0,5,6,SWITCH,ATTACK,0,23,19,0.8260869565217391,13,11.63576885116198,11.63576885116198,2.262551715645166,2.478748424813761,2.478748424813761,0.48198761705850385,4.694211294168034,"{'bias_segment_0_end': {'mean': 2.478748424813761, 'abs_mean': 2.478748424813761, 'std': 0.48198761705850385}}"
1,601,6.0,False,0.0,0.049999999999999996,6,5,SWITCH,ATTACK,0,32,19,0.59375,22,18.126435056490667,18.126435056490667,2.559870584254242,7.342562404540996,7.342562404540996,1.036939114274716,-2.468679741186864,"{'bias_segment_0_end': {'mean': 7.342562404540996, 'abs_mean': 7.342562404540996, 'std': 1.036939114274716}}"
1,602,18.0,True,0.10012437810945274,0.0,5,6,SWITCH,ATTACK,0,36,27,0.75,26,14.743148476966642,14.743148476966642,4.126562051150343,5.313118315736145,5.313118315736145,1.4871255247304944,2.7748579272742853,"{'bias_segment_0_end': {'mean': 5.313118315736145, 'abs_mean': 5.313118315736145, 'std': 1.4871255247304944}}"
1,603,6.0,True,0.036337209302325583,0.0,5,6,SWITCH,ATTACK,0,30,18,0.6,21,18.417542021082635,18.417542021082635,2.3714362304606147,6.045231127961967,6.045231127961967,0.7783818330343406,-3.0466233021088405,"{'bias_segment_0_end': {'mean': 6.045231127961967, 'abs_mean': 6.045231127961967, 'std': 0.7783818330343406}}"
1,604,24.0,True,0.16666666666666666,0.0,5,6,ATTACK,ATTACK,1,36,30,0.8333333333333334,27,7.477415690946188,7.601877381113983,5.009630576650592,0.7688894644939208,0.781687640529392,0.515131474642656,9.72495532354288,"{'bias_segment_0_end': {'mean': 0.7688894644939208, 'abs_mean': 0.781687640529392, 'std': 0.515131474642656}}"
1,605,14.0,True,0.31666666666666665,0.0,4,6,SWITCH,ATTACK,0,24,19,0.7916666666666666,15,13.34209833837025,13.34209833837025,3.4543179818011187,4.006377570233717,4.006377570233717,1.0372657832196348,3.330214914714571,"{'bias_segment_0_end': {'mean': 4.006377570233717, 'abs_mean': 4.006377570233717, 'std': 1.0372657832196348}}"
1,606,0.0,True,0.11351909184726522,0.0,5,6,SWITCH,ATTACK,0,42,21,0.5,31,24.17989281000569,24.17989281000569,4.696524174783156,2.846327421157104,2.846327421157104,0.55284966099109,-8.495119932539577,"{'bias_segment_0_end': {'mean': 2.846327421157104, 'abs_mean': 2.846327421157104, 'std': 0.55284966099109}}"
1,607,18.0,True,0.25,0.0,4,6,SWITCH,ATTACK,0,34,26,0.7647058823529411,25,8.174118429908129,8.174118429908129,3.2327296588189998,0.7280296889390985,0.7280296889390985,0.2879237911849836,11.227726772818347,"{'bias_segment_0_end': {'mean': 0.7280296889390985, 'abs_mean': 0.7280296889390985, 'std': 0.2879237911849836}}"
1,608,10.0,True,0.3868808567603748,0.0,3,6,SWITCH,SWITCH,1,30,20,0.6666666666666666,21,12.576212979330624,12.576212979330624,1.7934700743050274,3.475752941763119,3.475752941763119,0.49567058835398375,3.618270110116396,"{'bias_segment_0_end': {'mean': 3.475752941763119, 'abs_mean': 3.475752941763119, 'std': 0.49567058835398375}}"
1,609,11.0,False,0.0,0.10666666666666667,6,5,SWITCH,ATTACK,0,27,19,0.7037037037037037,18,16.37988891168787,16.37988891168787,2.3185020057604584,31.070397391121727,31.070397391121727,4.397879561911337,0.5271863344872563,"{'bias_segment_0_end': {'mean': 31.070397391121727, 'abs_mean': 31.070397391121727, 'std': 4.397879561911337}}"
1,610,18.0,True,0.43656716417910446,0.0,3,6,ATTACK,ATTACK,1,18,18,1.0,11,7.45562002021779,7.45562002021779,3.0389819098637467,0.8300097876514806,0.8300097876514806,0.3383199147545904,8.98256879754819,"{'bias_segment_0_end': {'mean': 0.8300097876514806, 'abs_mean': 0.8300097876514806, 'std': 0.3383199147545904}}"
1,611,9.0,True,0.8560283687943263,0.0,0,6,ATTACK,ATTACK,1,13,11,0.8461538461538461,8,17.290474165285993,17.290474165285993,2.6632992453863893,3.0524840538414537,3.0524840538414537,0.47018250624218566,5.664394591521775,"{'bias_segment_0_end': {'mean': 3.0524840538414537, 'abs_mean': 3.0524840538414537, 'std': 0.47018250624218566}}"
1,612,21.0,True,0.6512225828959742,0.0,1,6,ATTACK,ATTACK,1,23,22,0.9565217391304348,17,10.425316250534872,10.425316250534872,4.463820492733554,1.0559701663416923,1.0559701663416923,0.45213604603979946,9.872737490920207,"{'bias_segment_0_end': {'mean': 1.0559701663416923, 'abs_mean': 1.0559701663416923, 'std': 0.45213604603979946}}"
1,613,8.0,False,0.0,0.16666666666666666,6,4,SWITCH,ATTACK,0,20,14,0.7,11,13.725261783676341,13.725261783676341,2.54718814118494,6.9162802867958035,6.9162802867958035,1.283550536616335,1.984486055297656,"{'bias_segment_0_end': {'mean': 6.9162802867958035, 'abs_mean': 6.9162802867958035, 'std': 1.283550536616335}}"
1,614,21.0,True,0.39107611548556437,0.0,3,6,ATTACK,ATTACK,1,23,22,0.9565217391304348,15,8.418707153059291,8.418707153059291,1.8441457094610012,0.8786885463151805,0.8786885463151805,0.19247963887790215,9.580991112679818,"{'bias_segment_0_end': {'mean': 0.8786885463151805, 'abs_mean': 0.8786885463151805, 'std': 0.19247963887790215}}"
1,615,19.0,True,0.6442307692307693,0.0,2,6,ATTACK,ATTACK,1,21,20,0.9523809523809523,14,11.343657111786436,11.343657111786436,2.5234987413917764,1.2419408537903895,1.2419408537903895,0.27628093396500036,9.13381428525016,"{'bias_segment_0_end': {'mean': 1.2419408537903895, 'abs_mean': 1.2419408537903895, 'std': 0.27628093396500036}}"
1,616,22.0,True,0.6255707762557078,0.0,2,6,ATTACK,ATTACK,1,22,22,1.0,15,10.789135028696178,10.789135028696178,4.081801782136588,1.005158463467038,1.005158463467038,0.3802767873974086,10.733765292570691,"{'bias_segment_0_end': {'mean': 1.005158463467038, 'abs_mean': 1.005158463467038, 'std': 0.3802767873974086}}"
1,617,11.0,False,0.0,0.005,6,4,SWITCH,ATTACK,0,31,21,0.6774193548387096,22,14.350789996120275,14.350789996120275,2.505530565682262,6.630150991521163,6.630150991521163,1.1575701385663006,2.1644740842964962,"{'bias_segment_0_end': {'mean': 6.630150991521163, 'abs_mean': 6.630150991521163, 'std': 1.1575701385663006}}"
1,618,13.0,True,0.2513020833333333,0.0,4,6,SWITCH,ATTACK,0,27,20,0.7407407407407407,19,15.659128084143019,15.659128084143019,1.6856100960514016,8.92644335340632,8.92644335340632,0.9608774484429456,1.7542404588460774,"{'bias_segment_0_end': {'mean': 8.92644335340632, 'abs_mean': 8.92644335340632, 'std': 0.9608774484429456}}"
1,619,19.0,True,0.3002544529262086,0.0,4,6,SWITCH,ATTACK,0,21,20,0.9523809523809523,13,7.994824800285086,7.994824800285086,3.243348719686329,0.9418790303113449,0.9418790303113449,0.38210245044403857,8.488165192129117,"{'bias_segment_0_end': {'mean': 0.9418790303113449, 'abs_mean': 0.9418790303113449, 'std': 0.38210245044403857}}"
1,620,21.0,True,0.2296969696969697,0.0,4,6,ATTACK,ATTACK,1,25,23,0.92,16,5.6096979111532095,5.6096979111532095,2.9472227340895403,0.4762837606811116,0.4762837606811116,0.25022993209066874,11.77805832206212,"{'bias_segment_0_end': {'mean': 0.4762837606811116, 'abs_mean': 0.4762837606811116, 'std': 0.25022993209066874}}"
1,621,18.0,True,0.29345238095238096,0.0,4,6,SWITCH,ATTACK,0,28,23,0.8214285714285714,19,12.118405640248515,12.118405640248515,3.990853346785842,2.266644017477385,2.266644017477385,0.7464549489148989,5.346408852385848,"{'bias_segment_0_end': {'mean': 2.266644017477385, 'abs_mean': 2.266644017477385, 'std': 0.7464549489148989}}"
1,622,20.0,True,0.4442508710801394,0.0,3,6,ATTACK,ATTACK,1,20,20,1.0,12,9.080017972958364,9.080017972958364,2.3119611076993647,0.9205270302012483,0.9205270302012483,0.23438529513371514,9.863934110629282,"{'bias_segment_0_end': {'mean': 0.9205270302012483, 'abs_mean': 0.9205270302012483, 'std': 0.23438529513371514}}"
1,623,5.0,True,0.14575645756457564,0.0,5,6,SWITCH,ATTACK,0,45,25,0.5555555555555556,36,15.082715733488785,15.082715733488785,4.5501000108367355,18.63273937437576,18.63273937437576,5.621058510107883,-0.8094738744766076,"{'bias_segment_0_end': {'mean': 18.63273937437576, 'abs_mean': 18.63273937437576, 'std': 5.621058510107883}}"
1,624,13.0,False,0.0,0.0033333333333333335,6,5,SWITCH,ATTACK,0,35,24,0.6857142857142857,24,11.649778038387401,11.649778038387401,4.203875628348108,2.9131785951214098,2.9131785951214098,1.0512338052023085,3.9989920487184847,"{'bias_segment_0_end': {'mean': 2.9131785951214098, 'abs_mean': 2.9131785951214098, 'std': 1.0512338052023085}}"
1,625,25.0,True,0.5,0.0,3,6,SWITCH,ATTACK,0,27,26,0.9629629629629629,19,7.08196404081947,7.095572837169846,5.073027877962968,0.638096930705168,0.6393231062592538,0.4570883867316773,11.098570922435108,"{'bias_segment_0_end': {'mean': 0.638096930705168, 'abs_mean': 0.6393231062592538, 'std': 0.4570883867316773}}"
1,626,14.0,False,0.0,0.05666666666666667,6,4,SWITCH,ATTACK,0,30,22,0.7333333333333333,21,14.512186902792804,14.512186902792804,2.83290033727753,7.401185321357719,7.401185321357719,1.444773315942673,1.9607922613307298,"{'bias_segment_0_end': {'mean': 7.401185321357719, 'abs_mean': 7.401185321357719, 'std': 1.444773315942673}}"
1,627,22.0,True,0.21853741496598642,0.0,4,6,ATTACK,ATTACK,1,24,23,0.9583333333333334,16,9.019878834470783,9.019878834470783,2.085267815222666,0.9136504382052184,0.9136504382052184,0.2112229984589599,9.872352113341616,"{'bias_segment_0_end': {'mean': 0.9136504382052184, 'abs_mean': 0.9136504382052184, 'std': 0.2112229984589599}}"
1,628,8.0,True,0.16666666666666666,0.0,5,6,ATTACK,ATTACK,1,42,25,0.5952380952380952,34,18.352544425663854,18.352544425663854,4.587462360164614,5.464710864147174,5.464710864147174,1.3659770992517835,-3.358374282173109,"{'bias_segment_0_end': {'mean': 5.464710864147174, 'abs_mean': 5.464710864147174, 'std': 1.3659770992517835}}"
1,629,5.0,False,0.0,0.15166666666666667,6,5,SWITCH,ATTACK,0,27,16,0.5925925925925926,17,16.71259324237184,16.71259324237184,2.6597537875825195,7.559786029913834,7.559786029913834,1.2031148747998333,-2.210723051716099,"{'bias_segment_0_end': {'mean': 7.559786029913834, 'abs_mean': 7.559786029913834, 'std': 1.2031148747998333}}"
1,630,19.0,True,0.21841397849462366,0.0,4,6,SWITCH,ATTACK,0,29,24,0.8275862068965517,20,11.716641853480665,11.716641853480665,3.161162547122553,1.9405919045075333,1.9405919045075333,0.5235737786041533,6.037663986057909,"{'bias_segment_0_end': {'mean': 1.9405919045075333, 'abs_mean': 1.9405919045075333, 'std': 0.5235737786041533}}"
1,631,10.0,True,0.2220026350461133,0.0,4,6,SWITCH,ATTACK,0,22,16,0.7272727272727273,14,12.262985785559561,12.262985785559561,2.188654541630008,3.1475790656141585,3.1475790656141585,0.5617688332647465,3.8960056379606134,"{'bias_segment_0_end': {'mean': 3.1475790656141585, 'abs_mean': 3.1475790656141585, 'std': 0.5617688332647465}}"
1,632,22.0,True,0.2431077694235589,0.0,4,6,ATTACK,ATTACK,1,24,23,0.9583333333333334,16,6.526851817387372,6.526851817387372,2.8100045335782173,0.5794503883363119,0.5794503883363119,0.2494706887432399,11.263866499644488,"{'bias_segment_0_end': {'mean': 0.5794503883363119, 'abs_mean': 0.5794503883363119, 'std': 0.2494706887432399}}"
1,633,1.0,True,0.08300653594771241,0.0,5,6,SWITCH,ATTACK,0,43,22,0.5116279069767442,32,20.36795526673945,20.36795526673945,2.157889212854946,4.081154752942377,4.081154752942377,0.43237918102398903,-4.99073338301,"{'bias_segment_0_end': {'mean': 4.081154752942377, 'abs_mean': 4.081154752942377, 'std': 0.43237918102398903}}"
1,634,30.0,True,0.4837962962962963,0.0,3,6,ATTACK,ATTACK,1,34,32,0.9411764705882353,26,5.677440779409105,5.7828605686604435,3.96402526128484,0.4196333592325117,0.4274251904487109,0.29299068032702913,13.529526798805652,"{'bias_segment_0_end': {'mean': 0.4196333592325117, 'abs_mean': 0.4274251904487109, 'std': 0.29299068032702913}}"
1,635,20.0,True,0.6190476190476191,0.0,2,6,ATTACK,ATTACK,1,20,20,1.0,13,8.954110790264883,8.954110790264883,3.349828490611553,0.9077626320127198,0.9077626320127198,0.33960369696729925,9.863934110629282,"{'bias_segment_0_end': {'mean': 0.9077626320127198, 'abs_mean': 0.9077626320127198, 'std': 0.33960369696729925}}"
1,636,17.0,True,0.6019184652278177,0.0,2,6,ATTACK,ATTACK,1,17,17,1.0,10,10.748696424659801,10.748696424659801,2.7542134986503997,1.2589971238511266,1.2589971238511266,0.3226016194221943,8.537506735345655,"{'bias_segment_0_end': {'mean': 1.2589971238511266, 'abs_mean': 1.2589971238511266, 'std': 0.3226016194221943}}"
1,637,20.0,True,0.4268084186530941,0.0,2,6,ATTACK,ATTACK,1,22,21,0.9545454545454546,16,10.218737830538918,10.218737830538918,2.4545784611250765,1.0710852884020192,1.0710852884020192,0.25727863093644754,9.54054540865231,"{'bias_segment_0_end': {'mean': 1.0710852884020192, 'abs_mean': 1.0710852884020192, 'std': 0.25727863093644754}}"
1,638,5.0,False,0.0,0.015,6,5,SWITCH,ATTACK,0,31,18,0.5806451612903226,22,19.27323038988456,19.27323038988456,3.0782280735861933,207.29892228547735,207.29892228547735,33.1087912765381,0.09297313356671887,"{'bias_segment_0_end': {'mean': 207.29892228547735, 'abs_mean': 207.29892228547735, 'std': 33.1087912765381}}"
1,639,12.0,True,0.11805555555555557,0.0,5,6,SWITCH,ATTACK,0,28,20,0.7142857142857143,18,13.97194581040275,13.97194581040275,3.2558133076878812,6.848534817342013,6.848534817342013,1.5958801371720446,2.0401364938705835,"{'bias_segment_0_end': {'mean': 6.848534817342013, 'abs_mean': 6.848534817342013, 'std': 1.5958801371720446}}"
1,640,4.0,False,0.0,0.10666666666666667,6,4,SWITCH,ATTACK,0,22,13,0.5909090909090909,14,18.524315725286595,18.524315725286595,2.3693186366948664,8.643520181814754,8.643520181814754,1.1055336001138611,-2.1431448455757884,"{'bias_segment_0_end': {'mean': 8.643520181814754, 'abs_mean': 8.643520181814754, 'std': 1.1055336001138611}}"
1,641,21.0,False,0.0,0.08666666666666667,6,4,SWITCH,ATTACK,0,27,24,0.8888888888888888,18,9.38302197004139,9.38302197004139,3.5660452255732307,1.2108032663999742,1.2108032663999742,0.4601693591936729,7.74941910913364,"{'bias_segment_0_end': {'mean': 1.2108032663999742, 'abs_mean': 1.2108032663999742, 'std': 0.4601693591936729}}"
1,642,19.0,True,0.5124378109452736,0.0,2,6,ATTACK,ATTACK,1,21,20,0.9523809523809523,15,10.192431884937491,10.192431884937491,2.6317110821006233,1.136596408756866,1.136596408756866,0.29347199947655667,8.967503158034166,"{'bias_segment_0_end': {'mean': 1.136596408756866, 'abs_mean': 1.136596408756866, 'std': 0.29347199947655667}}"
1,643,20.0,True,0.3333333333333333,0.0,4,6,SWITCH,ATTACK,0,24,22,0.9166666666666666,15,8.708824945076413,8.708824945076413,4.159459595103744,1.0769802636540131,1.0769802636540131,0.514381207527388,8.086336620068444,"{'bias_segment_0_end': {'mean': 1.0769802636540131, 'abs_mean': 1.0769802636540131, 'std': 0.514381207527388}}"
1,644,24.0,True,0.6115760111576011,0.0,2,6,ATTACK,ATTACK,1,24,24,1.0,17,8.978429812860597,8.978429812860597,3.433136209690486,0.7745211598656203,0.7745211598656203,0.2961583143744535,11.59223308297782,"{'bias_segment_0_end': {'mean': 0.7745211598656203, 'abs_mean': 0.7745211598656203, 'std': 0.2961583143744535}}"
1,645,22.0,True,0.3333333333333333,0.0,4,6,ATTACK,ATTACK,1,26,24,0.9230769230769231,17,8.875974967535408,8.875974967535408,1.8672410993096986,0.901821431038294,0.901821431038294,0.18971640258473632,9.842275490521702,"{'bias_segment_0_end': {'mean': 0.901821431038294, 'abs_mean': 0.901821431038294, 'std': 0.18971640258473632}}"
1,646,17.0,True,0.3062893081761006,0.0,4,6,SWITCH,ATTACK,0,37,27,0.7297297297297297,28,13.35683774253638,13.35683774253638,4.190621583796796,4.235740998399577,4.235740998399577,1.3289363840018895,3.1533650777002413,"{'bias_segment_0_end': {'mean': 4.235740998399577, 'abs_mean': 4.235740998399577, 'std': 1.3289363840018895}}"
1,647,23.0,True,0.366263440860215,0.0,3,6,SWITCH,ATTACK,0,27,25,0.9259259259259259,19,10.248210207769594,10.248210207769594,3.665762243344236,1.0511272219433598,1.0511272219433598,0.37598589461309323,9.749733423155337,"{'bias_segment_0_end': {'mean': 1.0511272219433598, 'abs_mean': 1.0511272219433598, 'std': 0.37598589461309323}}"
1,648,-12.0,False,0.0,0.08333333333333333,6,3,SWITCH,ATTACK,0,50,19,0.38,42,26.295269088342003,26.295269088342003,6.209882824110473,2.0990007516621225,2.0990007516621225,0.4956993850015572,-12.527517709328942,"{'bias_segment_0_end': {'mean': 2.0990007516621225, 'abs_mean': 2.0990007516621225, 'std': 0.4956993850015572}}"
1,649,19.0,True,0.6666666666666666,0.0,2,6,ATTACK,ATTACK,1,19,19,1.0,13,13.730021427579198,13.730021427579198,3.5877953225033385,1.4568119518344986,1.4568119518344986,0.3806798943561682,9.424703998542563,"{'bias_segment_0_end': {'mean': 1.4568119518344986, 'abs_mean': 1.4568119518344986, 'std': 0.3806798943561682}}"
1,650,18.0,True,0.4733260189704565,0.0,2,6,ATTACK,ATTACK,1,20,19,0.95,14,9.436789091296376,9.436789091296376,3.238333343635395,0.996504172211792,0.996504172211792,0.34196087850702667,9.469894210629283,"{'bias_segment_0_end': {'mean': 0.996504172211792, 'abs_mean': 0.996504172211792, 'std': 0.34196087850702667}}"
1,651,22.0,True,0.16666666666666666,0.0,5,6,SWITCH,ATTACK,0,30,26,0.8666666666666667,20,9.607912972854713,9.607912972854713,4.176269536642009,1.2878055083000524,1.2878055083000524,0.55977015285509,7.4606863466032936,"{'bias_segment_0_end': {'mean': 1.2878055083000524, 'abs_mean': 1.2878055083000524, 'std': 0.55977015285509}}"
1,652,27.0,True,0.2648221343873518,0.0,4,6,ATTACK,ATTACK,1,29,28,0.9655172413793104,16,4.1166073858437855,4.811410655219986,4.83343221029964,0.3431022865695472,0.4010112800914321,0.40284668609289565,11.998192804259682,"{'bias_segment_0_end': {'mean': 0.3431022865695472, 'abs_mean': 0.4010112800914321, 'std': 0.40284668609289565}}"
1,653,-20.0,False,0.0,0.06166666666666667,6,3,SWITCH,ATTACK,0,48,14,0.2916666666666667,40,27.52813206222035,27.52813206222035,6.958029882647872,2.978253629483769,2.978253629483769,0.7527854670710665,-9.243044913871858,"{'bias_segment_0_end': {'mean': 2.978253629483769, 'abs_mean': 2.978253629483769, 'std': 0.7527854670710665}}"
1,654,1.0,False,0.0,0.085,6,5,SWITCH,ATTACK,0,33,17,0.5151515151515151,23,18.782997137714865,18.782997137714865,2.701607713152658,3.9797908931029338,3.9797908931029338,0.5724237561615078,-4.719593979238009,"{'bias_segment_0_end': {'mean': 3.9797908931029338, 'abs_mean': 3.9797908931029338, 'std': 0.5724237561615078}}"
1,655,26.0,True,0.03203040173724213,0.0,5,6,SWITCH,ATTACK,0,32,29,0.90625,22,8.867970657803141,8.867970657803141,3.307556259070618,0.8833998138350496,0.8833998138350496,0.32948852632263637,10.038456561706937,"{'bias_segment_0_end': {'mean': 0.8833998138350496, 'abs_mean': 0.8833998138350496, 'std': 0.32948852632263637}}"
1,656,10.0,False,0.0,0.049999999999999996,6,3,SWITCH,ATTACK,0,20,15,0.75,12,13.667866359214074,13.667866359214074,2.8389400413925623,8.136395976362634,8.136395976362634,1.6900033789362743,1.6798428197104873,"{'bias_segment_0_end': {'mean': 8.136395976362634, 'abs_mean': 8.136395976362634, 'std': 1.6900033789362743}}"
1,657,6.0,False,0.0,0.11666666666666665,6,4,SWITCH,ATTACK,0,58,32,0.5517241379310345,48,19.960741615903814,19.960741615903814,3.8484677799009295,6.396510565274324,6.396510565274324,1.2332590285443399,-3.1205672862118954,"{'bias_segment_0_end': {'mean': 6.396510565274324, 'abs_mean': 6.396510565274324, 'std': 1.2332590285443399}}"
1,658,28.0,True,0.6666666666666666,0.0,2,6,ATTACK,ATTACK,1,32,30,0.9375,24,7.147071580896895,7.147071580896895,5.4341875094273036,0.5517647608366847,0.5517647608366847,0.4195275138275001,12.95311351536699,"{'bias_segment_0_end': {'mean': 0.5517647608366847, 'abs_mean': 0.5517647608366847, 'std': 0.4195275138275001}}"
1,659,23.0,True,0.40972222222222215,0.0,3,6,SWITCH,ATTACK,0,25,24,0.96,17,7.40492673841365,7.40492673841365,4.132653308992893,0.723149438898696,0.723149438898696,0.4035861565054833,10.239829197255295,"{'bias_segment_0_end': {'mean': 0.723149438898696, 'abs_mean': 0.723149438898696, 'std': 0.4035861565054833}}"
1,660,28.0,True,0.5297619047619048,0.0,2,6,ATTACK,ATTACK,1,28,28,1.0,21,6.912036764332902,7.179569333513762,5.091180484888312,0.5206513996086959,0.5408033767080782,0.38349481281635034,13.27574797557014,"{'bias_segment_0_end': {'mean': 0.5206513996086959, 'abs_mean': 0.5408033767080782, 'std': 0.38349481281635034}}"
1,661,3.0,True,0.017094017094017092,0.0,5,6,SWITCH,ATTACK,0,41,22,0.5365853658536586,31,21.158894786076196,21.158894786076196,1.2537889006111864,4.930760248813128,4.930760248813128,0.2921765306761184,-4.29120332735085,"{'bias_segment_0_end': {'mean': 4.930760248813128, 'abs_mean': 4.930760248813128, 'std': 0.2921765306761184}}"
1,662,28.0,True,0.6120892018779343,0.0,2,6,ATTACK,ATTACK,1,28,28,1.0,21,9.796454264147618,9.796454264147618,3.908408912574332,0.7379210785090925,0.7379210785090925,0.29440216248203377,13.27574797557014,"{'bias_segment_0_end': {'mean': 0.7379210785090925, 'abs_mean': 0.7379210785090925, 'std': 0.29440216248203377}}"
1,663,21.0,True,0.41516709511568123,0.0,3,6,ATTACK,ATTACK,1,21,21,1.0,14,9.818742817245358,9.818742817245358,1.8718896601305013,0.9532500202546339,0.9532500202546339,0.1817319069911688,10.300280732879038,"{'bias_segment_0_end': {'mean': 0.9532500202546339, 'abs_mean': 0.9532500202546339, 'std': 0.1817319069911688}}"
1,664,17.0,True,0.1297760210803689,0.0,5,6,SWITCH,ATTACK,0,27,22,0.8148148148148148,17,10.478942418865815,10.478942418865815,3.937464914137575,2.1260674037435003,2.1260674037435003,0.7988702936529416,4.928791251121616,"{'bias_segment_0_end': {'mean': 2.1260674037435003, 'abs_mean': 2.1260674037435003, 'std': 0.7988702936529416}}"
1,665,4.0,False,0.0,0.04833333333333333,6,4,SWITCH,ATTACK,0,26,15,0.5769230769230769,17,20.553639511720228,20.553639511720228,1.6954726876592638,5.668663077166136,5.668663077166136,0.46760883479527904,-3.625835445135566,"{'bias_segment_0_end': {'mean': 5.668663077166136, 'abs_mean': 5.668663077166136, 'std': 0.46760883479527904}}"
1,666,19.0,True,0.400735294117647,0.0,3,6,ATTACK,ATTACK,1,25,22,0.88,17,9.4722183905137,9.4722183905137,2.0355882438128106,1.1450353842070933,1.1450353842070933,0.24606913298957814,8.27242417235251,"{'bias_segment_0_end': {'mean': 1.1450353842070933, 'abs_mean': 1.1450353842070933, 'std': 0.24606913298957814}}"
1,667,17.0,True,0.5737612612612613,0.0,2,6,ATTACK,ATTACK,1,17,17,1.0,10,9.118072607215954,9.118072607215954,3.4465810160455126,1.0680018054295326,1.0680018054295326,0.4036987756362774,8.537506735345655,"{'bias_segment_0_end': {'mean': 1.0680018054295326, 'abs_mean': 1.0680018054295326, 'std': 0.4036987756362774}}"
1,668,18.0,True,0.7255266418835191,0.0,1,6,ATTACK,ATTACK,1,22,20,0.9090909090909091,16,13.692126298992871,13.692126298992871,4.247405395694028,1.790040453125204,1.790040453125204,0.5552846441150501,7.649059704258639,"{'bias_segment_0_end': {'mean': 1.790040453125204, 'abs_mean': 1.790040453125204, 'std': 0.5552846441150501}}"
1,669,8.0,False,0.0,0.16666666666666666,6,4,SWITCH,ATTACK,0,22,15,0.6818181818181818,13,15.29143696341426,15.29143696341426,2.5350492753808043,179.08562539393924,179.08562539393924,29.689223188914557,-0.08538617730919104,"{'bias_segment_0_end': {'mean': 179.08562539393924, 'abs_mean': 179.08562539393924, 'std': 29.689223188914557}}"
1,670,14.0,True,0.14212328767123286,0.0,5,6,SWITCH,ATTACK,0,30,22,0.7333333333333333,20,15.820724031724987,15.820724031724987,3.3653104656354063,9.636602555398277,9.636602555398277,2.049853051467123,1.641732544304472,"{'bias_segment_0_end': {'mean': 9.636602555398277, 'abs_mean': 9.636602555398277, 'std': 2.049853051467123}}"
1,671,21.0,True,0.4376190476190476,0.0,3,6,ATTACK,ATTACK,1,23,22,0.9565217391304348,15,9.608496971764227,9.608496971764227,2.0142803595910146,0.9586382827686747,0.9586382827686747,0.20096444538697208,10.023068288086318,"{'bias_segment_0_end': {'mean': 0.9586382827686747, 'abs_mean': 0.9586382827686747, 'std': 0.20096444538697208}}"
1,672,22.0,True,0.6855231143552313,0.0,1,6,ATTACK,ATTACK,1,22,22,1.0,16,10.778127893131547,10.778127893131547,3.7600120752800614,1.0041329952119935,1.0041329952119935,0.3502975864287372,10.733765292570691,"{'bias_segment_0_end': {'mean': 1.0041329952119935, 'abs_mean': 1.0041329952119935, 'std': 0.3502975864287372}}"
1,673,15.0,True,0.4341943419434194,0.0,3,6,SWITCH,ATTACK,0,21,18,0.8571428571428571,14,12.116449427322424,12.116449427322424,2.128963354467072,2.2030506072039606,2.2030506072039606,0.3870947540289565,5.499850701432693,"{'bias_segment_0_end': {'mean': 2.2030506072039606, 'abs_mean': 2.2030506072039606, 'std': 0.3870947540289565}}"
1,674,9.0,False,0.0,0.04666666666666667,6,5,SWITCH,ATTACK,0,33,21,0.6363636363636364,22,17.289750211260188,17.289750211260188,3.611003209784159,8.376996961599334,8.376996961599334,1.7495546521537961,-2.063955650278669,"{'bias_segment_0_end': {'mean': 8.376996961599334, 'abs_mean': 8.376996961599334, 'std': 1.7495546521537961}}"
1,675,9.0,False,0.0,0.085,6,5,SWITCH,ATTACK,0,25,17,0.68,15,15.2663435985655,15.2663435985655,2.323101751609757,12.491990993459305,12.491990993459305,1.9009244728859307,1.2220905063539365,"{'bias_segment_0_end': {'mean': 12.491990993459305, 'abs_mean': 12.491990993459305, 'std': 1.9009244728859307}}"
1,676,14.0,False,0.0,0.0,6,5,SWITCH,ATTACK,0,26,20,0.7692307692307693,17,14.002707497259223,14.002707497259223,3.474852327951589,5.118364459510115,5.118364459510115,1.2701515518277164,2.735777729005144,"{'bias_segment_0_end': {'mean': 5.118364459510115, 'abs_mean': 5.118364459510115, 'std': 1.2701515518277164}}"
1,677,21.0,True,0.5,0.0,3,6,ATTACK,ATTACK,1,21,21,1.0,13,8.160713306384006,8.160713306384006,2.2625846286594777,0.7922806686554262,0.7922806686554262,0.21966242351406876,10.300280732879038,"{'bias_segment_0_end': {'mean': 0.7922806686554262, 'abs_mean': 0.7922806686554262, 'std': 0.21966242351406876}}"
1,678,9.0,True,0.3333333333333333,0.0,4,6,SWITCH,ATTACK,0,27,18,0.6666666666666666,19,19.92881852071832,19.92881852071832,2.3980807184072277,22.588965998556645,22.588965998556645,2.718182402713888,-0.8822368638737914,"{'bias_segment_0_end': {'mean': 22.588965998556645, 'abs_mean': 22.588965998556645, 'std': 2.718182402713888}}"
1,679,73.0,True,0.16666666666666666,0.0,5,6,SWITCH,ATTACK,0,79,76,0.9620253164556962,69,-1.226123332872691,13.305531560801501,15.39054645803793,-0.045049991905635904,0.4888693274516847,0.5654765509873159,27.216949016128435,"{'bias_segment_0_end': {'mean': -0.045049991905635904, 'abs_mean': 0.4888693274516847, 'std': 0.5654765509873159}}"
1,680,15.0,False,0.0,0.09000000000000001,6,5,SWITCH,ATTACK,0,31,23,0.7419354838709677,21,12.6873186195132,12.6873186195132,5.283374867345759,6.168604602185573,6.168604602185573,2.5687894738968198,2.0567566634142844,"{'bias_segment_0_end': {'mean': 6.168604602185573, 'abs_mean': 6.168604602185573, 'std': 2.5687894738968198}}"
1,681,16.0,False,0.0,0.13333333333333333,6,4,SWITCH,ATTACK,0,32,24,0.75,23,15.606911724598216,15.606911724598216,1.7711037264109457,5.009423539609543,5.009423539609543,0.5684794567133734,3.1155105175663964,"{'bias_segment_0_end': {'mean': 5.009423539609543, 'abs_mean': 5.009423539609543, 'std': 0.5684794567133734}}"
1,682,20.0,True,0.16334409919441661,0.0,4,6,SWITCH,ATTACK,0,32,26,0.8125,23,11.052379412281411,11.052379412281411,3.753170779143939,1.927333364881008,1.927333364881008,0.6544845229166281,5.7345447412849495,"{'bias_segment_0_end': {'mean': 1.927333364881008, 'abs_mean': 1.927333364881008, 'std': 0.6544845229166281}}"
1,683,10.0,True,0.16666666666666666,0.0,5,6,SWITCH,ATTACK,0,24,17,0.7083333333333334,14,15.029546817440028,15.029546817440028,3.4493525838185355,29.90549152838696,29.90549152838696,6.86345275255446,0.5025681254285236,"{'bias_segment_0_end': {'mean': 29.90549152838696, 'abs_mean': 29.90549152838696, 'std': 6.86345275255446}}"
1,684,13.0,False,0.0,0.04,6,4,SWITCH,ATTACK,0,27,20,0.7407407407407407,18,14.672279429572614,14.672279429572614,3.3990668880991377,8.363892963239428,8.363892963239428,1.937628830163347,1.7542404588460774,"{'bias_segment_0_end': {'mean': 8.363892963239428, 'abs_mean': 8.363892963239428, 'std': 1.937628830163347}}"
1,685,18.0,True,0.3333333333333333,0.0,4,6,SWITCH,ATTACK,0,28,23,0.8214285714285714,20,10.54453531284885,10.54453531284885,2.2550455472889435,1.370372866726126,1.370372866726126,0.29306680091163084,7.694646886901777,"{'bias_segment_0_end': {'mean': 1.370372866726126, 'abs_mean': 1.370372866726126, 'std': 0.29306680091163084}}"
1,686,22.0,True,0.446,0.0,3,6,ATTACK,ATTACK,1,28,25,0.8928571428571429,20,7.477155339865176,7.477155339865176,2.7855618470493426,0.7039444106599457,0.7039444106599457,0.2622495593107922,10.621798009384529,"{'bias_segment_0_end': {'mean': 0.7039444106599457, 'abs_mean': 0.7039444106599457, 'std': 0.2622495593107922}}"
1,687,15.0,False,0.0,0.16666666666666666,6,5,SWITCH,ATTACK,0,27,21,0.7777777777777778,17,13.047380424675097,13.047380424675097,1.8656009170977927,3.1223237960811607,3.1223237960811607,0.4464505477612244,4.178740347510053,"{'bias_segment_0_end': {'mean': 3.1223237960811607, 'abs_mean': 3.1223237960811607, 'std': 0.4464505477612244}}"
1,688,23.0,True,0.6666666666666666,0.0,2,6,ATTACK,ATTACK,1,23,23,1.0,16,10.69521996246403,10.69521996246403,4.311135590586072,0.957974570602545,0.957974570602545,0.3861499137647989,11.164409046616939,"{'bias_segment_0_end': {'mean': 0.957974570602545, 'abs_mean': 0.957974570602545, 'std': 0.3861499137647989}}"
1,689,19.0,True,0.55625,0.0,2,6,ATTACK,ATTACK,1,19,19,1.0,12,11.011253558734111,11.011253558734111,2.528483783299344,1.1683394577099602,1.1683394577099602,0.2682825671437903,9.424703998542563,"{'bias_segment_0_end': {'mean': 1.1683394577099602, 'abs_mean': 1.1683394577099602, 'std': 0.2682825671437903}}"
1,690,15.0,True,0.10147392290249434,0.0,5,6,SWITCH,ATTACK,0,33,24,0.7272727272727273,23,12.704710409305255,12.704710409305255,2.7266486315146126,4.2611920797942595,4.2611920797942595,0.9145248635090524,2.981492073438442,"{'bias_segment_0_end': {'mean': 4.2611920797942595, 'abs_mean': 4.2611920797942595, 'std': 0.9145248635090524}}"
1,691,20.0,True,0.4431960049937578,0.0,3,6,ATTACK,ATTACK,1,24,22,0.9166666666666666,15,8.169845916271763,8.169845916271763,2.375109612177153,0.8530234522205228,0.8530234522205228,0.24798805528832546,9.577516180832626,"{'bias_segment_0_end': {'mean': 0.8530234522205228, 'abs_mean': 0.8530234522205228, 'std': 0.24798805528832546}}"
1,692,18.0,True,0.5276461295418642,0.0,2,6,ATTACK,ATTACK,1,18,18,1.0,11,10.229520476116498,10.229520476116498,2.0019614913339803,1.1388190512839342,1.1388190512839342,0.22287182391304586,8.98256879754819,"{'bias_segment_0_end': {'mean': 1.1388190512839342, 'abs_mean': 1.1388190512839342, 'std': 0.22287182391304586}}"
1,693,3.0,True,0.05658056580565806,0.0,5,6,SWITCH,ATTACK,0,43,23,0.5348837209302325,33,21.69649442798379,21.69649442798379,3.724185761134712,3.3807982519008855,3.3807982519008855,0.5803112918905042,-6.4175655603775645,"{'bias_segment_0_end': {'mean': 3.3807982519008855, 'abs_mean': 3.3807982519008855, 'std': 0.5803112918905042}}"
1,694,-8.0,True,0.2156280909990109,0.0,4,6,ATTACK,ATTACK,1,48,20,0.4166666666666667,39,23.84710190994633,23.84710190994633,7.0980664491309495,3.090550000104115,3.090550000104115,0.9198991704711528,-7.716135286322164,"{'bias_segment_0_end': {'mean': 3.090550000104115, 'abs_mean': 3.090550000104115, 'std': 0.9198991704711528}}"
1,695,27.0,True,0.40048840048840045,0.0,3,6,ATTACK,ATTACK,1,29,28,0.9655172413793104,21,6.724528146028815,6.777584661839684,3.876575949326136,0.558016555839988,0.5624193055310774,0.3216870407439042,12.050768163869824,"{'bias_segment_0_end': {'mean': 0.558016555839988, 'abs_mean': 0.5624193055310774, 'std': 0.3216870407439042}}"
1,696,24.0,True,0.17110266159695817,0.0,4,6,ATTACK,ATTACK,1,30,27,0.9,21,6.535273908851459,6.606507497711889,3.507773903852748,0.6550230615817276,0.662162723073133,0.3515801837664551,9.977166136823183,"{'bias_segment_0_end': {'mean': 0.6550230615817276, 'abs_mean': 0.662162723073133, 'std': 0.3515801837664551}}"
1,697,20.0,True,0.21367521367521367,0.0,4,6,SWITCH,ATTACK,0,30,25,0.8333333333333334,21,10.306911444250057,10.306911444250057,3.551353450965565,1.5393798126505098,1.5393798126505098,0.5304093121953559,6.695496042983424,"{'bias_segment_0_end': {'mean': 1.5393798126505098, 'abs_mean': 1.5393798126505098, 'std': 0.5304093121953559}}"
1,698,17.0,True,0.6324130879345603,0.0,2,6,ATTACK,ATTACK,1,17,17,1.0,10,12.348512466494016,12.348512466494016,1.6164456922617203,1.446383920889998,1.446383920889998,0.1893346315698427,8.537506735345655,"{'bias_segment_0_end': {'mean': 1.446383920889998, 'abs_mean': 1.446383920889998, 'std': 0.1893346315698427}}"
1,699,13.0,True,0.3333333333333333,0.0,4,6,ATTACK,ATTACK,1,19,16,0.8421052631578947,11,11.418205727403661,11.418205727403661,1.9725834011949057,1.6651237680660567,1.6651237680660567,0.2876630167854831,6.857271481185592,"{'bias_segment_0_end': {'mean': 1.6651237680660567, 'abs_mean': 1.6651237680660567, 'std': 0.2876630167854831}}"
1,700,35.0,True,0.5057471264367815,0.0,2,6,ATTACK,ATTACK,1,35,35,1.0,28,7.487620045920829,7.9083949810750545,4.468547572606759,0.46454839959127137,0.49065420110299557,0.27723850978293624,16.118062299878208,"{'bias_segment_0_end': {'mean': 0.46454839959127137, 'abs_mean': 0.49065420110299557, 'std': 0.27723850978293624}}"
1,701,17.0,True,0.3380281690140845,0.0,3,6,ATTACK,ATTACK,1,21,19,0.9047619047619048,14,8.857711463111182,8.857711463111182,2.585400610996848,0.9738080555895736,0.9738080555895736,0.2842363913523352,9.095952135812277,"{'bias_segment_0_end': {'mean': 0.9738080555895736, 'abs_mean': 0.9738080555895736, 'std': 0.2842363913523352}}"
1,702,16.0,True,0.6241345202769535,0.0,2,6,ATTACK,ATTACK,1,20,18,0.9,13,10.39863992309019,10.39863992309019,2.5704735561731167,1.264033581680548,1.264033581680548,0.31246056405990796,8.226553529744894,"{'bias_segment_0_end': {'mean': 1.264033581680548, 'abs_mean': 1.264033581680548, 'std': 0.31246056405990796}}"
1,703,18.0,True,0.15005192107995846,0.0,5,6,SWITCH,ATTACK,0,26,22,0.8461538461538461,17,10.830004417185439,10.830004417185439,2.5989961326186384,1.7930650725293549,1.7930650725293549,0.43030168867174495,6.039939421667664,"{'bias_segment_0_end': {'mean': 1.7930650725293549, 'abs_mean': 1.7930650725293549, 'std': 0.43030168867174495}}"
1,704,28.0,True,0.3333333333333333,0.0,4,6,ATTACK,ATTACK,1,28,28,1.0,19,4.3990702677290745,5.199659674641289,4.784570634290808,0.3313613873827815,0.39166604278791933,0.3603993268850323,13.27574797557014,"{'bias_segment_0_end': {'mean': 0.3313613873827815, 'abs_mean': 0.39166604278791933, 'std': 0.3603993268850323}}"
1,705,-7.0,True,0.16666666666666666,0.0,5,6,SWITCH,ATTACK,0,41,17,0.4146341463414634,31,25.516011511041498,25.516011511041498,5.5428868078879345,2.3029209249778924,2.3029209249778924,0.5002674500732741,-11.079847003989704,"{'bias_segment_0_end': {'mean': 2.3029209249778924, 'abs_mean': 2.3029209249778924, 'std': 0.5002674500732741}}"
1,706,19.0,True,0.4155982905982906,0.0,3,6,ATTACK,ATTACK,1,21,20,0.9523809523809523,14,9.13121245184993,9.13121245184993,2.8453660887782775,0.9905600725552259,0.9905600725552259,0.30866722838930083,9.21823189208027,"{'bias_segment_0_end': {'mean': 0.9905600725552259, 'abs_mean': 0.9905600725552259, 'std': 0.30866722838930083}}"
1,707,20.0,True,0.3008130081300813,0.0,4,6,ATTACK,ATTACK,1,20,20,1.0,12,6.338928390515127,6.338928390515127,3.1250590379576813,0.6426369356709671,0.6426369356709671,0.3168166983790116,9.863934110629282,"{'bias_segment_0_end': {'mean': 0.6426369356709671, 'abs_mean': 0.6426369356709671, 'std': 0.3168166983790116}}"
1,708,24.0,False,0.0,0.08666666666666667,6,5,SWITCH,ATTACK,0,30,27,0.9,20,7.027187101333528,7.034031413789855,4.773293958526369,0.7509435328552337,0.7516749339267867,0.5100866359303454,9.357810266525357,"{'bias_segment_0_end': {'mean': 0.7509435328552337, 'abs_mean': 0.7516749339267867, 'std': 0.5100866359303454}}"
1,709,19.0,True,0.27643678160919544,0.0,4,6,SWITCH,ATTACK,0,35,27,0.7714285714285715,26,13.234715992803844,13.234715992803844,3.4464400350031177,2.6961360280931816,2.6961360280931816,0.7020982658099381,4.908771610519956,"{'bias_segment_0_end': {'mean': 2.6961360280931816, 'abs_mean': 2.6961360280931816, 'std': 0.7020982658099381}}"
1,710,17.0,True,0.7671568627450981,0.0,1,6,ATTACK,ATTACK,1,17,17,1.0,11,13.616381069471096,13.616381069471096,3.0156861535077004,1.5948896430264208,1.5948896430264208,0.35322796771833004,8.537506735345655,"{'bias_segment_0_end': {'mean': 1.5948896430264208, 'abs_mean': 1.5948896430264208, 'std': 0.35322796771833004}}"
1,711,26.0,True,0.36422136422136425,0.0,3,6,ATTACK,ATTACK,1,26,26,1.0,18,6.346020867557281,6.346020867557281,3.455416944016162,0.5101505729721308,0.5101505729721308,0.27777767685248517,12.439505518116826,"{'bias_segment_0_end': {'mean': 0.5101505729721308, 'abs_mean': 0.5101505729721308, 'std': 0.27777767685248517}}"
1,712,0.0,False,0.0,0.04666666666666667,6,3,SWITCH,ATTACK,0,34,17,0.5,26,20.84071164738447,20.84071164738447,4.648011122146025,5.103161132063546,5.103161132063546,1.1381353046507647,-4.083882736220244,"{'bias_segment_0_end': {'mean': 5.103161132063546, 'abs_mean': 5.103161132063546, 'std': 1.1381353046507647}}"
1,713,17.0,True,0.18808567603748327,0.0,4,6,SWITCH,ATTACK,0,25,21,0.84,16,10.926181471475406,10.926181471475406,2.1801687811465524,1.5968046771990336,1.5968046771990336,0.31862034471115525,6.842528474203306,"{'bias_segment_0_end': {'mean': 1.5968046771990336, 'abs_mean': 1.5968046771990336, 'std': 0.31862034471115525}}"
1,714,3.0,False,0.0,0.013333333333333334,6,5,SWITCH,ATTACK,0,39,21,0.5384615384615384,29,19.529805445327526,19.529805445327526,2.1415103429924427,6.15090832796614,6.15090832796614,0.6744682552016551,-3.1751091715238196,"{'bias_segment_0_end': {'mean': 6.15090832796614, 'abs_mean': 6.15090832796614, 'std': 0.6744682552016551}}"
1,715,28.0,True,0.20680272108843537,0.0,4,6,ATTACK,ATTACK,1,28,28,1.0,19,3.1203508765874557,4.6899517317897335,4.695592896057947,0.23504143663539598,0.3532721275230685,0.35369705004182944,13.27574797557014,"{'bias_segment_0_end': {'mean': 0.23504143663539598, 'abs_mean': 0.3532721275230685, 'std': 0.35369705004182944}}"
1,716,18.0,True,0.3170731707317073,0.0,4,6,SWITCH,ATTACK,0,28,23,0.8214285714285714,19,12.908392320104833,12.908392320104833,3.7365547115988558,2.4373913025232095,2.4373913025232095,0.7055445581142057,5.295986863800633,"{'bias_segment_0_end': {'mean': 2.4373913025232095, 'abs_mean': 2.4373913025232095, 'std': 0.7055445581142057}}"
1,717,6.0,True,0.0,0.0,6,6,SWITCH,ATTACK,0,38,22,0.5789473684210527,23,20.746938578031827,20.746938578031827,2.7052895681515188,6.344121981493304,6.344121981493304,0.8272394961340233,-3.270261612017166,"{'bias_segment_0_end': {'mean': 6.344121981493304, 'abs_mean': 6.344121981493304, 'std': 0.8272394961340233}}"
1,718,14.0,True,0.05303030303030303,0.0,6,6,SWITCH,ATTACK,0,28,21,0.75,18,14.407617954195933,14.407617954195933,4.041121804690843,6.453548968043765,6.453548968043765,1.810124167319872,2.232510828621364,"{'bias_segment_0_end': {'mean': 6.453548968043765, 'abs_mean': 6.453548968043765, 'std': 1.810124167319872}}"
1,719,25.0,True,0.19600499375780275,0.0,4,6,ATTACK,ATTACK,1,31,28,0.9032258064516129,22,3.4284314868791466,4.883570010942077,5.127922723996454,0.2876167514034169,0.4096907134279339,0.4301898640728504,11.920138413879659,"{'bias_segment_0_end': {'mean': 0.2876167514034169, 'abs_mean': 0.4096907134279339, 'std': 0.4301898640728504}}"
1,720,17.0,True,0.16666666666666666,0.0,5,6,SWITCH,ATTACK,0,23,20,0.8695652173913043,14,10.556645460594012,10.556645460594012,3.143545302592835,1.7416237179706233,1.7416237179706233,0.5186186348634612,6.061381314268526,"{'bias_segment_0_end': {'mean': 1.7416237179706233, 'abs_mean': 1.7416237179706233, 'std': 0.5186186348634612}}"
1,721,0.0,False,0.0,0.05333333333333334,6,4,SWITCH,ATTACK,0,38,19,0.5,30,23.882453464337566,23.882453464337566,4.370928474128323,3.299159378433223,3.299159378433223,0.6038068781088382,-7.238951115989852,"{'bias_segment_0_end': {'mean': 3.299159378433223, 'abs_mean': 3.299159378433223, 'std': 0.6038068781088382}}"
1,722,14.0,False,0.0,0.06833333333333333,6,4,SWITCH,ATTACK,0,32,23,0.71875,22,12.094178110872466,12.361472456362819,5.938086791136824,3.4056897922244356,3.480959200001508,1.6721501357530892,3.5511684412610935,"{'bias_segment_0_end': {'mean': 3.4056897922244356, 'abs_mean': 3.480959200001508, 'std': 1.6721501357530892}}"
1,723,13.0,True,0.39811320754716983,0.0,3,6,ATTACK,ATTACK,1,23,18,0.782608695652174,15,12.028557104419717,12.028557104419717,1.8050199275103396,1.8949851842265668,1.8949851842265668,0.2843637844649712,6.347573165501628,"{'bias_segment_0_end': {'mean': 1.8949851842265668, 'abs_mean': 1.8949851842265668, 'std': 0.2843637844649712}}"
1,724,22.0,True,0.8247694334650856,0.0,1,6,ATTACK,ATTACK,1,22,22,1.0,16,13.636933809657648,13.636933809657648,4.939597859938761,1.270470653862384,1.270470653862384,0.4601924604553887,10.733765292570691,"{'bias_segment_0_end': {'mean': 1.270470653862384, 'abs_mean': 1.270470653862384, 'std': 0.4601924604553887}}"
1,725,6.0,False,0.0,0.16666666666666666,6,3,SWITCH,ATTACK,0,30,18,0.6,22,21.1376787723271,21.1376787723271,2.7359794843455028,6.6959166179739675,6.6959166179739675,0.866693580358919,-3.15680137288252,"{'bias_segment_0_end': {'mean': 6.6959166179739675, 'abs_mean': 6.6959166179739675, 'std': 0.866693580358919}}"
1,726,6.0,False,0.0,0.03,6,5,SWITCH,ATTACK,0,30,18,0.6,19,18.734676476578972,18.734676476578972,2.683483608036166,7.014628227984544,7.014628227984544,1.0047485949275154,-2.6708010556907102,"{'bias_segment_0_end': {'mean': 7.014628227984544, 'abs_mean': 7.014628227984544, 'std': 1.0047485949275154}}"
1,727,26.0,True,0.6362433862433862,0.0,2,6,ATTACK,ATTACK,1,26,26,1.0,17,7.623724959729757,7.623724959729757,4.70951010284383,0.6128639879315627,0.6128639879315627,0.3785930313696896,12.439505518116826,"{'bias_segment_0_end': {'mean': 0.6128639879315627, 'abs_mean': 0.6128639879315627, 'std': 0.3785930313696896}}"
1,728,15.0,True,0.10416666666666667,0.0,5,6,SWITCH,ATTACK,0,31,23,0.7419354838709677,21,13.20870013771862,13.20870013771862,3.2552395715659483,3.971292225123548,3.971292225123548,0.9787115663681932,3.3260458785068865,"{'bias_segment_0_end': {'mean': 3.971292225123548, 'abs_mean': 3.971292225123548, 'std': 0.9787115663681932}}"
1,729,18.0,True,0.6666666666666666,0.0,2,6,ATTACK,ATTACK,1,24,21,0.875,17,11.955967152175837,11.955967152175837,2.251086227040049,1.4014735575337294,1.4014735575337294,0.2638714026870554,8.530997312011785,"{'bias_segment_0_end': {'mean': 1.4014735575337294, 'abs_mean': 1.4014735575337294, 'std': 0.2638714026870554}}"
1,730,20.0,True,0.20517241379310344,0.0,4,6,SWITCH,ATTACK,0,28,24,0.8571428571428571,19,8.194285533198046,8.194285533198046,4.102233467449112,1.0032461179009777,1.0032461179009777,0.502246325719087,8.167771982355019,"{'bias_segment_0_end': {'mean': 1.0032461179009777, 'abs_mean': 1.0032461179009777, 'std': 0.502246325719087}}"
1,731,18.0,True,0.023002421307506054,0.0,5,6,SWITCH,ATTACK,0,38,28,0.7368421052631579,26,13.736575069863678,13.736575069863678,4.769417816468874,5.46930805902498,5.46930805902498,1.8989751934380406,2.511574576092265,"{'bias_segment_0_end': {'mean': 5.46930805902498, 'abs_mean': 5.46930805902498, 'std': 1.8989751934380406}}"
1,732,21.0,True,0.5722222222222223,0.0,2,6,ATTACK,ATTACK,1,21,21,1.0,11,9.651253992491823,9.651253992491823,3.869546025246645,0.9369894125006238,0.9369894125006238,0.37567384089783595,10.300280732879038,"{'bias_segment_0_end': {'mean': 0.9369894125006238, 'abs_mean': 0.9369894125006238, 'std': 0.37567384089783595}}"
1,733,18.0,False,0.0,0.013333333333333334,6,5,SWITCH,ATTACK,0,32,25,0.78125,22,10.296301963073713,10.296301963073713,3.907514101300505,1.9046115377301307,1.9046115377301307,0.7228125658970481,5.40598529364397,"{'bias_segment_0_end': {'mean': 1.9046115377301307, 'abs_mean': 1.9046115377301307, 'std': 0.7228125658970481}}"
1,734,1.0,True,0.20409604519774013,0.0,4,6,ATTACK,ATTACK,1,39,20,0.5128205128205128,30,20.828377851938676,20.828377851938676,4.46434843447754,3.963589147393763,3.963589147393763,0.8495545419266775,-5.254928570392889,"{'bias_segment_0_end': {'mean': 3.963589147393763, 'abs_mean': 3.963589147393763, 'std': 0.8495545419266775}}"
1,735,20.0,True,0.5,0.0,3,6,SWITCH,ATTACK,0,24,22,0.9166666666666666,16,9.834807535767562,9.834807535767562,3.2827443541722223,1.046500897511921,1.046500897511921,0.34930982639461544,9.397801338871313,"{'bias_segment_0_end': {'mean': 1.046500897511921, 'abs_mean': 1.046500897511921, 'std': 0.34930982639461544}}"
1,736,17.0,True,0.16666666666666666,0.0,5,6,SWITCH,ATTACK,0,29,23,0.7931034482758621,19,13.803844430500773,13.803844430500773,4.028125696241801,3.2595099649430366,3.2595099649430366,0.9511637075488936,4.234944693823634,"{'bias_segment_0_end': {'mean': 3.2595099649430366, 'abs_mean': 3.2595099649430366, 'std': 0.9511637075488936}}"
1,737,21.0,True,0.41911764705882354,0.0,3,6,ATTACK,ATTACK,1,23,22,0.9565217391304348,15,8.435173383783294,8.435173383783294,2.950215677621244,0.8869915650302803,0.8869915650302803,0.31022674958892876,9.509868770280054,"{'bias_segment_0_end': {'mean': 0.8869915650302803, 'abs_mean': 0.8869915650302803, 'std': 0.31022674958892876}}"
1,738,13.0,True,0.7303030303030303,0.0,1,6,ATTACK,ATTACK,1,13,13,1.0,8,13.006314666422185,13.006314666422185,3.248738788998303,1.9332919092806131,1.9332919092806131,0.4829008506422862,6.727548283829468,"{'bias_segment_0_end': {'mean': 1.9332919092806131, 'abs_mean': 1.9332919092806131, 'std': 0.4829008506422862}}"
1,739,1.0,True,0.2639949109414758,0.0,4,6,SWITCH,ATTACK,0,33,17,0.5151515151515151,25,18.42857850269169,18.42857850269169,1.6356707037323854,5.343573556778865,5.343573556778865,0.47428111282623536,-3.448736750205893,"{'bias_segment_0_end': {'mean': 5.343573556778865, 'abs_mean': 5.343573556778865, 'std': 0.47428111282623536}}"
1,740,16.0,True,0.12267657992565056,0.0,5,6,SWITCH,ATTACK,0,32,24,0.75,20,11.985324378641486,11.985324378641486,3.593038986775606,2.8200808897295713,2.8200808897295713,0.8454223066933549,4.2499931198040235,"{'bias_segment_0_end': {'mean': 2.8200808897295713, 'abs_mean': 2.8200808897295713, 'std': 0.8454223066933549}}"
1,741,20.0,True,0.20038910505836574,0.0,4,6,ATTACK,ATTACK,1,26,23,0.8846153846153846,18,8.740488880361045,8.740488880361045,5.159426468391842,1.003950283810178,1.003950283810178,0.5926221906051746,8.706097325048077,"{'bias_segment_0_end': {'mean': 1.003950283810178, 'abs_mean': 1.003950283810178, 'std': 0.5926221906051746}}"
1,742,25.0,True,0.3008578431372549,0.0,4,6,ATTACK,ATTACK,1,25,25,1.0,16,4.592983987508191,4.886135348735921,4.373991522701613,0.38219898952126796,0.40659318604856926,0.36397582588963195,12.017258322062121,"{'bias_segment_0_end': {'mean': 0.38219898952126796, 'abs_mean': 0.40659318604856926, 'std': 0.36397582588963195}}"
1,743,14.0,True,0.0900297619047619,0.0,5,6,SWITCH,ATTACK,0,26,20,0.7692307692307693,17,14.403128654938712,14.403128654938712,2.4562825448722654,5.034333203695079,5.034333203695079,0.8585457416619676,2.8609804063757966,"{'bias_segment_0_end': {'mean': 5.034333203695079, 'abs_mean': 5.034333203695079, 'std': 0.8585457416619676}}"
1,744,18.0,True,0.24305555555555555,0.0,4,6,ATTACK,ATTACK,1,40,29,0.725,31,9.046791671841333,9.046791671841333,3.579105473108242,1.0462492556401788,1.0462492556401788,0.41391872090440496,8.646879912288,"{'bias_segment_0_end': {'mean': 1.0462492556401788, 'abs_mean': 1.0462492556401788, 'std': 0.41391872090440496}}"
1,745,22.0,True,0.5901084010840109,0.0,2,6,ATTACK,ATTACK,1,22,22,1.0,16,9.71948567913674,9.71948567913674,3.6366131525915693,0.9055057022593946,0.9055057022593946,0.33880125505526276,10.733765292570691,"{'bias_segment_0_end': {'mean': 0.9055057022593946, 'abs_mean': 0.9055057022593946, 'std': 0.33880125505526276}}"
1,746,0.0,False,0.0,0.09166666666666667,6,5,SWITCH,ATTACK,0,32,16,0.5,22,23.34637012208643,23.34637012208643,2.210302005619835,3.5870294901288893,3.5870294901288893,0.3395996223305325,-6.508552602183247,"{'bias_segment_0_end': {'mean': 3.5870294901288893, 'abs_mean': 3.5870294901288893, 'std': 0.3395996223305325}}"
1,747,32.0,True,0.2423343224530168,0.0,4,6,ATTACK,ATTACK,1,34,33,0.9705882352941176,25,3.5414483275089967,4.529185677574701,5.095022627489049,0.25112829881786314,0.32116992514178533,0.3612940939843753,14.102147564331322,"{'bias_segment_0_end': {'mean': 0.25112829881786314, 'abs_mean': 0.32116992514178533, 'std': 0.3612940939843753}}"
1,748,15.0,False,0.0,0.05333333333333334,6,5,SWITCH,ATTACK,0,31,23,0.7419354838709677,21,12.878370993116036,12.878370993116036,3.361019564403357,4.0327543910502115,4.0327543910502115,1.0524752248555744,3.1934429286585546,"{'bias_segment_0_end': {'mean': 4.0327543910502115, 'abs_mean': 4.0327543910502115, 'std': 1.0524752248555744}}"
1,749,33.0,True,0.17892824704813806,0.0,4,6,ATTACK,ATTACK,1,33,33,1.0,24,3.194855418271376,4.414174178404334,4.5227241788251105,0.2085529144065952,0.28814727713176447,0.2952331749214175,15.319159779482533,"{'bias_segment_0_end': {'mean': 0.2085529144065952, 'abs_mean': 0.28814727713176447, 'std': 0.2952331749214175}}"
1,750,14.0,True,0.2621412803532009,0.0,4,6,SWITCH,ATTACK,0,26,20,0.7692307692307693,17,14.524064813496453,14.524064813496453,2.9563577017700258,5.308934515955022,5.308934515955022,1.0806278852357991,2.735777729005144,"{'bias_segment_0_end': {'mean': 5.308934515955022, 'abs_mean': 5.308934515955022, 'std': 1.0806278852357991}}"
1,751,16.0,True,0.5786290322580645,0.0,2,6,ATTACK,ATTACK,1,20,18,0.9,13,12.065540708528978,12.065540708528978,2.2966885020270773,1.7718284153017003,1.7718284153017003,0.33726942267176707,6.809655271543043,"{'bias_segment_0_end': {'mean': 1.7718284153017003, 'abs_mean': 1.7718284153017003, 'std': 0.33726942267176707}}"
1,752,17.0,False,0.0,0.008333333333333333,6,5,SWITCH,ATTACK,0,31,24,0.7741935483870968,21,12.398004870477152,12.398004870477152,5.227387831939993,3.604617811387225,3.604617811387225,1.5198199615898813,3.4394783356257737,"{'bias_segment_0_end': {'mean': 3.604617811387225, 'abs_mean': 3.604617811387225, 'std': 1.5198199615898813}}"
1,753,16.0,True,0.24796747967479674,0.0,4,6,SWITCH,ATTACK,0,24,20,0.8333333333333334,15,10.710042989107428,10.710042989107428,2.585000660227593,1.8336207987932518,1.8336207987932518,0.44256694210362124,5.840925777105035,"{'bias_segment_0_end': {'mean': 1.8336207987932518, 'abs_mean': 1.8336207987932518, 'std': 0.44256694210362124}}"
1,754,20.0,True,0.4039301310043668,0.0,3,6,ATTACK,ATTACK,1,20,20,1.0,13,8.69069326020507,8.69069326020507,3.331517583676903,0.8810575134357457,0.8810575134357457,0.33774734769232606,9.863934110629282,"{'bias_segment_0_end': {'mean': 0.8810575134357457, 'abs_mean': 0.8810575134357457, 'std': 0.33774734769232606}}"
1,755,17.0,True,0.3117505995203837,0.0,4,6,SWITCH,ATTACK,0,23,20,0.8695652173913043,15,11.8061725049086,11.8061725049086,2.123118160869088,1.880236862206937,1.880236862206937,0.33812524992560755,6.279087886326752,"{'bias_segment_0_end': {'mean': 1.880236862206937, 'abs_mean': 1.880236862206937, 'std': 0.33812524992560755}}"
1,756,7.0,True,0.16666666666666666,0.0,5,6,SWITCH,ATTACK,0,29,18,0.6206896551724138,19,16.644912510174027,16.644912510174027,2.2352457779314423,86.95525753395331,86.95525753395331,11.677224025834079,-0.19141927678926957,"{'bias_segment_0_end': {'mean': 86.95525753395331, 'abs_mean': 86.95525753395331, 'std': 11.677224025834079}}"
1,757,12.0,True,0.12562189054726366,0.0,5,6,SWITCH,ATTACK,0,30,21,0.7,20,13.878671696145409,13.878671696145409,1.9784291563805148,4.623919655578175,4.623919655578175,0.6591479115323086,3.0014949934094433,"{'bias_segment_0_end': {'mean': 4.623919655578175, 'abs_mean': 4.623919655578175, 'std': 0.6591479115323086}}"
1,758,19.0,True,0.4377853881278539,0.0,3,6,ATTACK,ATTACK,1,27,23,0.8518518518518519,19,8.026862942372238,8.11685370670513,3.1290622176794143,0.8399195778299514,0.8493360840453595,0.327420641880329,9.556704182453696,"{'bias_segment_0_end': {'mean': 0.8399195778299514, 'abs_mean': 0.8493360840453595, 'std': 0.327420641880329}}"
1,759,19.0,True,0.1936936936936937,0.0,4,6,SWITCH,ATTACK,0,31,25,0.8064516129032258,22,10.008973128538747,10.008973128538747,2.6707607310458146,1.3637027491746165,1.3637027491746165,0.36388585567583753,7.339556317970829,"{'bias_segment_0_end': {'mean': 1.3637027491746165, 'abs_mean': 1.3637027491746165, 'std': 0.36388585567583753}}"
1,760,23.0,True,0.3456973293768546,0.0,3,6,ATTACK,ATTACK,1,23,23,1.0,15,7.706942817410001,7.706942817410001,2.4580266559125663,0.6903135477417297,0.6903135477417297,0.22016630218841743,11.164409046616939,"{'bias_segment_0_end': {'mean': 0.6903135477417297, 'abs_mean': 0.6903135477417297, 'std': 0.22016630218841743}}"
1,761,20.0,True,0.29387331256490135,0.0,4,6,SWITCH,ATTACK,0,24,22,0.9166666666666666,15,10.016442609413572,10.016442609413572,2.4336615940926087,1.2386873166465822,1.2386873166465822,0.30095971865094207,8.086336620068444,"{'bias_segment_0_end': {'mean': 1.2386873166465822, 'abs_mean': 1.2386873166465822, 'std': 0.30095971865094207}}"
1,762,12.0,True,0.07556270096463023,0.0,5,6,SWITCH,ATTACK,0,24,18,0.75,14,12.680774104776532,12.680774104776532,2.494976722229996,4.772041412704059,4.772041412704059,0.9389120998322518,2.6573059636527794,"{'bias_segment_0_end': {'mean': 4.772041412704059, 'abs_mean': 4.772041412704059, 'std': 0.9389120998322518}}"
1,763,16.0,True,0.3333333333333333,0.0,4,6,ATTACK,ATTACK,1,28,22,0.7857142857142857,19,12.392500929981779,12.392500929981779,3.580275010206357,2.85277292863995,2.85277292863995,0.8241848585617036,4.344019394452773,"{'bias_segment_0_end': {'mean': 2.85277292863995, 'abs_mean': 2.85277292863995, 'std': 0.8241848585617036}}"
1,764,14.0,True,0.4666666666666666,0.0,3,6,SWITCH,ATTACK,0,18,16,0.8888888888888888,12,11.357198856697705,11.357198856697705,2.229176625042497,1.9975891007303883,1.9975891007303883,0.39208426179504463,5.68545295553781,"{'bias_segment_0_end': {'mean': 1.9975891007303883, 'abs_mean': 1.9975891007303883, 'std': 0.39208426179504463}}"
1,765,15.0,True,0.2849056603773585,0.0,4,6,SWITCH,ATTACK,0,31,23,0.7419354838709677,22,10.041097930713773,10.249289288328619,3.753200755137948,1.8435257428514586,1.8817492648059821,0.6890802438070128,5.4466817019776395,"{'bias_segment_0_end': {'mean': 1.8435257428514586, 'abs_mean': 1.8817492648059821, 'std': 0.6890802438070128}}"
1,766,24.0,True,0.4008215962441315,0.0,3,6,ATTACK,ATTACK,1,24,24,1.0,16,6.172572790257245,6.172572790257245,3.367896318677801,0.5324748688258458,0.5324748688258458,0.2905304176141232,11.59223308297782,"{'bias_segment_0_end': {'mean': 0.5324748688258458, 'abs_mean': 0.5324748688258458, 'std': 0.2905304176141232}}"
1,767,10.0,True,0.06805555555555555,0.0,5,6,SWITCH,ATTACK,0,26,18,0.6923076923076923,16,15.299017282666787,15.299017282666787,3.0574011484954227,10.551149881589293,10.551149881589293,2.1085731959049947,1.4499857792146473,"{'bias_segment_0_end': {'mean': 10.551149881589293, 'abs_mean': 10.551149881589293, 'std': 2.1085731959049947}}"
1,768,10.0,True,0.18763796909492272,0.0,4,6,SWITCH,ATTACK,0,30,20,0.6666666666666666,18,16.149854045968304,16.149854045968304,2.0099923733703893,112.14181229554879,112.14181229554879,13.95704176696615,0.14401277913545307,"{'bias_segment_0_end': {'mean': 112.14181229554879, 'abs_mean': 112.14181229554879, 'std': 13.95704176696615}}"
1,769,1.0,True,0.23492287687202942,0.0,4,6,ATTACK,ATTACK,1,61,31,0.5081967213114754,49,15.768270929750573,15.768270929750573,8.369549995027414,18.576826551338378,18.576826551338378,9.860287108400076,-0.848814025698837,"{'bias_segment_0_end': {'mean': 18.576826551338378, 'abs_mean': 18.576826551338378, 'std': 9.860287108400076}}"
1,770,37.0,True,0.08893034825870648,0.0,5,6,SWITCH,ATTACK,0,59,48,0.8135593220338984,49,0.6522327531477762,6.667289571465026,8.078060087898558,0.04517394190175076,0.4617795568988694,0.5594901748316551,14.438251914484763,"{'bias_segment_0_end': {'mean': 0.04517394190175076, 'abs_mean': 0.4617795568988694, 'std': 0.5594901748316551}}"
1,771,13.0,True,0.16666666666666666,0.0,5,6,SWITCH,ATTACK,0,33,23,0.696969696969697,23,12.429817987911877,12.429817987911877,2.3917853259856345,4.953995306795494,4.953995306795494,0.9532636190906681,2.509049205367968,"{'bias_segment_0_end': {'mean': 4.953995306795494, 'abs_mean': 4.953995306795494, 'std': 0.9532636190906681}}"
1,772,3.0,False,0.0,0.10666666666666667,6,3,SWITCH,ATTACK,0,23,13,0.5652173913043478,15,18.948928703120572,18.948928703120572,1.9797747393358491,6.863919723717509,6.863919723717509,0.7171389525365169,-2.760657097670397,"{'bias_segment_0_end': {'mean': 6.863919723717509, 'abs_mean': 6.863919723717509, 'std': 0.7171389525365169}}"
1,773,22.0,True,0.4647887323943662,0.0,3,6,ATTACK,ATTACK,1,24,23,0.9583333333333334,16,6.755608591154431,6.755608591154431,2.4743538134170415,0.6346011410304173,0.6346011410304173,0.23243320451741725,10.645440347278898,"{'bias_segment_0_end': {'mean': 0.6346011410304173, 'abs_mean': 0.6346011410304173, 'std': 0.23243320451741725}}"
1,774,23.0,True,0.4077181208053691,0.0,3,6,ATTACK,ATTACK,1,25,24,0.96,17,7.754817848477199,7.754817848477199,3.826082016563232,0.752698836883248,0.752698836883248,0.37136752145023955,10.302683448519872,"{'bias_segment_0_end': {'mean': 0.752698836883248, 'abs_mean': 0.752698836883248, 'std': 0.37136752145023955}}"
1,775,20.0,True,0.3333333333333333,0.0,4,6,ATTACK,ATTACK,1,24,22,0.9166666666666666,15,8.986046686792692,8.986046686792692,2.2333300883065297,1.023634775681405,1.023634775681405,0.25440712959195066,8.77856721974977,"{'bias_segment_0_end': {'mean': 1.023634775681405, 'abs_mean': 1.023634775681405, 'std': 0.25440712959195066}}"
1,776,11.0,True,0.3170045045045045,0.0,4,6,SWITCH,ATTACK,0,23,17,0.7391304347826086,14,12.182648454716297,12.182648454716297,2.8150179292090316,1.9942639499225188,1.9942639499225188,0.4608102085087906,6.108844546475214,"{'bias_segment_0_end': {'mean': 1.9942639499225188, 'abs_mean': 1.9942639499225188, 'std': 0.4608102085087906}}"
1,777,24.0,True,0.3170045045045045,0.0,4,6,SWITCH,ATTACK,0,30,27,0.9,21,10.223582694071734,10.223582694071734,3.1239082915686,1.1302935931955236,1.1302935931955236,0.34537144495713984,9.045068250955934,"{'bias_segment_0_end': {'mean': 1.1302935931955236, 'abs_mean': 1.1302935931955236, 'std': 0.34537144495713984}}"
1,778,14.0,True,0.03585858585858586,0.0,5,6,SWITCH,ATTACK,0,30,22,0.7333333333333333,20,13.523955363827481,13.523955363827481,1.8636860947601694,4.973037452331576,4.973037452331576,0.6853158339624141,2.719455763898755,"{'bias_segment_0_end': {'mean': 4.973037452331576, 'abs_mean': 4.973037452331576, 'std': 0.6853158339624141}}"
1,779,18.0,True,0.16666666666666666,0.0,5,6,SWITCH,ATTACK,0,30,24,0.8,20,11.176906165854502,11.176906165854502,2.6817903308736617,1.699243832366546,1.699243832366546,0.4077170919944743,6.577576421324045,"{'bias_segment_0_end': {'mean': 1.699243832366546, 'abs_mean': 1.699243832366546, 'std': 0.4077170919944743}}"
1,780,18.0,True,0.10795454545454546,0.0,5,6,SWITCH,ATTACK,0,30,24,0.8,20,10.669707531675163,10.669707531675163,2.569567510845612,1.7595186481298986,1.7595186481298986,0.4237418822905397,6.063992298697965,"{'bias_segment_0_end': {'mean': 1.7595186481298986, 'abs_mean': 1.7595186481298986, 'std': 0.4237418822905397}}"
1,781,14.0,False,0.0,0.09999999999999999,6,5,SWITCH,ATTACK,0,26,20,0.7692307692307693,16,12.418813863927896,12.418813863927896,3.1340096895780567,3.68849995862655,3.68849995862655,0.9308292029338515,3.366900909103485,"{'bias_segment_0_end': {'mean': 3.68849995862655, 'abs_mean': 3.68849995862655, 'std': 0.9308292029338515}}"
1,782,20.0,True,0.5,0.0,3,6,SWITCH,ATTACK,0,26,23,0.8846153846153846,18,10.670528994739167,10.670528994739167,4.6856522785221015,1.4591357316722835,1.4591357316722835,0.6407369933724991,7.312910487436221,"{'bias_segment_0_end': {'mean': 1.4591357316722835, 'abs_mean': 1.4591357316722835, 'std': 0.6407369933724991}}"
1,783,19.0,True,0.36607142857142855,0.0,3,6,ATTACK,ATTACK,1,19,19,1.0,12,7.424674336305941,7.424674336305941,3.128404352241742,0.7877885965919027,0.7877885965919027,0.3319366160173856,9.424703998542563,"{'bias_segment_0_end': {'mean': 0.7877885965919027, 'abs_mean': 0.7877885965919027, 'std': 0.3319366160173856}}"
1,784,21.0,True,0.5,0.0,3,6,SWITCH,ATTACK,0,23,22,0.9565217391304348,15,8.997551504720182,8.997551504720182,4.002289496236876,0.960276516103917,0.960276516103917,0.4271500543085997,9.369750643518291,"{'bias_segment_0_end': {'mean': 0.960276516103917, 'abs_mean': 0.960276516103917, 'std': 0.4271500543085997}}"
1,785,20.0,True,0.11703431372549018,0.0,5,6,SWITCH,ATTACK,0,36,28,0.7777777777777778,24,10.763187803292688,10.763187803292688,2.3772835981340865,1.7049456323289303,1.7049456323289303,0.3765742418994096,6.312921420602915,"{'bias_segment_0_end': {'mean': 1.7049456323289303, 'abs_mean': 1.7049456323289303, 'std': 0.3765742418994096}}"
1,786,27.0,True,0.3333333333333333,0.0,4,6,ATTACK,ATTACK,1,27,27,1.0,19,6.020628682300294,6.020628682300294,3.681403201313594,0.4682036629055548,0.4682036629055548,0.2862901126180579,12.858995260604708,"{'bias_segment_0_end': {'mean': 0.4682036629055548, 'abs_mean': 0.4682036629055548, 'std': 0.2862901126180579}}"
1,787,11.0,False,0.0,0.09000000000000001,6,5,SWITCH,ATTACK,0,27,19,0.7037037037037037,18,16.22566685956618,16.22566685956618,3.4613440788831924,40.02355305181815,40.02355305181815,8.538033571797497,0.40540295956630706,"{'bias_segment_0_end': {'mean': 40.02355305181815, 'abs_mean': 40.02355305181815, 'std': 8.538033571797497}}"
1,788,3.0,False,0.0,0.13333333333333333,6,5,SWITCH,ATTACK,0,23,13,0.5652173913043478,14,18.931188639343112,18.931188639343112,2.734371941326294,5.318714060666807,5.318714060666807,0.7682213076256998,-3.5593544648966717,"{'bias_segment_0_end': {'mean': 5.318714060666807, 'abs_mean': 5.318714060666807, 'std': 0.7682213076256998}}"
1,789,8.0,True,0.07816537467700259,0.0,5,6,SWITCH,ATTACK,0,30,19,0.6333333333333333,20,16.51714949398989,16.51714949398989,1.3482478413070684,21.130968481312774,21.130968481312774,1.7248607364136441,-0.7816560565407531,"{'bias_segment_0_end': {'mean': 21.130968481312774, 'abs_mean': 21.130968481312774, 'std': 1.7248607364136441}}"
1,790,27.0,False,0.0,0.16,6,3,SWITCH,ATTACK,0,45,36,0.8,37,15.142455500295863,15.403684777026433,11.491494075078517,2.3436672943973913,2.3840989477841585,1.7785912480968948,6.461009007760775,"{'bias_segment_0_end': {'mean': 2.3436672943973913, 'abs_mean': 2.3840989477841585, 'std': 1.7785912480968948}}"
1,791,11.0,False,0.0,0.16666666666666666,6,5,SWITCH,ATTACK,0,27,19,0.7037037037037037,18,17.123674275344374,17.123674275344374,1.7672490880580898,32.48125597185469,32.48125597185469,3.3522285621779706,0.5271863344872563,"{'bias_segment_0_end': {'mean': 32.48125597185469, 'abs_mean': 32.48125597185469, 'std': 3.3522285621779706}}"
1,792,17.0,True,0.6666666666666666,0.0,2,6,ATTACK,ATTACK,1,17,17,1.0,11,11.714617153455471,11.714617153455471,3.6008326992522073,1.3721356265473197,1.3721356265473197,0.4217663084638752,8.537506735345655,"{'bias_segment_0_end': {'mean': 1.3721356265473197, 'abs_mean': 1.3721356265473197, 'std': 0.4217663084638752}}"
1,793,21.0,True,0.6148293963254593,0.0,2,6,ATTACK,ATTACK,1,21,21,1.0,14,10.601845034420071,10.601845034420071,2.9571215280584857,1.0292772895575966,1.0292772895575966,0.2870913526287879,10.300280732879038,"{'bias_segment_0_end': {'mean': 1.0292772895575966, 'abs_mean': 1.0292772895575966, 'std': 0.2870913526287879}}"
1,794,14.0,False,0.0,0.12,6,4,SWITCH,ATTACK,0,34,24,0.7058823529411765,26,12.737295912501713,12.737295912501713,1.904806162715028,3.6311978630341706,3.6311978630341706,0.5430295499970547,3.507739427302546,"{'bias_segment_0_end': {'mean': 3.6311978630341706, 'abs_mean': 3.6311978630341706, 'std': 0.5430295499970547}}"
1,795,6.0,False,0.0,0.08,6,5,SWITCH,ATTACK,0,36,21,0.5833333333333334,26,20.036423648104268,20.036423648104268,2.4970268462423792,6.641287621901222,6.641287621901222,0.8276663428941617,-3.0169486383979827,"{'bias_segment_0_end': {'mean': 6.641287621901222, 'abs_mean': 6.641287621901222, 'std': 0.8276663428941617}}"
1,796,0.0,True,0.01896551724137931,0.0,5,6,SWITCH,ATTACK,0,28,14,0.5,19,19.509042358158755,19.509042358158755,2.639714591009672,12.28895235700274,12.28895235700274,1.6627841720501766,-1.5875268933760425,"{'bias_segment_0_end': {'mean': 12.28895235700274, 'abs_mean': 12.28895235700274, 'std': 1.6627841720501766}}"
1,797,20.0,True,0.2209119496855346,0.0,4,6,ATTACK,ATTACK,1,26,23,0.8846153846153846,18,10.05238595837514,10.05238595837514,3.409122391853749,1.2988146585272438,1.2988146585272438,0.44047434644747924,7.739661615594773,"{'bias_segment_0_end': {'mean': 1.2988146585272438, 'abs_mean': 1.2988146585272438, 'std': 0.44047434644747924}}"
1,798,-13.0,True,0.11971830985915494,0.0,5,6,SWITCH,ATTACK,0,61,24,0.39344262295081966,52,23.659386514800737,23.659386514800737,9.298706871197036,2.8514588287835565,2.8514588287835565,1.1206917722722036,-8.297291995232461,"{'bias_segment_0_end': {'mean': 2.8514588287835565, 'abs_mean': 2.8514588287835565, 'std': 1.1206917722722036}}"
1,799,7.0,True,0.03225806451612903,0.0,5,6,SWITCH,ATTACK,0,29,18,0.6206896551724138,19,16.96776993424144,16.96776993424144,1.4144067741021642,11.365948884132855,11.365948884132855,0.9474477293197188,-1.492859954519843,"{'bias_segment_0_end': {'mean': 11.365948884132855, 'abs_mean': 11.365948884132855, 'std': 0.9474477293197188}}"
1,800,20.0,True,0.16808510638297872,0.0,4,6,SWITCH,ATTACK,0,32,26,0.8125,22,9.315651490114726,9.335931887044367,3.7639427792455415,1.3859457064348393,1.3889629435093753,0.5599844884383421,6.721512572146855,"{'bias_segment_0_end': {'mean': 1.3859457064348393, 'abs_mean': 1.3889629435093753, 'std': 0.5599844884383421}}"
1,801,16.0,True,0.43669250645994834,0.0,3,6,ATTACK,ATTACK,1,20,18,0.9,13,9.311928869723399,9.311928869723399,1.993625815055522,1.1069770139566253,1.1069770139566253,0.23699686526520455,8.412034533978382,"{'bias_segment_0_end': {'mean': 1.1069770139566253, 'abs_mean': 1.1069770139566253, 'std': 0.23699686526520455}}"
1,802,25.0,True,0.639957264957265,0.0,2,6,ATTACK,ATTACK,1,25,25,1.0,18,9.4343217255453,9.4343217255453,3.0417298806153914,0.7850644026038047,0.7850644026038047,0.25311346391141243,12.017258322062121,"{'bias_segment_0_end': {'mean': 0.7850644026038047, 'abs_mean': 0.7850644026038047, 'std': 0.25311346391141243}}"
1,803,17.0,True,0.27678571428571425,0.0,4,6,ATTACK,ATTACK,1,27,22,0.8148148148148148,18,12.690307451804037,12.690307451804037,1.6085653303565852,1.9410599154135104,1.9410599154135104,0.24603987696414673,6.5378236658401,"{'bias_segment_0_end': {'mean': 1.9410599154135104, 'abs_mean': 1.9410599154135104, 'std': 0.24603987696414673}}"
1,804,16.0,False,0.0,0.05666666666666667,6,5,SWITCH,ATTACK,0,28,22,0.7857142857142857,18,12.076538098920954,12.076538098920954,2.980724543748289,3.113262054541287,3.113262054541287,0.7684136414822876,3.8790625033652475,"{'bias_segment_0_end': {'mean': 3.113262054541287, 'abs_mean': 3.113262054541287, 'std': 0.7684136414822876}}"
1,805,22.0,True,0.5199771689497718,0.0,2,6,SWITCH,ATTACK,0,26,24,0.9230769230769231,20,13.057214107569989,13.057214107569989,4.223801697813176,1.4472675085214783,1.4472675085214783,0.4681680877193273,9.021976953596628,"{'bias_segment_0_end': {'mean': 1.4472675085214783, 'abs_mean': 1.4472675085214783, 'std': 0.4681680877193273}}"
1,806,13.0,True,0.0031806615776081427,0.0,5,6,SWITCH,ATTACK,0,29,21,0.7241379310344828,19,13.562506423200267,13.562506423200267,2.990937275881992,5.629319616454575,5.629319616454575,1.2414329146348742,2.4092621039951045,"{'bias_segment_0_end': {'mean': 5.629319616454575, 'abs_mean': 5.629319616454575, 'std': 1.2414329146348742}}"
1,807,5.0,True,0.08563218390804599,0.0,5,6,SWITCH,ATTACK,0,27,16,0.5925925925925926,17,19.29139178063845,19.29139178063845,3.495282068912146,8.853365528222035,8.853365528222035,1.6040838386464658,-2.1789896417518198,"{'bias_segment_0_end': {'mean': 8.853365528222035, 'abs_mean': 8.853365528222035, 'std': 1.6040838386464658}}"
1,808,22.0,True,0.7797619047619048,0.0,1,6,ATTACK,ATTACK,1,28,25,0.8928571428571429,22,13.318378555447243,13.318378555447243,4.318133507975341,1.319524770750439,1.319524770750439,0.42782115731727,10.093314540713646,"{'bias_segment_0_end': {'mean': 1.319524770750439, 'abs_mean': 1.319524770750439, 'std': 0.42782115731727}}"
1,809,17.0,True,0.15044742729306487,0.0,5,6,SWITCH,ATTACK,0,25,21,0.84,15,12.102901763772406,12.102901763772406,2.0301716407549524,2.0073217728533193,2.0073217728533193,0.336713278902674,6.0293780137544495,"{'bias_segment_0_end': {'mean': 2.0073217728533193, 'abs_mean': 2.0073217728533193, 'std': 0.336713278902674}}"
1,810,17.0,True,0.2384705506443711,0.0,4,6,SWITCH,ATTACK,0,25,21,0.84,15,11.093827599612087,11.093827599612087,2.545581979456225,2.000209518458105,2.000209518458105,0.4589666875210683,5.546332770260963,"{'bias_segment_0_end': {'mean': 2.000209518458105, 'abs_mean': 2.000209518458105, 'std': 0.4589666875210683}}"
1,811,9.0,False,0.0,0.0,6,3,SWITCH,ATTACK,0,19,14,0.7368421052631579,12,14.67816430406392,14.67816430406392,1.9983434912280418,12.620540104962233,12.620540104962233,1.7182103737284828,1.1630377291295684,"{'bias_segment_0_end': {'mean': 12.620540104962233, 'abs_mean': 12.620540104962233, 'std': 1.7182103737284828}}"
1,812,22.0,True,0.27611111111111114,0.0,4,6,ATTACK,ATTACK,1,24,23,0.9583333333333334,15,6.489756801414964,6.489756801414964,2.96035099365519,0.6441579649862538,0.6441579649862538,0.29383746264608746,10.074790896288079,"{'bias_segment_0_end': {'mean': 0.6441579649862538, 'abs_mean': 0.6441579649862538, 'std': 0.29383746264608746}}"
1,813,19.0,True,0.3333333333333333,0.0,4,6,ATTACK,ATTACK,1,23,21,0.9130434782608695,14,8.279376323587197,8.279376323587197,2.8159500825703834,1.016150427421085,1.016150427421085,0.34560923047408554,8.147786095607563,"{'bias_segment_0_end': {'mean': 1.016150427421085, 'abs_mean': 1.016150427421085, 'std': 0.34560923047408554}}"
1,814,33.0,True,0.6666666666666666,0.0,2,6,ATTACK,ATTACK,1,39,36,0.9230769230769231,32,11.505300456706673,11.505300456706673,4.0642423635734355,0.8480334622193788,0.8480334622193788,0.2995674503111955,13.56703593581824,"{'bias_segment_0_end': {'mean': 0.8480334622193788, 'abs_mean': 0.8480334622193788, 'std': 0.2995674503111955}}"
1,815,21.0,True,0.22422062350119906,0.0,4,6,ATTACK,ATTACK,1,23,22,0.9565217391304348,15,8.486067474945598,8.486067474945598,2.5387934376022683,0.8989994752265282,0.8989994752265282,0.26895543487622625,9.439457651304297,"{'bias_segment_0_end': {'mean': 0.8989994752265282, 'abs_mean': 0.8989994752265282, 'std': 0.26895543487622625}}"
1,816,22.0,True,0.38317757009345793,0.0,3,6,ATTACK,ATTACK,1,24,23,0.9583333333333334,16,8.152723896904257,8.152723896904257,2.172951787252808,0.7873694969087962,0.7873694969087962,0.20985819919474766,10.354381175435117,"{'bias_segment_0_end': {'mean': 0.7873694969087962, 'abs_mean': 0.7873694969087962, 'std': 0.20985819919474766}}"
1,817,16.0,False,0.0,0.11333333333333334,6,4,SWITCH,ATTACK,0,26,21,0.8076923076923077,17,11.65095619482157,11.65095619482157,2.311177777537003,2.4113025672006545,2.4113025672006545,0.47832545372619767,4.831810140005562,"{'bias_segment_0_end': {'mean': 2.4113025672006545, 'abs_mean': 2.4113025672006545, 'std': 0.47832545372619767}}"
1,818,30.0,True,0.3333333333333333,0.0,4,6,SWITCH,ATTACK,0,36,33,0.9166666666666666,27,7.503503182028102,7.738252312869831,5.422766115633154,0.6440310678590837,0.6641797543788817,0.4654399108627173,11.650840396522447,"{'bias_segment_0_end': {'mean': 0.6440310678590837, 'abs_mean': 0.6641797543788817, 'std': 0.4654399108627173}}"
1,819,15.0,True,0.14223057644110276,0.0,5,6,SWITCH,ATTACK,0,31,23,0.7419354838709677,21,11.861676678312019,11.861676678312019,3.1691398183767365,2.7225771872125355,2.7225771872125355,0.7274037226436377,4.356782512548852,"{'bias_segment_0_end': {'mean': 2.7225771872125355, 'abs_mean': 2.7225771872125355, 'std': 0.7274037226436377}}"
1,820,14.0,True,0.33270440251572325,0.0,4,6,ATTACK,ATTACK,1,24,19,0.7916666666666666,15,13.300820277665602,13.300820277665602,2.089800885676455,2.4808345467214092,2.4808345467214092,0.3897842482437525,5.361429804032494,"{'bias_segment_0_end': {'mean': 2.4808345467214092, 'abs_mean': 2.4808345467214092, 'std': 0.3897842482437525}}"
1,821,20.0,False,0.0,0.028333333333333335,6,5,SWITCH,ATTACK,0,28,24,0.8571428571428571,18,9.181894720107623,9.181894720107623,2.9537628685303026,1.247914670157322,1.247914670157322,0.4014469919517585,7.357790512191093,"{'bias_segment_0_end': {'mean': 1.247914670157322, 'abs_mean': 1.247914670157322, 'std': 0.4014469919517585}}"
1,822,7.0,True,0.02981029810298103,0.0,5,6,SWITCH,ATTACK,0,29,18,0.6206896551724138,19,16.05227923641541,16.05227923641541,1.498199055966713,22.987843202409046,22.987843202409046,2.1455124519906397,-0.6982942721104513,"{'bias_segment_0_end': {'mean': 22.987843202409046, 'abs_mean': 22.987843202409046, 'std': 2.1455124519906397}}"
1,823,28.0,True,0.43333333333333335,0.0,3,6,ATTACK,ATTACK,1,28,28,1.0,20,4.574198932018277,4.772944640242612,4.260848242397105,0.3445530105298517,0.3595235951319445,0.3209497687239817,13.27574797557014,"{'bias_segment_0_end': {'mean': 0.3445530105298517, 'abs_mean': 0.3595235951319445, 'std': 0.3209497687239817}}"
1,824,16.0,False,0.0,0.055,6,5,SWITCH,ATTACK,0,44,30,0.6818181818181818,34,17.322574886599195,17.322574886599195,4.682475796552281,369.8750071482527,369.8750071482527,99.98113906617442,-0.04683359121817061,"{'bias_segment_0_end': {'mean': 369.8750071482527, 'abs_mean': 369.8750071482527, 'std': 99.98113906617442}}"
1,825,21.0,True,0.386279926335175,0.0,3,6,ATTACK,ATTACK,1,23,22,0.9565217391304348,15,11.636642720400225,11.636642720400225,2.4590423204482015,1.1609860759136843,1.1609860759136843,0.24533827863580293,10.023068288086318,"{'bias_segment_0_end': {'mean': 1.1609860759136843, 'abs_mean': 1.1609860759136843, 'std': 0.24533827863580293}}"
1,826,18.0,True,0.6337135614702155,0.0,2,6,ATTACK,ATTACK,1,18,18,1.0,11,9.746588703248658,9.746588703248658,2.684389830654446,1.0850558368012733,1.0850558368012733,0.29884433853567094,8.98256879754819,"{'bias_segment_0_end': {'mean': 1.0850558368012733, 'abs_mean': 1.0850558368012733, 'std': 0.29884433853567094}}"
1,827,17.0,True,0.18944099378881987,0.0,4,6,SWITCH,ATTACK,0,25,21,0.84,17,10.067821158977004,10.067821158977004,3.646511320307376,1.5903193760094947,1.5903193760094947,0.5760052265481479,6.330691376118211,"{'bias_segment_0_end': {'mean': 1.5903193760094947, 'abs_mean': 1.5903193760094947, 'std': 0.5760052265481479}}"
1,828,3.0,False,0.0,0.16166666666666665,6,5,SWITCH,ATTACK,0,31,17,0.5483870967741935,21,19.804661106103172,19.804661106103172,2.4664365860948796,3.8896082442296596,3.8896082442296596,0.4844047584428443,-5.091685296452138,"{'bias_segment_0_end': {'mean': 3.8896082442296596, 'abs_mean': 3.8896082442296596, 'std': 0.4844047584428443}}"
1,829,22.0,True,0.8333333333333334,0.0,1,6,ATTACK,ATTACK,1,22,22,1.0,16,12.80694905804299,12.80694905804299,4.4559148335463945,1.1931459938766538,1.1931459938766538,0.41513063795334976,10.733765292570691,"{'bias_segment_0_end': {'mean': 1.1931459938766538, 'abs_mean': 1.1931459938766538, 'std': 0.41513063795334976}}"
1,830,5.0,False,0.0,0.105,6,4,SWITCH,ATTACK,0,27,16,0.5925925925925926,18,19.297771956410454,19.297771956410454,2.368882917083299,6.649006111016823,6.649006111016823,0.8161935495738948,-2.9023543720971667,"{'bias_segment_0_end': {'mean': 6.649006111016823, 'abs_mean': 6.649006111016823, 'std': 0.8161935495738948}}"
1,831,14.0,True,0.022424242424242426,0.0,5,6,SWITCH,ATTACK,0,24,19,0.7916666666666666,14,12.683712712578734,12.683712712578734,2.3054932469214937,3.147927910524436,3.147927910524436,0.5721925988052631,4.029225914028527,"{'bias_segment_0_end': {'mean': 3.147927910524436, 'abs_mean': 3.147927910524436, 'std': 0.5721925988052631}}"
1,832,22.0,True,0.26558752997601914,0.0,4,6,ATTACK,ATTACK,1,24,23,0.9583333333333334,16,6.1290571971768815,6.1290571971768815,3.1532679129502434,0.591928874679401,0.591928874679401,0.3045346563473152,10.354381175435117,"{'bias_segment_0_end': {'mean': 0.591928874679401, 'abs_mean': 0.591928874679401, 'std': 0.3045346563473152}}"
1,833,11.0,False,0.0,0.03166666666666667,6,5,SWITCH,ATTACK,0,29,20,0.6896551724137931,19,15.83552092231691,15.83552092231691,2.1014225185367112,14.355347800098032,14.355347800098032,1.9049989751861434,1.1031095270439055,"{'bias_segment_0_end': {'mean': 14.355347800098032, 'abs_mean': 14.355347800098032, 'std': 1.9049989751861434}}"
1,834,19.0,True,0.26264367816091955,0.0,4,6,ATTACK,ATTACK,1,23,21,0.9130434782608695,15,6.266187662209151,6.266187662209151,3.362533926341381,0.6501245555628816,0.6501245555628816,0.34886696541372036,9.63844175487857,"{'bias_segment_0_end': {'mean': 0.6501245555628816, 'abs_mean': 0.6501245555628816, 'std': 0.34886696541372036}}"
1,835,29.0,True,0.129863301787592,0.0,5,6,SWITCH,ATTACK,0,43,36,0.8372093023255814,32,11.014366130437576,11.014366130437576,4.2730421923826825,1.2471792496094132,1.2471792496094132,0.48384532454556034,8.831421893755056,"{'bias_segment_0_end': {'mean': 1.2471792496094132, 'abs_mean': 1.2471792496094132, 'std': 0.48384532454556034}}"
1,836,20.0,True,0.29778830963665087,0.0,4,6,ATTACK,ATTACK,1,26,23,0.8846153846153846,17,9.104667410662001,9.104667410662001,2.6033042012386014,1.0574220892026578,1.0574220892026578,0.3023494701278299,8.610248928625388,"{'bias_segment_0_end': {'mean': 1.0574220892026578, 'abs_mean': 1.0574220892026578, 'std': 0.3023494701278299}}"
1,837,23.0,True,0.5083333333333333,0.0,2,6,ATTACK,ATTACK,1,23,23,1.0,16,9.3573681893264,9.3573681893264,3.2550452598722557,0.8381427221319776,0.8381427221319776,0.2915555356562832,11.164409046616939,"{'bias_segment_0_end': {'mean': 0.8381427221319776, 'abs_mean': 0.8381427221319776, 'std': 0.2915555356562832}}"
1,838,-4.0,False,0.0,0.06333333333333334,6,4,SWITCH,ATTACK,0,30,13,0.43333333333333335,22,21.354200150694208,21.354200150694208,3.1256887539884617,3.681106187552812,3.681106187552812,0.538816351419143,-5.801028023288406,"{'bias_segment_0_end': {'mean': 3.681106187552812, 'abs_mean': 3.681106187552812, 'std': 0.538816351419143}}"
1,839,20.0,True,0.5896464646464646,0.0,2,6,ATTACK,ATTACK,1,20,20,1.0,13,10.135876537335196,10.135876537335196,2.8736593408133584,1.0275693677244733,1.0275693677244733,0.29132994083128866,9.863934110629282,"{'bias_segment_0_end': {'mean': 1.0275693677244733, 'abs_mean': 1.0275693677244733, 'std': 0.29132994083128866}}"
1,840,29.0,True,0.649074074074074,0.0,2,6,ATTACK,ATTACK,1,29,29,1.0,22,8.38075830986104,8.38075830986104,3.5639386106097253,0.6121906930419864,0.6121906930419864,0.26033563638520407,13.689783926993247,"{'bias_segment_0_end': {'mean': 0.6121906930419864, 'abs_mean': 0.6121906930419864, 'std': 0.26033563638520407}}"
1,841,22.0,True,0.4351851851851852,0.0,3,6,SWITCH,ATTACK,0,26,24,0.9230769230769231,18,8.013770152088025,8.013770152088025,3.994446175792737,0.8942402753217027,0.8942402753217027,0.4457321061383226,8.961540173534535,"{'bias_segment_0_end': {'mean': 0.8942402753217027, 'abs_mean': 0.8942402753217027, 'std': 0.4457321061383226}}"
1,842,9.0,False,0.0,0.0,6,5,SWITCH,ATTACK,0,23,16,0.6956521739130435,14,15.43980083614076,15.43980083614076,2.2761384075283715,170.52691833672296,170.52691833672296,25.139111084588787,0.09054172201513241,"{'bias_segment_0_end': {'mean': 170.52691833672296, 'abs_mean': 170.52691833672296, 'std': 25.139111084588787}}"
1,843,16.0,False,0.0,0.205,6,3,SWITCH,ATTACK,0,24,20,0.8333333333333334,15,10.471373717552618,10.471373717552618,3.9700204611326315,2.0434135756770018,2.0434135756770018,0.7747210561681613,5.124451477759883,"{'bias_segment_0_end': {'mean': 2.0434135756770018, 'abs_mean': 2.0434135756770018, 'std': 0.7747210561681613}}"
1,844,31.0,True,0.6375338753387534,0.0,2,6,ATTACK,ATTACK,1,31,31,1.0,24,7.341640147134617,7.409188431444692,4.744754423469855,0.5059785342075359,0.5106338947534742,0.3270037539634779,14.509785792856013,"{'bias_segment_0_end': {'mean': 0.5059785342075359, 'abs_mean': 0.5106338947534742, 'std': 0.3270037539634779}}"
1,845,3.0,True,0.049741602067183456,0.0,5,6,SWITCH,ATTACK,0,31,17,0.5483870967741935,21,21.000065954832888,21.000065954832888,3.037194541695203,4.588290645976171,4.588290645976171,0.663594644685528,-4.5768822367975925,"{'bias_segment_0_end': {'mean': 4.588290645976171, 'abs_mean': 4.588290645976171, 'std': 0.663594644685528}}"
1,846,26.0,True,0.6666666666666666,0.0,2,6,ATTACK,ATTACK,1,34,30,0.8823529411764706,27,6.848505570401957,7.441757832582654,5.908849770964301,0.5100483142636323,0.5542312842777155,0.4400666443117903,13.427170287366383,"{'bias_segment_0_end': {'mean': 0.5100483142636323, 'abs_mean': 0.5542312842777155, 'std': 0.4400666443117903}}"
1,847,5.0,False,0.0,0.085,6,5,SWITCH,ATTACK,0,27,16,0.5925925925925926,17,19.09050079227655,19.09050079227655,1.634585357792731,7.229760519441391,7.229760519441391,0.6190335609324581,-2.640544004319466,"{'bias_segment_0_end': {'mean': 7.229760519441391, 'abs_mean': 7.229760519441391, 'std': 0.6190335609324581}}"
1,848,23.0,True,0.5223713646532439,0.0,2,6,ATTACK,ATTACK,1,23,23,1.0,16,8.948447528063552,8.948447528063552,3.931277281343187,0.8015155563271961,0.8015155563271961,0.3521258729349808,11.164409046616939,"{'bias_segment_0_end': {'mean': 0.8015155563271961, 'abs_mean': 0.8015155563271961, 'std': 0.3521258729349808}}"
1,849,3.0,False,0.0,0.05666666666666667,6,4,SWITCH,ATTACK,0,29,16,0.5517241379310345,20,19.632677840473782,19.632677840473782,1.9572865868547364,5.390300535511162,5.390300535511162,0.5373878705187013,-3.6422232324773356,"{'bias_segment_0_end': {'mean': 5.390300535511162, 'abs_mean': 5.390300535511162, 'std': 0.5373878705187013}}"
1,850,21.0,True,0.16666666666666666,0.0,5,6,SWITCH,ATTACK,0,29,25,0.8620689655172413,19,10.766913646304136,10.766913646304136,2.701977677275953,1.485609674499632,1.485609674499632,0.37281660367184993,7.247471412657928,"{'bias_segment_0_end': {'mean': 1.485609674499632, 'abs_mean': 1.485609674499632, 'std': 0.37281660367184993}}"
1,851,11.0,False,0.0,0.135,6,4,SWITCH,ATTACK,0,25,18,0.72,16,13.863533910902376,13.863533910902376,3.235192526782191,9.980596445795664,9.980596445795664,2.329070729135998,1.3890486391464514,"{'bias_segment_0_end': {'mean': 9.980596445795664, 'abs_mean': 9.980596445795664, 'std': 2.329070729135998}}"
1,852,9.0,False,0.0,0.135,6,3,SWITCH,ATTACK,0,29,19,0.6551724137931034,21,16.19146784772777,16.19146784772777,3.0645263270673087,22.772821958857353,22.772821958857353,4.310165890508102,-0.7109996238929097,"{'bias_segment_0_end': {'mean': 22.772821958857353, 'abs_mean': 22.772821958857353, 'std': 4.310165890508102}}"
1,853,23.0,True,0.2450592885375494,0.0,4,6,ATTACK,ATTACK,1,43,33,0.7674418604651163,34,10.420259356294064,10.420259356294064,3.4262045473975626,1.224248356528252,1.224248356528252,0.40253559367958597,8.511556744780155,"{'bias_segment_0_end': {'mean': 1.224248356528252, 'abs_mean': 1.224248356528252, 'std': 0.40253559367958597}}"
1,854,9.0,True,0.0871501272264631,0.0,5,6,SWITCH,ATTACK,0,21,15,0.7142857142857143,13,12.822928062620736,12.822928062620736,2.0603671355275246,3.6032450341196456,3.6032450341196456,0.5789635263722723,3.558716640472293,"{'bias_segment_0_end': {'mean': 3.6032450341196456, 'abs_mean': 3.6032450341196456, 'std': 0.5789635263722723}}"
1,855,25.0,True,0.21224489795918366,0.0,4,6,ATTACK,ATTACK,1,25,25,1.0,16,6.01721448677577,6.01721448677577,2.719624668315527,0.5007144163431144,0.5007144163431144,0.22630991158130057,12.017258322062121,"{'bias_segment_0_end': {'mean': 0.5007144163431144, 'abs_mean': 0.5007144163431144, 'std': 0.22630991158130057}}"
1,856,15.0,True,0.20987654320987656,0.0,4,6,SWITCH,ATTACK,0,27,21,0.7777777777777778,18,11.285615431035078,11.285615431035078,3.2153368489602046,2.3105667921819797,2.3105667921819797,0.6582937894956349,4.884349359309161,"{'bias_segment_0_end': {'mean': 2.3105667921819797, 'abs_mean': 2.3105667921819797, 'std': 0.6582937894956349}}"
1,857,19.0,True,0.6666666666666666,0.0,2,6,ATTACK,ATTACK,1,19,19,1.0,12,11.43624340963165,11.43624340963165,2.4611565002037463,1.2134326352742908,1.2134326352742908,0.2611388644762041,9.424703998542563,"{'bias_segment_0_end': {'mean': 1.2134326352742908, 'abs_mean': 1.2134326352742908, 'std': 0.2611388644762041}}"
1,858,22.0,True,0.3333333333333333,0.0,4,6,ATTACK,ATTACK,1,24,23,0.9583333333333334,16,7.321659250320806,7.321659250320806,2.72531042642984,0.716883327747988,0.716883327747988,0.26684246573749076,10.213181095061886,"{'bias_segment_0_end': {'mean': 0.716883327747988, 'abs_mean': 0.716883327747988, 'std': 0.26684246573749076}}"
1,859,14.0,True,0.16666666666666666,0.0,5,6,SWITCH,ATTACK,0,30,22,0.7333333333333333,20,13.021817665540361,13.021817665540361,3.0794690700666156,5.078416854491583,5.078416854491583,1.2009711723807086,2.564149032788293,"{'bias_segment_0_end': {'mean': 5.078416854491583, 'abs_mean': 5.078416854491583, 'std': 1.2009711723807086}}"
1,860,20.0,True,0.2018140589569161,0.0,4,6,ATTACK,ATTACK,1,24,22,0.9166666666666666,16,5.751930985886633,5.751930985886633,2.952986136545195,0.5455595635911338,0.5455595635911338,0.2800850413360675,10.543176895341496,"{'bias_segment_0_end': {'mean': 0.5455595635911338, 'abs_mean': 0.5455595635911338, 'std': 0.2800850413360675}}"
1,861,10.0,False,0.0,0.15166666666666667,6,4,SWITCH,ATTACK,0,26,18,0.6923076923076923,17,15.288918444408095,15.288918444408095,1.8668414780262084,8.940546727987861,8.940546727987861,1.0916784943766773,1.7100652688886493,"{'bias_segment_0_end': {'mean': 8.940546727987861, 'abs_mean': 8.940546727987861, 'std': 1.0916784943766773}}"
1,862,28.0,True,0.08436213991769548,0.0,5,6,SWITCH,ATTACK,0,38,33,0.868421052631579,28,7.179060474675746,7.33480801903236,4.912443813156782,0.7264583853817266,0.742218680200191,0.49709652305798596,9.882273532988982,"{'bias_segment_0_end': {'mean': 0.7264583853817266, 'abs_mean': 0.742218680200191, 'std': 0.49709652305798596}}"
1,863,28.0,True,0.25,0.0,4,6,ATTACK,ATTACK,1,30,29,0.9666666666666667,21,7.087052072383056,7.087052072383056,3.4155155743717036,0.5708181542929859,0.5708181542929859,0.2750986272161294,12.415603847009846,"{'bias_segment_0_end': {'mean': 0.5708181542929859, 'abs_mean': 0.5708181542929859, 'std': 0.2750986272161294}}"
1,864,24.0,True,0.5591836734693878,0.0,2,6,ATTACK,ATTACK,1,24,24,1.0,17,11.10943955051115,11.10943955051115,3.6429092530062572,0.9583519819683742,0.9583519819683742,0.3142543138090927,11.59223308297782,"{'bias_segment_0_end': {'mean': 0.9583519819683742, 'abs_mean': 0.9583519819683742, 'std': 0.3142543138090927}}"
1,865,8.0,False,0.0,0.15166666666666667,6,5,SWITCH,ATTACK,0,26,17,0.6538461538461539,17,16.240936765731984,16.240936765731984,2.231217624539841,25.839048905145823,25.839048905145823,3.5498285690117233,-0.6285423594866766,"{'bias_segment_0_end': {'mean': 25.839048905145823, 'abs_mean': 25.839048905145823, 'std': 3.5498285690117233}}"
1,866,17.0,True,0.5574712643678161,0.0,2,6,ATTACK,ATTACK,1,17,17,1.0,12,12.10373736758116,12.10373736758116,2.0986548602984114,1.4177133609126364,1.4177133609126364,0.24581589512660498,8.537506735345655,"{'bias_segment_0_end': {'mean': 1.4177133609126364, 'abs_mean': 1.4177133609126364, 'std': 0.24581589512660498}}"
1,867,18.0,False,0.0,0.12,6,2,SWITCH,ATTACK,0,22,20,0.9090909090909091,15,10.688939133549123,10.688939133549123,2.4324331870033453,1.4844387312442675,1.4844387312442675,0.33780695996467675,7.200660363118913,"{'bias_segment_0_end': {'mean': 1.4844387312442675, 'abs_mean': 1.4844387312442675, 'std': 0.33780695996467675}}"
1,868,8.0,True,0.1030982905982906,0.0,5,6,SWITCH,ATTACK,0,26,17,0.6538461538461539,16,16.492714288496284,16.492714288496284,2.4156650888158793,20.08637962265087,20.08637962265087,2.942024288202494,-0.8210894446054327,"{'bias_segment_0_end': {'mean': 20.08637962265087, 'abs_mean': 20.08637962265087, 'std': 2.942024288202494}}"
1,869,19.0,True,0.46289308176100635,0.0,3,6,ATTACK,ATTACK,1,21,20,0.9523809523809523,13,13.936515819624422,13.936515819624422,3.1019336348835185,1.6121375155356,1.6121375155356,0.3588230837764868,8.64474381702748,"{'bias_segment_0_end': {'mean': 1.6121375155356, 'abs_mean': 1.6121375155356, 'std': 0.3588230837764868}}"
1,870,16.0,True,0.06853582554517133,0.0,5,6,SWITCH,ATTACK,0,28,22,0.7857142857142857,18,11.82573747728473,11.82573747728473,4.087507810981473,3.190372830409452,3.190372830409452,1.1027366275710642,3.7066945168809675,"{'bias_segment_0_end': {'mean': 3.190372830409452, 'abs_mean': 3.190372830409452, 'std': 1.1027366275710642}}"
1,871,21.0,True,0.19017980636237897,0.0,4,6,SWITCH,ATTACK,0,29,25,0.8620689655172413,20,9.80884300563127,9.80884300563127,3.8266652029895893,1.3435707727930957,1.3435707727930957,0.5241592225555541,7.300577836506562,"{'bias_segment_0_end': {'mean': 1.3435707727930957, 'abs_mean': 1.3435707727930957, 'std': 0.5241592225555541}}"
1,872,13.0,True,0.2769328263624842,0.0,4,6,SWITCH,ATTACK,0,29,21,0.7241379310344828,20,12.86021938823813,12.86021938823813,1.9464011189906045,3.7650272753570406,3.7650272753570406,0.5698389024752922,3.415704176278135,"{'bias_segment_0_end': {'mean': 3.7650272753570406, 'abs_mean': 3.7650272753570406, 'std': 0.5698389024752922}}"
1,873,12.0,False,0.0,0.0,6,5,SWITCH,ATTACK,0,30,21,0.7,21,16.02682033268535,16.02682033268535,3.340459582902211,19.79729879709047,19.79729879709047,4.126337920407609,0.8095458121307312,"{'bias_segment_0_end': {'mean': 19.79729879709047, 'abs_mean': 19.79729879709047, 'std': 4.126337920407609}}"
1,874,5.0,False,0.0,0.016666666666666666,6,5,SWITCH,ATTACK,0,47,26,0.5531914893617021,37,18.570706158004636,18.570706158004636,3.5823421071446893,4.222125942293074,4.222125942293074,0.8144601188590218,-4.398425440601311,"{'bias_segment_0_end': {'mean': 4.222125942293074, 'abs_mean': 4.222125942293074, 'std': 0.8144601188590218}}"
1,875,21.0,True,0.5644444444444444,0.0,2,6,ATTACK,ATTACK,1,21,21,1.0,14,10.023055050943158,10.023055050943158,2.864108723665609,0.9730856188170717,0.9730856188170717,0.27806122939185757,10.300280732879038,"{'bias_segment_0_end': {'mean': 0.9730856188170717, 'abs_mean': 0.9730856188170717, 'std': 0.27806122939185757}}"
1,876,12.0,True,0.1641318124207858,0.0,5,6,SWITCH,ATTACK,0,36,24,0.6666666666666666,26,14.734213962126192,14.734213962126192,3.0979729442667385,4.815421439049387,4.815421439049387,1.0124764966603135,3.0597973923202195,"{'bias_segment_0_end': {'mean': 4.815421439049387, 'abs_mean': 4.815421439049387, 'std': 1.0124764966603135}}"
1,877,24.0,True,0.4153182308522114,0.0,3,6,ATTACK,ATTACK,1,26,25,0.9615384615384616,18,7.764711470487419,7.764711470487419,2.84823081768094,0.6555135602994736,0.6555135602994736,0.2404537413848698,11.845233936793136,"{'bias_segment_0_end': {'mean': 0.6555135602994736, 'abs_mean': 0.6555135602994736, 'std': 0.2404537413848698}}"
1,878,6.0,True,0.16666666666666666,0.0,5,6,SWITCH,ATTACK,0,26,16,0.6153846153846154,16,16.390156389721092,16.390156389721092,1.8348046702103404,16.942966741855585,16.942966741855585,1.8966893155864577,-0.9673722813390856,"{'bias_segment_0_end': {'mean': 16.942966741855585, 'abs_mean': 16.942966741855585, 'std': 1.8966893155864577}}"
1,879,16.0,False,0.0,0.15166666666666667,6,5,SWITCH,ATTACK,0,32,24,0.75,22,15.201944719886296,15.201944719886296,2.6488677493061172,3.6098086700563483,3.6098086700563483,0.6289922732562987,4.211288217568882,"{'bias_segment_0_end': {'mean': 3.6098086700563483, 'abs_mean': 3.6098086700563483, 'std': 0.6289922732562987}}"
1,880,13.0,True,0.16666666666666666,0.0,5,6,SWITCH,ATTACK,0,29,21,0.7241379310344828,20,12.850044359444624,12.850044359444624,2.296402170774777,4.008731922011761,4.008731922011761,0.7163913547890521,3.2055135163530455,"{'bias_segment_0_end': {'mean': 4.008731922011761, 'abs_mean': 4.008731922011761, 'std': 0.7163913547890521}}"
1,881,9.0,True,0.16666666666666666,0.0,5,6,SWITCH,ATTACK,0,25,17,0.68,15,15.031068075734611,15.031068075734611,2.024558307814134,18.71712164209915,18.71712164209915,2.5210386865357592,0.8030651487526934,"{'bias_segment_0_end': {'mean': 18.71712164209915, 'abs_mean': 18.71712164209915, 'std': 2.5210386865357592}}"
1,882,12.0,True,0.4586466165413534,0.0,3,6,ATTACK,ATTACK,1,32,22,0.6875,25,15.973769653583105,15.973769653583105,2.0597980343468123,12.087730541118306,12.087730541118306,1.5586980498823235,1.3214862458462178,"{'bias_segment_0_end': {'mean': 12.087730541118306, 'abs_mean': 12.087730541118306, 'std': 1.5586980498823235}}"
1,883,10.0,False,0.0,0.12166666666666666,6,5,SWITCH,ATTACK,0,36,23,0.6388888888888888,26,18.92939308727752,18.92939308727752,2.603251507248227,12.776747245535654,12.776747245535654,1.7571132033295436,-1.4815502508975182,"{'bias_segment_0_end': {'mean': 12.776747245535654, 'abs_mean': 12.776747245535654, 'std': 1.7571132033295436}}"
1,884,10.0,False,0.0,0.06999999999999999,6,4,SWITCH,ATTACK,0,26,18,0.6923076923076923,17,13.076335687744937,13.361179398176514,4.515076051584315,4.6901482149457765,4.792314391458913,1.619442662635907,2.7880431680336817,"{'bias_segment_0_end': {'mean': 4.6901482149457765, 'abs_mean': 4.792314391458913, 'std': 1.619442662635907}}"
1,885,24.0,True,0.23722627737226276,0.0,4,6,SWITCH,ATTACK,0,28,26,0.9285714285714286,19,7.058813181965532,7.058813181965532,3.635046224988326,0.7143684493079517,0.7143684493079517,0.3678752033758405,9.881193925632909,"{'bias_segment_0_end': {'mean': 0.7143684493079517, 'abs_mean': 0.7143684493079517, 'std': 0.3678752033758405}}"
1,886,15.0,False,0.0,0.08166666666666667,6,1,SWITCH,ATTACK,0,21,18,0.8571428571428571,15,11.56203438971014,11.56203438971014,2.500013717447802,2.198871892434519,2.198871892434519,0.4754535152472004,5.258166439568716,"{'bias_segment_0_end': {'mean': 2.198871892434519, 'abs_mean': 2.198871892434519, 'std': 0.4754535152472004}}"
1,887,9.0,False,0.0,0.08666666666666667,6,5,SWITCH,ATTACK,0,23,16,0.6956521739130435,15,17.16857979964439,17.16857979964439,2.1717335257038513,189.62064579216826,189.62064579216826,23.985997586183366,0.09054172201513241,"{'bias_segment_0_end': {'mean': 189.62064579216826, 'abs_mean': 189.62064579216826, 'std': 23.985997586183366}}"
1,888,4.0,True,0.1232638888888889,0.0,5,6,SWITCH,ATTACK,0,22,13,0.5909090909090909,13,17.731964115921883,17.731964115921883,1.8888120232286612,10.712197669834548,10.712197669834548,1.1410652323516512,-1.6553059103693477,"{'bias_segment_0_end': {'mean': 10.712197669834548, 'abs_mean': 10.712197669834548, 'std': 1.1410652323516512}}"
1,889,36.0,True,0.1301859799713877,0.0,5,6,SWITCH,ATTACK,0,44,40,0.9090909090909091,34,5.487767482501945,7.8115274852047,6.891748858782382,0.40609216541216403,0.5780492926783342,0.5099861148387779,13.51360097511885,"{'bias_segment_0_end': {'mean': 0.40609216541216403, 'abs_mean': 0.5780492926783342, 'std': 0.5099861148387779}}"
1,890,25.0,True,0.19171220400728597,0.0,4,6,ATTACK,ATTACK,1,29,27,0.9310344827586207,20,5.896448111346284,5.896448111346284,2.650843371598557,0.5083182659974702,0.5083182659974702,0.2285226768109743,11.599913884219198,"{'bias_segment_0_end': {'mean': 0.5083182659974702, 'abs_mean': 0.5083182659974702, 'std': 0.2285226768109743}}"
1,891,17.0,True,0.20088300220750552,0.0,4,6,SWITCH,ATTACK,0,27,22,0.8148148148148148,18,11.142219688019349,11.142219688019349,3.058344122144088,2.232391515036443,2.232391515036443,0.6127523652829441,4.9911584114928225,"{'bias_segment_0_end': {'mean': 2.232391515036443, 'abs_mean': 2.232391515036443, 'std': 0.6127523652829441}}"
1,892,15.0,True,0.2810077519379845,0.0,4,6,SWITCH,ATTACK,0,25,20,0.8,15,11.62447018785218,11.62447018785218,2.5150472000873667,2.6694184017588998,2.6694184017588998,0.5775500447514063,4.354682720473017,"{'bias_segment_0_end': {'mean': 2.6694184017588998, 'abs_mean': 2.6694184017588998, 'std': 0.5775500447514063}}"
1,893,11.0,True,0.0,0.0,6,6,SWITCH,ATTACK,0,23,17,0.7391304347826086,14,13.987632134343466,13.987632134343466,2.050755839581598,5.149956896851795,5.149956896851795,0.7550458918548087,2.7160678068770254,"{'bias_segment_0_end': {'mean': 5.149956896851795, 'abs_mean': 5.149956896851795, 'std': 0.7550458918548087}}"
1,894,26.0,True,0.47553093259464446,0.0,3,6,ATTACK,ATTACK,1,26,26,1.0,18,6.44196127406316,6.44196127406316,3.387665044885138,0.517863130868114,0.517863130868114,0.27233116621487574,12.439505518116826,"{'bias_segment_0_end': {'mean': 0.517863130868114, 'abs_mean': 0.517863130868114, 'std': 0.27233116621487574}}"
1,895,11.0,True,0.5568965517241379,0.0,2,6,ATTACK,ATTACK,1,17,14,0.8235294117647058,11,14.875116537417519,14.875116537417519,1.9627805139587113,3.528452536643351,3.528452536643351,0.4655814202148168,4.215762117511251,"{'bias_segment_0_end': {'mean': 3.528452536643351, 'abs_mean': 3.528452536643351, 'std': 0.4655814202148168}}"
1,896,11.0,True,0.21728395061728398,0.0,4,6,ATTACK,ATTACK,1,23,17,0.7391304347826086,14,12.72462539301237,12.72462539301237,1.6451315078537367,4.1386461685566776,4.1386461685566776,0.5350740789186323,3.07458644077563,"{'bias_segment_0_end': {'mean': 4.1386461685566776, 'abs_mean': 4.1386461685566776, 'std': 0.5350740789186323}}"
1,897,26.0,True,0.16666666666666666,0.0,5,6,SWITCH,ATTACK,0,32,29,0.90625,22,8.263438581761672,8.263438581761672,3.8224909890850385,0.8349486780473889,0.8349486780473889,0.3862295056235777,9.896941930714295,"{'bias_segment_0_end': {'mean': 0.8349486780473889, 'abs_mean': 0.8349486780473889, 'std': 0.3862295056235777}}"
1,898,25.0,True,0.20185185185185184,0.0,4,6,ATTACK,ATTACK,1,27,26,0.9629629629629629,18,6.913154021956202,6.913154021956202,2.945771607651541,0.6133344674308115,0.6133344674308115,0.26134861951773974,11.271425933250775,"{'bias_segment_0_end': {'mean': 0.6133344674308115, 'abs_mean': 0.6133344674308115, 'std': 0.26134861951773974}}"
1,899,14.0,True,0.3176895306859206,0.0,4,6,SWITCH,ATTACK,0,48,31,0.6458333333333334,38,18.63344862972281,18.63344862972281,5.492226354471839,8.01685217997659,8.01685217997659,2.3629746536847827,-2.324284920241254,"{'bias_segment_0_end': {'mean': 8.01685217997659, 'abs_mean': 8.01685217997659, 'std': 2.3629746536847827}}"
1,900,18.0,True,0.5658082975679543,0.0,2,6,ATTACK,ATTACK,1,18,18,1.0,11,10.936499485956722,10.936499485956722,1.8009523139396744,1.217524711744135,1.217524711744135,0.20049412974507336,8.98256879754819,"{'bias_segment_0_end': {'mean': 1.217524711744135, 'abs_mean': 1.217524711744135, 'std': 0.20049412974507336}}"
1,901,17.0,True,0.37244283995186517,0.0,3,6,SWITCH,ATTACK,0,23,20,0.8695652173913043,15,11.715255489395393,11.715255489395393,3.6923962489482323,1.8884507100176307,1.8884507100176307,0.5951989970943934,6.203633183143033,"{'bias_segment_0_end': {'mean': 1.8884507100176307, 'abs_mean': 1.8884507100176307, 'std': 0.5951989970943934}}"
1,902,21.0,True,0.3769230769230769,0.0,3,6,ATTACK,ATTACK,1,29,25,0.8620689655172413,18,9.146041675645076,9.146041675645076,3.9708964732698817,1.1506181222393492,1.1506181222393492,0.4995587824454553,7.948807253135315,"{'bias_segment_0_end': {'mean': 1.1506181222393492, 'abs_mean': 1.1506181222393492, 'std': 0.4995587824454553}}"
1,903,28.0,True,0.43678160919540227,0.0,3,6,ATTACK,ATTACK,1,28,28,1.0,20,8.095039679034091,8.095039679034091,3.7062881660980445,0.6097614758829771,0.6097614758829771,0.2791773520345752,13.27574797557014,"{'bias_segment_0_end': {'mean': 0.6097614758829771, 'abs_mean': 0.6097614758829771, 'std': 0.2791773520345752}}"
1,904,23.0,True,0.4279661016949152,0.0,3,6,ATTACK,ATTACK,1,23,23,1.0,16,6.897096644247954,6.897096644247954,3.4718952094768105,0.617775344440459,0.617775344440459,0.31097886103777894,11.164409046616939,"{'bias_segment_0_end': {'mean': 0.617775344440459, 'abs_mean': 0.617775344440459, 'std': 0.31097886103777894}}"
1,905,22.0,True,0.1533119658119658,0.0,5,6,SWITCH,ATTACK,0,32,27,0.84375,22,9.605041889399358,9.605041889399358,4.551590912625178,1.3773818311435309,1.3773818311435309,0.6527070571932683,6.973405392914943,"{'bias_segment_0_end': {'mean': 1.3773818311435309, 'abs_mean': 1.3773818311435309, 'std': 0.6527070571932683}}"
1,906,29.0,True,0.43905070118662354,0.0,3,6,ATTACK,ATTACK,1,29,29,1.0,21,6.64074393766024,6.69916835465711,3.760129978312573,0.4850875640605365,0.48935530249296494,0.27466686095011494,13.689783926993247,"{'bias_segment_0_end': {'mean': 0.4850875640605365, 'abs_mean': 0.48935530249296494, 'std': 0.27466686095011494}}"
1,907,1.0,False,0.0,0.11833333333333333,6,3,SWITCH,ATTACK,0,21,11,0.5238095238095238,13,18.322235848646482,18.322235848646482,2.6722183917920366,6.836960320606305,6.836960320606305,0.9971409201146267,-2.6798803838928316,"{'bias_segment_0_end': {'mean': 6.836960320606305, 'abs_mean': 6.836960320606305, 'std': 0.9971409201146267}}"
1,908,21.0,True,0.4157232704402516,0.0,3,6,SWITCH,SWITCH,1,27,24,0.8888888888888888,19,9.208586376108066,9.208586376108066,2.3112885240306094,1.0374552905717729,1.0374552905717729,0.26039376831113736,8.87612840745449,"{'bias_segment_0_end': {'mean': 1.0374552905717729, 'abs_mean': 1.0374552905717729, 'std': 0.26039376831113736}}"
1,909,26.0,True,0.7873563218390803,0.0,1,6,ATTACK,ATTACK,1,26,26,1.0,20,10.581468054247393,10.581468054247393,6.937032014611708,0.8506341380560991,0.8506341380560991,0.5576613961470295,12.439505518116826,"{'bias_segment_0_end': {'mean': 0.8506341380560991, 'abs_mean': 0.8506341380560991, 'std': 0.5576613961470295}}"
1,910,2.0,True,0.049019607843137254,0.0,5,6,SWITCH,ATTACK,0,34,18,0.5294117647058824,25,21.248553686213175,21.248553686213175,3.709869212601024,3.504537018539153,3.504537018539153,0.6118710092694333,-6.063155724652757,"{'bias_segment_0_end': {'mean': 3.504537018539153, 'abs_mean': 3.504537018539153, 'std': 0.6118710092694333}}"
1,911,20.0,True,0.4615384615384615,0.0,3,6,ATTACK,ATTACK,1,20,20,1.0,12,8.524023319256582,8.524023319256582,1.7932025388125798,0.864160610123214,0.864160610123214,0.18179384804286575,9.863934110629282,"{'bias_segment_0_end': {'mean': 0.864160610123214, 'abs_mean': 0.864160610123214, 'std': 0.18179384804286575}}"
1,912,12.0,True,0.009865005192107996,0.0,5,6,SWITCH,ATTACK,0,30,21,0.7,20,14.516861542661694,14.516861542661694,2.424248925690666,7.060861869627709,7.060861869627709,1.1791313674509754,2.055961695711109,"{'bias_segment_0_end': {'mean': 7.060861869627709, 'abs_mean': 7.060861869627709, 'std': 1.1791313674509754}}"
1,913,22.0,True,0.2333333333333333,0.0,4,6,SWITCH,ATTACK,0,28,25,0.8928571428571429,19,10.743250190964753,10.743250190964753,2.979217171633853,1.3127712993308591,1.3127712993308591,0.36404539854092016,8.18364188525508,"{'bias_segment_0_end': {'mean': 1.3127712993308591, 'abs_mean': 1.3127712993308591, 'std': 0.36404539854092016}}"
1,914,15.0,True,0.18008474576271186,0.0,4,6,SWITCH,ATTACK,0,25,20,0.8,16,12.936589806212314,12.936589806212314,2.367140133675225,3.267329232961915,3.267329232961915,0.5978566432987126,3.9593774865733304,"{'bias_segment_0_end': {'mean': 3.267329232961915, 'abs_mean': 3.267329232961915, 'std': 0.5978566432987126}}"
1,915,17.0,False,0.0,0.024999999999999998,6,3,SWITCH,ATTACK,0,31,24,0.7741935483870968,24,14.216300583531789,14.216300583531789,3.2387693223509673,3.958263095593521,3.958263095593521,0.9017747626026482,3.591550192648356,"{'bias_segment_0_end': {'mean': 3.958263095593521, 'abs_mean': 3.958263095593521, 'std': 0.9017747626026482}}"
1,916,10.0,False,0.0,0.06833333333333333,6,4,SWITCH,ATTACK,0,24,17,0.7083333333333334,15,11.45255911695559,11.45255911695559,2.451301265568909,2.5365049797139982,2.5365049797139982,0.5429125318977278,4.515094276789834,"{'bias_segment_0_end': {'mean': 2.5365049797139982, 'abs_mean': 2.5365049797139982, 'std': 0.5429125318977278}}"
1,917,21.0,True,0.08078602620087337,0.0,5,6,SWITCH,ATTACK,0,27,24,0.8888888888888888,17,8.730654988155662,8.730654988155662,2.873814702270584,1.0768553046661908,1.0768553046661908,0.35446167681189245,8.107546993848011,"{'bias_segment_0_end': {'mean': 1.0768553046661908, 'abs_mean': 1.0768553046661908, 'std': 0.35446167681189245}}"
1,918,18.0,True,0.425,0.0,3,6,ATTACK,ATTACK,1,22,20,0.9090909090909091,14,10.973983025971632,10.973983025971632,2.130105385370444,1.4635707369070845,1.4635707369070845,0.2840864525831852,7.498088578323578,"{'bias_segment_0_end': {'mean': 1.4635707369070845, 'abs_mean': 1.4635707369070845, 'std': 0.2840864525831852}}"
1,919,10.0,True,0.11556329849012775,0.0,5,6,SWITCH,ATTACK,0,28,19,0.6785714285714286,18,14.754209523728196,14.754209523728196,2.1970178626719274,31.147581278948078,31.147581278948078,4.638119876149273,0.4736871666404551,"{'bias_segment_0_end': {'mean': 31.147581278948078, 'abs_mean': 31.147581278948078, 'std': 4.638119876149273}}"
1,920,14.0,False,0.0,0.16666666666666666,6,5,SWITCH,ATTACK,0,26,20,0.7692307692307693,16,13.337335934665733,13.337335934665733,2.9107632115388893,4.036742288992134,4.036742288992134,0.8809856036332996,3.303984990826776,"{'bias_segment_0_end': {'mean': 4.036742288992134, 'abs_mean': 4.036742288992134, 'std': 0.8809856036332996}}"
1,921,28.0,True,0.11800486618004867,0.0,5,6,SWITCH,ATTACK,0,36,32,0.8888888888888888,26,7.419552853013538,7.419552853013538,4.5729509842294975,0.7177550596781296,0.7177550596781296,0.44237958427072543,10.337165517636011,"{'bias_segment_0_end': {'mean': 0.7177550596781296, 'abs_mean': 0.7177550596781296, 'std': 0.44237958427072543}}"
1,922,12.0,True,0.3169811320754717,0.0,4,6,ATTACK,ATTACK,1,24,18,0.75,15,13.831632119505768,13.831632119505768,2.243510887066098,3.9815993350029366,3.9815993350029366,0.6458212146502207,3.4738884944824733,"{'bias_segment_0_end': {'mean': 3.9815993350029366, 'abs_mean': 3.9815993350029366, 'std': 0.6458212146502207}}"
1,923,21.0,True,0.19767441860465115,0.0,4,6,SWITCH,ATTACK,0,25,23,0.92,16,7.303425221829177,7.303425221829177,3.101823716533962,0.735891343275642,0.735891343275642,0.3125390008159393,9.924597277255295,"{'bias_segment_0_end': {'mean': 0.735891343275642, 'abs_mean': 0.735891343275642, 'std': 0.3125390008159393}}"
1,924,13.0,False,0.0,0.09666666666666666,6,5,SWITCH,ATTACK,0,31,22,0.7096774193548387,21,15.484941248079853,15.484941248079853,3.2112273703756755,18.698121039801787,18.698121039801787,3.877568348220521,0.8281549368044951,"{'bias_segment_0_end': {'mean': 18.698121039801787, 'abs_mean': 18.698121039801787, 'std': 3.877568348220521}}"
1,925,15.0,True,0.5074626865671642,0.0,2,6,SWITCH,ATTACK,0,21,18,0.8571428571428571,14,14.240678280015313,14.240678280015313,2.8202320629086484,2.6292133315123243,2.6292133315123243,0.5206909103594993,5.41632666673878,"{'bias_segment_0_end': {'mean': 2.6292133315123243, 'abs_mean': 2.6292133315123243, 'std': 0.5206909103594993}}"
1,926,5.0,True,0.03171641791044776,0.0,5,6,SWITCH,ATTACK,0,27,16,0.5925925925925926,17,17.499493823502938,17.499493823502938,1.7979812364550531,6.980846435008647,6.980846435008647,0.7172453689981778,-2.5067868182493918,"{'bias_segment_0_end': {'mean': 6.980846435008647, 'abs_mean': 6.980846435008647, 'std': 0.7172453689981778}}"
1,927,13.0,False,0.0,0.03,6,4,SWITCH,ATTACK,0,27,20,0.7407407407407407,18,14.68036408984312,14.68036408984312,2.0649521551760723,6.389019862786717,6.389019862786717,0.8986848183317195,2.297749013952814,"{'bias_segment_0_end': {'mean': 6.389019862786717, 'abs_mean': 6.389019862786717, 'std': 0.8986848183317195}}"
1,928,19.0,True,0.4782886334610472,0.0,3,6,ATTACK,ATTACK,1,23,21,0.9130434782608695,16,12.898708144071303,12.898708144071303,2.521367174367778,1.4875877410115939,1.4875877410115939,0.2907853141015929,8.670888975799091,"{'bias_segment_0_end': {'mean': 1.4875877410115939, 'abs_mean': 1.4875877410115939, 'std': 0.2907853141015929}}"
1,929,10.0,False,0.0,0.09666666666666666,6,5,SWITCH,ATTACK,0,26,18,0.6923076923076923,17,18.44156580880789,18.44156580880789,1.8121579628749456,297.0096411167317,297.0096411167317,29.185612099339824,0.06209079859990109,"{'bias_segment_0_end': {'mean': 297.0096411167317, 'abs_mean': 297.0096411167317, 'std': 29.185612099339824}}"
1,930,12.0,False,0.0,0.15166666666666667,6,4,SWITCH,ATTACK,0,22,17,0.7727272727272727,13,14.660177721962686,14.660177721962686,2.291972628121291,5.77810559441882,5.77810559441882,0.9033492032611901,2.5371944978165892,"{'bias_segment_0_end': {'mean': 5.77810559441882, 'abs_mean': 5.77810559441882, 'std': 0.9033492032611901}}"
1,931,15.0,True,0.042910447761194036,0.0,5,6,SWITCH,ATTACK,0,31,23,0.7419354838709677,21,12.662445907968346,12.662445907968346,2.2351780855875023,3.4398556287771664,3.4398556287771664,0.6072041669444863,3.681098067615622,"{'bias_segment_0_end': {'mean': 3.4398556287771664, 'abs_mean': 3.4398556287771664, 'std': 0.6072041669444863}}"
1,932,25.0,True,0.17929292929292928,0.0,4,6,SWITCH,ATTACK,0,31,28,0.9032258064516129,22,6.298574350925049,6.714303330620789,5.8256550530871,0.6649529502754039,0.7088422808066954,0.6150259247583784,9.472210550109397,"{'bias_segment_0_end': {'mean': 0.6649529502754039, 'abs_mean': 0.7088422808066954, 'std': 0.6150259247583784}}"
1,933,12.0,True,0.02112676056338028,0.0,5,6,SWITCH,ATTACK,0,26,19,0.7307692307692307,17,14.495575728626651,14.495575728626651,3.3745395407345957,9.120878841455921,9.120878841455921,2.123321410129228,1.589274014116034,"{'bias_segment_0_end': {'mean': 9.120878841455921, 'abs_mean': 9.120878841455921, 'std': 2.123321410129228}}"
1,934,12.0,False,0.0,0.16666666666666666,6,5,SWITCH,ATTACK,0,28,20,0.7142857142857143,17,15.721201966729605,15.721201966729605,2.410384327622603,12.819425651000838,12.819425651000838,1.9654822031857344,1.2263577475877179,"{'bias_segment_0_end': {'mean': 12.819425651000838, 'abs_mean': 12.819425651000838, 'std': 1.9654822031857344}}"
1,935,14.0,False,0.0,0.09333333333333334,6,5,SWITCH,ATTACK,0,26,20,0.7692307692307693,16,14.931707911594033,14.931707911594033,2.3872429312914067,5.4579389814039825,5.4579389814039825,0.8726012007413774,2.735777729005144,"{'bias_segment_0_end': {'mean': 5.4579389814039825, 'abs_mean': 5.4579389814039825, 'std': 0.8726012007413774}}"
1,936,-1.0,False,0.0,0.16666666666666666,6,4,SWITCH,ATTACK,0,27,13,0.48148148148148145,18,23.003274851197215,23.003274851197215,4.466395993628015,3.8761490961473952,3.8761490961473952,0.7526066138724828,-5.934569151135276,"{'bias_segment_0_end': {'mean': 3.8761490961473952, 'abs_mean': 3.8761490961473952, 'std': 0.7526066138724828}}"
1,937,8.0,False,0.0,0.085,6,5,SWITCH,ATTACK,0,30,19,0.6333333333333333,19,17.102764025780825,17.102764025780825,2.4932567355295934,11.377248743323095,11.377248743323095,1.6585858296545637,-1.5032425159745084,"{'bias_segment_0_end': {'mean': 11.377248743323095, 'abs_mean': 11.377248743323095, 'std': 1.6585858296545637}}"
1,938,16.0,True,0.16666666666666666,0.0,5,6,SWITCH,ATTACK,0,24,20,0.8333333333333334,14,11.055247219546755,11.055247219546755,2.9209098195345007,2.1882302633803916,2.1882302633803916,0.5781529021268144,5.052140720542153,"{'bias_segment_0_end': {'mean': 2.1882302633803916, 'abs_mean': 2.1882302633803916, 'std': 0.5781529021268144}}"
1,939,37.0,True,0.12154031287605295,0.0,5,6,SWITCH,ATTACK,0,47,42,0.8936170212765957,37,4.676169999640684,6.767523298544214,6.863157203542052,0.3546277230571955,0.5132301388280722,0.5204827481170967,13.186137731500752,"{'bias_segment_0_end': {'mean': 0.3546277230571955, 'abs_mean': 0.5132301388280722, 'std': 0.5204827481170967}}"
1,940,68.0,True,0.3333333333333333,0.0,4,6,SWITCH,ATTACK,0,78,73,0.9358974358974359,68,-1.8661517798367653,13.561685609502906,15.175227598242834,-0.07123738664959882,0.5176958550868591,0.5792902633065824,26.196241434514718,"{'bias_segment_0_end': {'mean': -0.07123738664959882, 'abs_mean': 0.5176958550868591, 'std': 0.5792902633065824}}"
1,941,18.0,True,0.28018575851393185,0.0,4,6,ATTACK,ATTACK,1,24,21,0.875,15,9.22985056640902,9.22985056640902,2.146343222182261,1.273584522417781,1.273584522417781,0.29616400481239374,7.247144107002032,"{'bias_segment_0_end': {'mean': 1.273584522417781, 'abs_mean': 1.273584522417781, 'std': 0.29616400481239374}}"
1,942,18.0,True,0.18188105117565698,0.0,4,6,SWITCH,ATTACK,0,30,24,0.8,21,10.77412567851757,10.77412567851757,3.488350078409103,1.8515548236731054,1.8515548236731054,0.5994798656578803,5.81896119994109,"{'bias_segment_0_end': {'mean': 1.8515548236731054, 'abs_mean': 1.8515548236731054, 'std': 0.5994798656578803}}"
1,943,8.0,True,0.2828638497652582,0.0,4,6,SWITCH,ATTACK,0,24,16,0.6666666666666666,16,15.938262447577257,15.938262447577257,1.5160206987188944,24.00819706686383,24.00819706686383,2.283619297398408,0.6638675283774342,"{'bias_segment_0_end': {'mean': 24.00819706686383, 'abs_mean': 24.00819706686383, 'std': 2.283619297398408}}"
1,944,12.0,False,0.0,0.07833333333333332,6,3,SWITCH,ATTACK,0,26,19,0.7307692307692307,18,13.251922874491832,13.251922874491832,1.8926457821716653,5.071352321807097,5.071352321807097,0.724292894901318,2.6130945029214057,"{'bias_segment_0_end': {'mean': 5.071352321807097, 'abs_mean': 5.071352321807097, 'std': 0.724292894901318}}"
1,945,-2.0,False,0.0,0.08,6,4,SWITCH,ATTACK,0,26,12,0.46153846153846156,17,19.231569867997145,19.231569867997145,1.9591926626463516,4.9242073596896265,4.9242073596896265,0.50164760311675,-3.905515845134782,"{'bias_segment_0_end': {'mean': 4.9242073596896265, 'abs_mean': 4.9242073596896265, 'std': 0.50164760311675}}"
1,946,10.0,False,0.0,0.12166666666666666,6,5,SWITCH,ATTACK,0,40,25,0.625,29,18.096118045831496,18.096118045831496,4.055316738951633,9.941618585664845,9.941618585664845,2.227903916221763,-1.8202386150606198,"{'bias_segment_0_end': {'mean': 9.941618585664845, 'abs_mean': 9.941618585664845, 'std': 2.227903916221763}}"
1,947,22.0,True,0.41264737406216506,0.0,3,6,ATTACK,ATTACK,1,28,25,0.8928571428571429,20,5.794308972635382,5.794308972635382,3.3996621878339286,0.47922319643745837,0.47922319643745837,0.28117192026788707,12.091044456341494,"{'bias_segment_0_end': {'mean': 0.47922319643745837, 'abs_mean': 0.47922319643745837, 'std': 0.28117192026788707}}"
1,948,20.0,True,0.47115143929912384,0.0,2,6,ATTACK,ATTACK,1,20,20,1.0,13,9.558787084591666,9.558787084591666,3.183257476954312,0.9690643689814602,0.9690643689814602,0.32271682284698805,9.863934110629282,"{'bias_segment_0_end': {'mean': 0.9690643689814602, 'abs_mean': 0.9690643689814602, 'std': 0.32271682284698805}}"
1,949,19.0,True,0.7349537037037037,0.0,1,6,ATTACK,ATTACK,1,19,19,1.0,13,13.794458490695975,13.794458490695975,3.3992517613572923,1.4636489902313272,1.4636489902313272,0.3606746441992187,9.424703998542563,"{'bias_segment_0_end': {'mean': 1.4636489902313272, 'abs_mean': 1.4636489902313272, 'std': 0.3606746441992187}}"
1,950,5.0,True,0.017333333333333333,0.0,5,6,SWITCH,ATTACK,0,23,14,0.6086956521739131,14,18.45373886518766,18.45373886518766,2.106862908681416,8.412370654005203,8.412370654005203,0.9604401489845922,-2.193643103017776,"{'bias_segment_0_end': {'mean': 8.412370654005203, 'abs_mean': 8.412370654005203, 'std': 0.9604401489845922}}"
1,951,23.0,True,0.4265944645006017,0.0,3,6,ATTACK,ATTACK,1,25,24,0.96,17,8.39785527963806,8.39785527963806,2.6106701517689985,0.7952127538979616,0.7952127538979616,0.24721052361322782,10.560513822839967,"{'bias_segment_0_end': {'mean': 0.7952127538979616, 'abs_mean': 0.7952127538979616, 'std': 0.24721052361322782}}"
1,952,20.0,True,0.2845968712394705,0.0,4,6,SWITCH,ATTACK,0,24,22,0.9166666666666666,16,9.003380330983907,9.003380330983907,5.1311281835000395,1.1134065713563752,1.1134065713563752,0.6345429858516833,8.086336620068444,"{'bias_segment_0_end': {'mean': 1.1134065713563752, 'abs_mean': 1.1134065713563752, 'std': 0.6345429858516833}}"
1,953,3.0,False,0.0,0.21333333333333335,6,3,SWITCH,ATTACK,0,35,19,0.5428571428571428,25,22.908205013766878,22.908205013766878,3.137498168317003,4.27361802370682,4.27361802370682,0.5853129354049671,-5.36037729312479,"{'bias_segment_0_end': {'mean': 4.27361802370682, 'abs_mean': 4.27361802370682, 'std': 0.5853129354049671}}"
1,954,13.0,True,0.16666666666666666,0.0,5,6,SWITCH,ATTACK,0,29,21,0.7241379310344828,20,13.792644863164496,13.792644863164496,2.4973200260086488,5.470414210796716,5.470414210796716,0.9904826155329979,2.5213163632001683,"{'bias_segment_0_end': {'mean': 5.470414210796716, 'abs_mean': 5.470414210796716, 'std': 0.9904826155329979}}"
1,955,20.0,True,0.3333333333333333,0.0,4,6,ATTACK,ATTACK,1,26,23,0.8846153846153846,16,9.191875534295878,9.191875534295878,2.6384999548491717,1.1229947856062719,1.1229947856062719,0.32235224248442557,8.185145338260368,"{'bias_segment_0_end': {'mean': 1.1229947856062719, 'abs_mean': 1.1229947856062719, 'std': 0.32235224248442557}}"
1,956,14.0,True,0.7113207547169811,0.0,1,6,ATTACK,ATTACK,1,14,14,1.0,8,16.222174456225968,16.222174456225968,2.164211149780419,2.257928363898587,2.257928363898587,0.30123173399108166,7.184539029491804,"{'bias_segment_0_end': {'mean': 2.257928363898587, 'abs_mean': 2.257928363898587, 'std': 0.30123173399108166}}"
1,957,18.0,True,0.4748201438848921,0.0,3,6,ATTACK,ATTACK,1,18,18,1.0,12,8.574773996658218,8.574773996658218,2.838727602089247,0.9546015388157918,0.9546015388157918,0.3160262577520234,8.98256879754819,"{'bias_segment_0_end': {'mean': 0.9546015388157918, 'abs_mean': 0.9546015388157918, 'std': 0.3160262577520234}}"
1,958,-3.0,True,0.10963244613434726,0.0,5,6,SWITCH,ATTACK,0,31,14,0.45161290322580644,21,23.039883053555606,23.039883053555606,2.684043073279061,3.042287610229651,3.042287610229651,0.3544128660800407,-7.57321003316199,"{'bias_segment_0_end': {'mean': 3.042287610229651, 'abs_mean': 3.042287610229651, 'std': 0.3544128660800407}}"
1,959,11.0,True,0.16666666666666666,0.0,5,6,SWITCH,ATTACK,0,27,19,0.7037037037037037,18,14.27909512285062,14.27909512285062,2.274679588349543,6.012752602544089,6.012752602544089,0.9578397998704693,2.3748017034342825,"{'bias_segment_0_end': {'mean': 6.012752602544089, 'abs_mean': 6.012752602544089, 'std': 0.9578397998704693}}"
1,960,12.0,True,0.08491761723700887,0.0,5,6,SWITCH,ATTACK,0,28,20,0.7142857142857143,18,14.759259397768096,14.759259397768096,2.5457929566657858,10.609549011114511,10.609549011114511,1.8300183239533148,1.391129762660634,"{'bias_segment_0_end': {'mean': 10.609549011114511, 'abs_mean': 10.609549011114511, 'std': 1.8300183239533148}}"
1,961,20.0,True,0.3770913770913771,0.0,3,6,SWITCH,ATTACK,0,22,21,0.9545454545454546,14,8.917451803441647,8.917451803441647,3.584010518407493,0.9985493144726135,0.9985493144726135,0.4013266710157283,8.930407015652925,"{'bias_segment_0_end': {'mean': 0.9985493144726135, 'abs_mean': 0.9985493144726135, 'std': 0.4013266710157283}}"
1,962,3.0,True,0.13862433862433862,0.0,5,6,SWITCH,ATTACK,0,25,14,0.56,16,16.581667513794006,16.581667513794006,1.663924523862905,8.454531475886387,8.454531475886387,0.8483888757747388,-1.9612757443848248,"{'bias_segment_0_end': {'mean': 8.454531475886387, 'abs_mean': 8.454531475886387, 'std': 0.8483888757747388}}"
1,963,22.0,True,0.3700248756218905,0.0,3,6,SWITCH,ATTACK,0,32,27,0.84375,24,11.096640485397579,11.096640485397579,3.6768893902640696,1.3062476947589876,1.3062476947589876,0.43282724138324075,8.49505077017188,"{'bias_segment_0_end': {'mean': 1.3062476947589876, 'abs_mean': 1.3062476947589876, 'std': 0.43282724138324075}}"
1,964,22.0,True,0.16666666666666666,0.0,5,6,SWITCH,ATTACK,0,28,25,0.8928571428571429,18,6.527935955137464,6.527935955137464,3.6187276041086536,0.739574727305046,0.739574727305046,0.40997943291610367,8.826607662656029,"{'bias_segment_0_end': {'mean': 0.739574727305046, 'abs_mean': 0.739574727305046, 'std': 0.40997943291610367}}"
1,965,15.0,True,0.39692101740294516,0.0,3,6,ATTACK,ATTACK,1,27,21,0.7777777777777778,19,13.408359199953177,13.408359199953177,1.9272768465356043,2.7325828044443914,2.7325828044443914,0.3927731567830756,4.906844608018919,"{'bias_segment_0_end': {'mean': 2.7325828044443914, 'abs_mean': 2.7325828044443914, 'std': 0.3927731567830756}}"
1,966,9.0,True,0.16666666666666666,0.0,5,6,SWITCH,ATTACK,0,27,18,0.6666666666666666,17,15.257059411743274,15.257059411743274,2.363886404959443,29.7301984100816,29.7301984100816,4.606314358600814,-0.5131839082032349,"{'bias_segment_0_end': {'mean': 29.7301984100816, 'abs_mean': 29.7301984100816, 'std': 4.606314358600814}}"
1,967,23.0,True,0.6443701226309922,0.0,2,6,ATTACK,SWITCH,0,35,29,0.8285714285714286,28,14.264672811402534,14.264672811402534,4.69311967220812,1.7242665969320885,1.7242665969320885,0.5672888255610604,8.272892855886111,"{'bias_segment_0_end': {'mean': 1.7242665969320885, 'abs_mean': 1.7242665969320885, 'std': 0.5672888255610604}}"
1,968,6.0,False,0.0,0.018333333333333333,6,3,SWITCH,ATTACK,0,24,15,0.625,16,19.044814144038792,19.044814144038792,1.904198873686384,9.317011212353203,9.317011212353203,0.9315628980417022,-2.0440905039147883,"{'bias_segment_0_end': {'mean': 9.317011212353203, 'abs_mean': 9.317011212353203, 'std': 0.9315628980417022}}"
1,969,14.0,False,0.0,0.07666666666666667,6,4,SWITCH,ATTACK,0,38,26,0.6842105263157895,25,15.159964681449528,15.159964681449528,3.4781189075464476,13.645354739105214,13.645354739105214,3.1306251244988004,1.1109982093762436,"{'bias_segment_0_end': {'mean': 13.645354739105214, 'abs_mean': 13.645354739105214, 'std': 3.1306251244988004}}"
1,970,9.0,False,0.0,0.06999999999999999,6,5,SWITCH,ATTACK,0,29,19,0.6551724137931034,19,16.459861751932905,16.459861751932905,2.1687141814051754,35.64853557134593,35.64853557134593,4.696970473085899,-0.46172616877881606,"{'bias_segment_0_end': {'mean': 35.64853557134593, 'abs_mean': 35.64853557134593, 'std': 4.696970473085899}}"
1,971,25.0,True,0.27398081534772184,0.0,4,6,ATTACK,ATTACK,1,33,29,0.8787878787878788,24,11.087600198258386,11.087600198258386,2.9401370997362877,1.2304339403132893,1.2304339403132893,0.32627840217922527,9.011130004618773,"{'bias_segment_0_end': {'mean': 1.2304339403132893, 'abs_mean': 1.2304339403132893, 'std': 0.32627840217922527}}"
1,972,15.0,True,0.1358355674709562,0.0,5,6,SWITCH,ATTACK,0,29,22,0.7586206896551724,17,12.068077104551143,12.068077104551143,3.226502397013348,3.6127031953323856,3.6127031953323856,0.9658867289671057,3.340456287730225,"{'bias_segment_0_end': {'mean': 3.6127031953323856, 'abs_mean': 3.6127031953323856, 'std': 0.9658867289671057}}"
1,973,16.0,True,0.07116788321167883,0.0,5,6,SWITCH,ATTACK,0,24,20,0.8333333333333334,14,10.924629753176653,10.924629753176653,3.0608497927845093,2.1335918868660317,2.1335918868660317,0.5977872415219968,5.120299632008589,"{'bias_segment_0_end': {'mean': 2.1335918868660317, 'abs_mean': 2.1335918868660317, 'std': 0.5977872415219968}}"
1,974,25.0,True,0.26153846153846155,0.0,4,6,SWITCH,ATTACK,0,27,26,0.9629629629629629,18,7.191734427126797,7.191734427126797,3.986518951179639,0.6479874280560869,0.6479874280560869,0.35919209590498946,11.098570922435108,"{'bias_segment_0_end': {'mean': 0.6479874280560869, 'abs_mean': 0.6479874280560869, 'std': 0.35919209590498946}}"
1,975,27.0,True,0.5411605937921727,0.0,2,6,ATTACK,ATTACK,1,27,27,1.0,20,6.2820078182798404,6.427326014500333,4.368446618290479,0.4885302226936525,0.49983112088013015,0.3397191249983436,12.858995260604708,"{'bias_segment_0_end': {'mean': 0.4885302226936525, 'abs_mean': 0.49983112088013015, 'std': 0.3397191249983436}}"
1,976,22.0,True,0.25,0.0,4,6,SWITCH,ATTACK,0,24,23,0.9583333333333334,15,7.133473516773727,7.133473516773727,3.618207580289751,0.7274439355968422,0.7274439355968422,0.36897076239552706,9.806217589704646,"{'bias_segment_0_end': {'mean': 0.7274439355968422, 'abs_mean': 0.7274439355968422, 'std': 0.36897076239552706}}"
1,977,20.0,True,0.3333333333333333,0.0,4,6,SWITCH,ATTACK,0,22,21,0.9545454545454546,14,9.379035851279339,9.379035851279339,1.8365250021143844,1.0502361017633428,1.0502361017633428,0.20564852183057097,8.930407015652925,"{'bias_segment_0_end': {'mean': 1.0502361017633428, 'abs_mean': 1.0502361017633428, 'std': 0.20564852183057097}}"
1,978,32.0,True,0.3796296296296296,0.0,3,6,ATTACK,ATTACK,1,32,32,1.0,24,4.789208129117217,5.012697822116902,4.272274635645282,0.32108307154588356,0.33606649994418386,0.28642627873293325,14.91579143696097,"{'bias_segment_0_end': {'mean': 0.32108307154588356, 'abs_mean': 0.33606649994418386, 'std': 0.28642627873293325}}"
1,979,23.0,True,0.2534854245880862,0.0,4,6,ATTACK,ATTACK,1,31,27,0.8709677419354839,22,9.423046415766573,9.423046415766573,2.747702219838022,1.0090968315952085,1.0090968315952085,0.2942464126639991,9.338099299024018,"{'bias_segment_0_end': {'mean': 1.0090968315952085, 'abs_mean': 1.0090968315952085, 'std': 0.2942464126639991}}"
1,980,19.0,True,0.3590225563909774,0.0,3,6,ATTACK,ATTACK,1,27,23,0.8518518518518519,19,8.269363691140802,8.269363691140802,2.5760517443500373,0.809056967815664,0.809056967815664,0.25203542752061137,10.22099063489544,"{'bias_segment_0_end': {'mean': 0.809056967815664, 'abs_mean': 0.809056967815664, 'std': 0.25203542752061137}}"
1,981,19.0,True,0.017743979721166033,0.0,5,6,SWITCH,ATTACK,0,27,23,0.8518518518518519,17,9.56148133735431,9.56148133735431,3.693220926606143,1.3974345758805773,1.3974345758805773,0.5397735389643297,6.8421674276445135,"{'bias_segment_0_end': {'mean': 1.3974345758805773, 'abs_mean': 1.3974345758805773, 'std': 0.5397735389643297}}"
1,982,13.0,False,0.0,0.10666666666666667,6,5,SWITCH,ATTACK,0,27,20,0.7407407407407407,17,13.636819557927288,13.636819557927288,4.343957536038433,7.773631881057775,7.773631881057775,2.476261172824532,1.7542404588460774,"{'bias_segment_0_end': {'mean': 7.773631881057775, 'abs_mean': 7.773631881057775, 'std': 2.476261172824532}}"
1,983,9.0,False,0.0,0.12,6,5,SWITCH,ATTACK,0,39,24,0.6153846153846154,30,15.289472681103984,15.289472681103984,3.209033299647076,11.209946483118395,11.209946483118395,2.352801322968262,1.3639202206834036,"{'bias_segment_0_end': {'mean': 11.209946483118395, 'abs_mean': 11.209946483118395, 'std': 2.352801322968262}}"
1,984,19.0,False,0.0,0.06333333333333334,6,4,SWITCH,ATTACK,0,27,23,0.8518518518518519,18,10.766625412981538,10.766625412981538,2.556156780689374,1.683073979535729,1.683073979535729,0.39958676002648436,6.397000692715528,"{'bias_segment_0_end': {'mean': 1.683073979535729, 'abs_mean': 1.683073979535729, 'std': 0.39958676002648436}}"
1,985,16.0,False,0.0,0.006666666666666667,6,4,SWITCH,ATTACK,0,34,25,0.7352941176470589,25,13.896862379130429,13.896862379130429,2.8140373129725185,4.299640145056526,4.299640145056526,0.8706532072098374,3.232098945561345,"{'bias_segment_0_end': {'mean': 4.299640145056526, 'abs_mean': 4.299640145056526, 'std': 0.8706532072098374}}"
1,986,-2.0,True,0.06734006734006734,0.0,5,6,SWITCH,ATTACK,0,46,22,0.4782608695652174,37,18.317178905032538,18.317178905032538,6.838725817167063,103.44261872966463,103.44261872966463,38.620341645927155,0.17707574624442154,"{'bias_segment_0_end': {'mean': 103.44261872966463, 'abs_mean': 103.44261872966463, 'std': 38.620341645927155}}"
1,987,19.0,True,0.40899122807017546,0.0,3,6,SWITCH,ATTACK,0,21,20,0.9523809523809523,14,10.167594891750626,10.167594891750626,2.3357161706082494,1.1978554447996377,1.1978554447996377,0.2751732698103126,8.488165192129117,"{'bias_segment_0_end': {'mean': 1.1978554447996377, 'abs_mean': 1.1978554447996377, 'std': 0.2751732698103126}}"
1,988,11.0,False,0.0,0.16666666666666666,6,4,SWITCH,ATTACK,0,29,20,0.6896551724137931,18,17.67532494316124,17.67532494316124,2.3617749862670823,209.5286228138384,209.5286228138384,27.997191670310993,-0.08435756750458565,"{'bias_segment_0_end': {'mean': 209.5286228138384, 'abs_mean': 209.5286228138384, 'std': 27.997191670310993}}"
1,989,10.0,True,0.16825396825396824,0.0,4,6,ATTACK,ATTACK,1,26,18,0.6923076923076923,18,11.088370702699738,11.088370702699738,2.5899846455303077,2.4018239471094134,2.4018239471094134,0.5610100267269923,4.616645910306854,"{'bias_segment_0_end': {'mean': 2.4018239471094134, 'abs_mean': 2.4018239471094134, 'std': 0.5610100267269923}}"
1,990,10.0,True,0.17361111111111113,0.0,4,6,SWITCH,ATTACK,0,30,20,0.6666666666666666,21,10.092522354712832,10.092522354712832,4.047689874355809,1.2107963974982598,1.2107963974982598,0.4855999467538109,8.33544134717112,"{'bias_segment_0_end': {'mean': 1.2107963974982598, 'abs_mean': 1.2107963974982598, 'std': 0.4855999467538109}}"
1,991,16.0,True,0.3057553956834533,0.0,4,6,ATTACK,ATTACK,1,22,19,0.8636363636363636,14,10.78006764896515,10.78006764896515,1.6573763205957335,1.535333579584947,1.535333579584947,0.23604912342677653,7.021319531016427,"{'bias_segment_0_end': {'mean': 1.535333579584947, 'abs_mean': 1.535333579584947, 'std': 0.23604912342677653}}"
1,992,-11.0,False,0.0,0.09000000000000001,6,3,SWITCH,ATTACK,0,35,12,0.34285714285714286,27,26.127170704186042,26.127170704186042,5.254147883471789,2.4052897022524165,2.4052897022524165,0.48370135217898774,-10.862379978478033,"{'bias_segment_0_end': {'mean': 2.4052897022524165, 'abs_mean': 2.4052897022524165, 'std': 0.48370135217898774}}"
1,993,14.0,True,0.09027777777777778,0.0,5,6,SWITCH,ATTACK,0,26,20,0.7692307692307693,16,12.268092591225384,12.268092591225384,3.2316742438126607,3.3949057609648046,3.3949057609648046,0.8942897541976681,3.6136769191905023,"{'bias_segment_0_end': {'mean': 3.3949057609648046, 'abs_mean': 3.3949057609648046, 'std': 0.8942897541976681}}"
1,994,14.0,False,0.0,0.023333333333333334,6,3,SWITCH,ATTACK,0,26,20,0.7692307692307693,18,13.917953286065483,13.917953286065483,2.070260139039125,4.456689580140662,4.456689580140662,0.6629212356297899,3.1229353168515286,"{'bias_segment_0_end': {'mean': 4.456689580140662, 'abs_mean': 4.456689580140662, 'std': 0.6629212356297899}}"
1,995,19.0,True,0.21393034825870647,0.0,4,6,ATTACK,SWITCH,0,41,30,0.7317073170731707,32,14.659988688365644,14.659988688365644,3.9107888284336387,5.327347654547767,5.327347654547767,1.4211560551285956,2.7518363056052735,"{'bias_segment_0_end': {'mean': 5.327347654547767, 'abs_mean': 5.327347654547767, 'std': 1.4211560551285956}}"
1,996,24.0,True,0.09117305458768872,0.0,5,6,SWITCH,ATTACK,0,30,27,0.9,20,8.571349661670643,8.571349661670643,2.997539802364619,0.8949902420070056,0.8949902420070056,0.31299258331984126,9.577031412598966,"{'bias_segment_0_end': {'mean': 0.8949902420070056, 'abs_mean': 0.8949902420070056, 'std': 0.31299258331984126}}"
1,997,20.0,True,0.36164529914529914,0.0,3,6,ATTACK,ATTACK,1,20,20,1.0,12,7.828699518215933,7.828699518215933,2.447501428038982,0.793669080755497,0.793669080755497,0.24812629530864136,9.863934110629282,"{'bias_segment_0_end': {'mean': 0.793669080755497, 'abs_mean': 0.793669080755497, 'std': 0.24812629530864136}}"
1,998,19.0,False,0.0,0.09833333333333333,6,5,SWITCH,ATTACK,0,33,26,0.7878787878787878,22,12.550498358259127,12.550498358259127,4.698896308758622,2.8990645128541424,2.8990645128541424,1.0854073798064698,4.329154560932176,"{'bias_segment_0_end': {'mean': 2.8990645128541424, 'abs_mean': 2.8990645128541424, 'std': 1.0854073798064698}}"
1,999,18.0,True,0.08699902248289344,0.0,5,6,SWITCH,ATTACK,0,28,23,0.8214285714285714,18,9.094480856329017,9.094480856329017,4.216933934052881,1.6428972914937354,1.6428972914937354,0.7617795284974606,5.535635674498096,"{'bias_segment_0_end': {'mean': 1.6428972914937354, 'abs_mean': 1.6428972914937354, 'std': 0.7617795284974606}}"
1,1000,-1.0,False,0.0,0.16666666666666666,6,4,SWITCH,ATTACK,0,27,13,0.48148148148148145,18,21.16762019751331,21.16762019751331,3.2736162871932355,3.6039981953377045,3.6039981953377045,0.5573657823215543,-5.873371475295603,"{'bias_segment_0_end': {'mean': 3.6039981953377045, 'abs_mean': 3.6039981953377045, 'std': 0.5573657823215543}}"
