total_steps,episode,episode_reward,win,team_hp,opp_hp,fainted_self,fainted_opp,intent_agent,intent_expert,intent_match,ep_intent_total,ep_intent_matches,ep_imitation_accuracy,ep_turns,bias_mean,bias_abs_mean,bias_std,bias_mean_normalised,bias_abs_mean_normalised,bias_std_normalised,average_discounted_return,bias_segments
1,1,20.0,False,0.0,0.17833333333333332,6,2,ATTACK,ATTACK,1,20,20,1.0,11,6.417654086125173,6.417654086125173,3.5296950654720702,0.6506181016770551,0.6506181016770551,0.3578384674800802,9.863934110629282,"{'bias_segment_0_end': {'mean': 0.6506181016770551, 'abs_mean': 0.6506181016770551, 'std': 0.3578384674800802}}"
1,2,24.0,True,0.3056558363417569,0.0,4,6,ATTACK,ATTACK,1,24,24,1.0,15,3.848927317730695,4.1752301839600205,4.161931353417218,0.3320263913069957,0.36017479583730777,0.359027576794384,11.59223308297782,"{'bias_segment_0_end': {'mean': 0.3320263913069957, 'abs_mean': 0.36017479583730777, 'std': 0.359027576794384}}"
1,3,31.0,False,0.0,0.06166666666666667,6,5,ATTACK,ATTACK,1,31,31,1.0,20,1.7200431647324295,4.14457992870914,5.493355191314477,0.11854366351702476,0.2856403249419265,0.378596574045853,14.509785792856013,"{'bias_segment_0_end': {'mean': 0.11854366351702476, 'abs_mean': 0.2856403249419265, 'std': 0.378596574045853}}"
1,4,26.0,True,0.47515151515151516,0.0,3,6,ATTACK,ATTACK,1,26,26,1.0,18,5.556017164366552,5.632483666807487,3.6731103493789927,0.4466429277494029,0.4527899970464558,0.29527784235711746,12.439505518116826,"{'bias_segment_0_end': {'mean': 0.4466429277494029, 'abs_mean': 0.4527899970464558, 'std': 0.29527784235711746}}"
1,5,29.0,True,0.5615819209039548,0.0,2,6,ATTACK,ATTACK,1,29,29,1.0,22,9.456297273968161,9.60746264202814,4.760794129422269,0.6907557726548497,0.7017979752831844,0.3477625472258206,13.689783926993247,"{'bias_segment_0_end': {'mean': 0.6907557726548497, 'abs_mean': 0.7017979752831844, 'std': 0.3477625472258206}}"
1,6,33.0,True,0.1804232804232804,0.0,4,6,ATTACK,ATTACK,1,33,33,1.0,24,1.2288198932673071,3.5555522654054377,4.313674940667167,0.08021457514354717,0.23209838637282895,0.2815869148675254,15.319159779482533,"{'bias_segment_0_end': {'mean': 0.08021457514354717, 'abs_mean': 0.23209838637282895, 'std': 0.2815869148675254}}"
1,7,26.0,True,0.4204647006255586,0.0,3,6,ATTACK,ATTACK,1,26,26,1.0,16,4.62465886364399,4.7326709835295855,4.308807497797536,0.3717719210710315,0.3804549125073299,0.3463809306183605,12.439505518116826,"{'bias_segment_0_end': {'mean': 0.3717719210710315, 'abs_mean': 0.3804549125073299, 'std': 0.3463809306183605}}"
1,8,29.0,True,0.05123216601815824,0.0,5,6,ATTACK,ATTACK,1,29,29,1.0,19,1.8772162812366058,3.8611667027641605,5.22236810237343,0.13712534041791177,0.2820473079309008,0.3814792205796665,13.689783926993247,"{'bias_segment_0_end': {'mean': 0.13712534041791177, 'abs_mean': 0.2820473079309008, 'std': 0.3814792205796665}}"
1,9,30.0,True,0.0628245067497404,0.0,5,6,ATTACK,ATTACK,1,30,30,1.0,20,3.4262108679677223,4.026548204529818,4.354432047742921,0.24297432303562744,0.2855480476443258,0.3088003686219539,14.101123218132539,"{'bias_segment_0_end': {'mean': 0.24297432303562744, 'abs_mean': 0.2855480476443258, 'std': 0.3088003686219539}}"
1,10,23.0,True,0.16418835192069392,0.0,5,6,ATTACK,ATTACK,1,23,23,1.0,14,4.642886420925626,4.642886420925626,3.018777712436653,0.4158649509830098,0.4158649509830098,0.2703929692858583,11.164409046616939,"{'bias_segment_0_end': {'mean': 0.4158649509830098, 'abs_mean': 0.4158649509830098, 'std': 0.2703929692858583}}"
1,11,29.0,False,0.0,0.09166666666666667,6,5,ATTACK,ATTACK,1,29,29,1.0,19,2.6714053561804114,3.7526114117936404,4.288060721352274,0.1951386063086786,0.274117650929049,0.31323070869637026,13.689783926993247,"{'bias_segment_0_end': {'mean': 0.1951386063086786, 'abs_mean': 0.274117650929049, 'std': 0.31323070869637026}}"
1,12,24.0,True,0.3333333333333333,0.0,4,6,ATTACK,ATTACK,1,24,24,1.0,16,8.165866790882855,8.165866790882855,2.9027190198795467,0.7044256902385544,0.7044256902385544,0.25040205792117276,11.59223308297782,"{'bias_segment_0_end': {'mean': 0.7044256902385544, 'abs_mean': 0.7044256902385544, 'std': 0.25040205792117276}}"
1,13,23.0,True,0.43275862068965515,0.0,3,6,ATTACK,ATTACK,1,23,23,1.0,15,8.118668110445094,8.118668110445094,2.9030745208329134,0.7271919253894794,0.7271919253894794,0.26002939418567866,11.164409046616939,"{'bias_segment_0_end': {'mean': 0.7271919253894794, 'abs_mean': 0.7271919253894794, 'std': 0.26002939418567866}}"
1,14,18.0,True,0.4027237354085604,0.0,3,6,ATTACK,ATTACK,1,18,18,1.0,11,9.05091926414479,9.05091926414479,2.7347747353233647,1.007609233854714,1.007609233854714,0.30445352515082624,8.98256879754819,"{'bias_segment_0_end': {'mean': 1.007609233854714, 'abs_mean': 1.007609233854714, 'std': 0.30445352515082624}}"
1,15,14.0,True,0.9242424242424242,0.0,0,6,ATTACK,ATTACK,1,14,14,1.0,9,16.659163423031565,16.659163423031565,3.6238453853395955,2.318751885771291,2.318751885771291,0.504394975163205,7.184539029491804,"{'bias_segment_0_end': {'mean': 2.318751885771291, 'abs_mean': 2.318751885771291, 'std': 0.504394975163205}}"
1,16,28.0,False,0.0,0.135,6,4,ATTACK,ATTACK,1,28,28,1.0,19,5.31236788686752,5.31236788686752,3.1629604673150284,0.4001558252418825,0.4001558252418825,0.23825101780596225,13.27574797557014,"{'bias_segment_0_end': {'mean': 0.4001558252418825, 'abs_mean': 0.4001558252418825, 'std': 0.23825101780596225}}"
1,17,32.0,True,0.2300995024875622,0.0,4,6,ATTACK,ATTACK,1,32,32,1.0,23,4.21807937330934,6.037630062757688,5.056004641357721,0.2827928635993825,0.40478107301745897,0.3389699207531867,14.91579143696097,"{'bias_segment_0_end': {'mean': 0.2827928635993825, 'abs_mean': 0.40478107301745897, 'std': 0.3389699207531867}}"
1,18,26.0,False,0.0,0.015,6,5,ATTACK,ATTACK,1,26,26,1.0,16,4.356775856300992,4.356775856300992,2.9876759449826054,0.3502370612686982,0.3502370612686982,0.24017642346244153,12.439505518116826,"{'bias_segment_0_end': {'mean': 0.3502370612686982, 'abs_mean': 0.3502370612686982, 'std': 0.24017642346244153}}"
1,19,24.0,True,0.31167268351383876,0.0,4,6,ATTACK,ATTACK,1,24,24,1.0,15,7.22609641022693,7.22609641022693,2.4542888918854024,0.623356721565392,0.623356721565392,0.211718387157804,11.59223308297782,"{'bias_segment_0_end': {'mean': 0.623356721565392, 'abs_mean': 0.623356721565392, 'std': 0.211718387157804}}"
1,20,39.0,True,0.3333333333333333,0.0,4,6,ATTACK,ATTACK,1,39,39,1.0,30,4.71946689068689,6.06390876541242,5.034713873109947,0.26686170188170305,0.3428830100252725,0.28468730553378074,17.685066299918077,"{'bias_segment_0_end': {'mean': 0.26686170188170305, 'abs_mean': 0.3428830100252725, 'std': 0.28468730553378074}}"
1,21,24.0,True,0.46875,0.0,3,6,ATTACK,ATTACK,1,24,24,1.0,16,8.749935446850568,8.749935446850568,3.0373239993140864,0.7548101719675636,0.7548101719675636,0.2620137101775611,11.59223308297782,"{'bias_segment_0_end': {'mean': 0.7548101719675636, 'abs_mean': 0.7548101719675636, 'std': 0.2620137101775611}}"
1,22,21.0,True,0.5,0.0,3,6,ATTACK,ATTACK,1,21,21,1.0,14,8.655414101512239,8.655414101512239,2.993894649247131,0.8403085630359279,0.8403085630359279,0.2906614612639111,10.300280732879038,"{'bias_segment_0_end': {'mean': 0.8403085630359279, 'abs_mean': 0.8403085630359279, 'std': 0.2906614612639111}}"
1,23,24.0,True,0.25356125356125353,0.0,4,6,ATTACK,ATTACK,1,24,24,1.0,16,5.5754005697092515,5.5754005697092515,3.409218851286008,0.48096001260501214,0.48096001260501214,0.29409509167756015,11.59223308297782,"{'bias_segment_0_end': {'mean': 0.48096001260501214, 'abs_mean': 0.48096001260501214, 'std': 0.29409509167756015}}"
1,24,22.0,True,0.47222222222222227,0.0,3,6,ATTACK,ATTACK,1,22,22,1.0,14,6.818667071112836,6.818667071112836,3.2587774635056137,0.6352539752133705,0.6352539752133705,0.3036005888596387,10.733765292570691,"{'bias_segment_0_end': {'mean': 0.6352539752133705, 'abs_mean': 0.6352539752133705, 'std': 0.3036005888596387}}"
1,25,19.0,True,0.4830638111888112,0.0,2,6,ATTACK,ATTACK,1,19,19,1.0,12,9.793950734412567,9.793950734412567,2.713885762084553,1.0391786029489205,1.0391786029489205,0.2879544824436108,9.424703998542563,"{'bias_segment_0_end': {'mean': 1.0391786029489205, 'abs_mean': 1.0391786029489205, 'std': 0.2879544824436108}}"
1,26,27.0,False,0.0,0.09166666666666667,6,4,ATTACK,ATTACK,1,27,27,1.0,18,3.511329439362288,3.7322021072265636,3.333166195867492,0.2730640589097755,0.290240569468182,0.25920891394050843,12.858995260604708,"{'bias_segment_0_end': {'mean': 0.2730640589097755, 'abs_mean': 0.290240569468182, 'std': 0.25920891394050843}}"
1,27,29.0,True,0.16666666666666666,0.0,5,6,ATTACK,ATTACK,1,29,29,1.0,19,2.9476673106523945,4.373634184349708,5.18772731382533,0.21531876079068285,0.31948160815934157,0.3789488089433078,13.689783926993247,"{'bias_segment_0_end': {'mean': 0.21531876079068285, 'abs_mean': 0.31948160815934157, 'std': 0.3789488089433078}}"
1,28,28.0,True,0.23790322580645162,0.0,4,6,ATTACK,ATTACK,1,28,28,1.0,19,6.425600567596975,6.425600567596975,2.7276031182280533,0.4840104361291947,0.4840104361291947,0.2054575850074401,13.27574797557014,"{'bias_segment_0_end': {'mean': 0.4840104361291947, 'abs_mean': 0.4840104361291947, 'std': 0.2054575850074401}}"
1,29,26.0,True,0.24152542372881358,0.0,4,6,ATTACK,ATTACK,1,26,26,1.0,17,6.2543159854490336,6.2543159854490336,2.864431319917156,0.5027785048481456,0.5027785048481456,0.23026890544366208,12.439505518116826,"{'bias_segment_0_end': {'mean': 0.5027785048481456, 'abs_mean': 0.5027785048481456, 'std': 0.23026890544366208}}"
1,30,29.0,False,0.0,0.10666666666666667,6,5,ATTACK,ATTACK,1,29,29,1.0,19,3.817231794558055,4.5343885736023575,3.8754730394345684,0.27883798713808133,0.33122426166723784,0.2830923453651439,13.689783926993247,"{'bias_segment_0_end': {'mean': 0.27883798713808133, 'abs_mean': 0.33122426166723784, 'std': 0.2830923453651439}}"
1,31,23.0,True,0.16666666666666666,0.0,5,6,ATTACK,ATTACK,1,23,23,1.0,14,6.5281293391889355,6.5281293391889355,2.208526840468592,0.5847268146420257,0.5847268146420257,0.19781851697182523,11.164409046616939,"{'bias_segment_0_end': {'mean': 0.5847268146420257, 'abs_mean': 0.5847268146420257, 'std': 0.19781851697182523}}"
1,32,30.0,True,0.3333333333333333,0.0,4,6,ATTACK,ATTACK,1,30,30,1.0,21,3.35353821476948,3.5888155067647856,3.460785118032152,0.23782064470277,0.254505648326649,0.24542620218947891,14.101123218132539,"{'bias_segment_0_end': {'mean': 0.23782064470277, 'abs_mean': 0.254505648326649, 'std': 0.24542620218947891}}"
1,33,28.0,True,0.06502525252525253,0.0,5,6,ATTACK,ATTACK,1,28,28,1.0,18,2.4576054348782095,3.3688290699286974,4.36130180112863,0.18511992238785063,0.2537581367263052,0.32851646544919666,13.27574797557014,"{'bias_segment_0_end': {'mean': 0.18511992238785063, 'abs_mean': 0.2537581367263052, 'std': 0.32851646544919666}}"
1,34,23.0,True,0.5,0.0,3,6,ATTACK,ATTACK,1,23,23,1.0,15,8.436530994303153,8.436530994303153,2.464350043209168,0.755663014412716,0.755663014412716,0.22073269018711925,11.164409046616939,"{'bias_segment_0_end': {'mean': 0.755663014412716, 'abs_mean': 0.755663014412716, 'std': 0.22073269018711925}}"
1,35,18.0,True,0.6666666666666666,0.0,2,6,ATTACK,ATTACK,1,18,18,1.0,12,10.591116583599408,10.591116583599408,3.126025950279357,1.1790743630586247,1.1790743630586247,0.3480102430312153,8.98256879754819,"{'bias_segment_0_end': {'mean': 1.1790743630586247, 'abs_mean': 1.1790743630586247, 'std': 0.3480102430312153}}"
1,36,25.0,True,0.5758101851851852,0.0,2,6,ATTACK,ATTACK,1,25,25,1.0,18,7.648817498860731,7.786087447736156,4.68700530976132,0.6364860681091041,0.6479088024131022,0.3900228474873165,12.017258322062121,"{'bias_segment_0_end': {'mean': 0.6364860681091041, 'abs_mean': 0.6479088024131022, 'std': 0.3900228474873165}}"
1,37,50.0,True,0.013941698352344739,0.0,5,6,ATTACK,ATTACK,1,50,50,1.0,40,-5.1102574608347915,8.854820785262223,8.62875410592826,-0.23451013058292922,0.4063484461507079,0.3959742278461772,21.791201293232252,"{'bias_segment_0_end': {'mean': -0.23451013058292922, 'abs_mean': 0.4063484461507079, 'std': 0.3959742278461772}}"
1,38,29.0,True,0.05031446540880503,0.0,5,6,ATTACK,ATTACK,1,29,29,1.0,19,1.6858101792205513,4.652161222927781,5.98611068163606,0.12314366597828504,0.33982722062944626,0.4372684560661884,13.689783926993247,"{'bias_segment_0_end': {'mean': 0.12314366597828504, 'abs_mean': 0.33982722062944626, 'std': 0.4372684560661884}}"
1,39,28.0,True,0.16666666666666666,0.0,5,6,ATTACK,ATTACK,1,28,28,1.0,18,3.639338361928119,4.498237425085464,3.7109768672715484,0.274134336432507,0.33883118550932595,0.2795305299633919,13.27574797557014,"{'bias_segment_0_end': {'mean': 0.274134336432507, 'abs_mean': 0.33883118550932595, 'std': 0.2795305299633919}}"
1,40,24.0,False,0.0,0.04,6,4,ATTACK,ATTACK,1,24,24,1.0,15,4.602642475239545,4.643910377136639,3.9892681386616182,0.39704537014512953,0.40060533150906147,0.3441328439573484,11.59223308297782,"{'bias_segment_0_end': {'mean': 0.39704537014512953, 'abs_mean': 0.40060533150906147, 'std': 0.3441328439573484}}"
1,41,25.0,True,0.0030303030303030303,0.0,5,6,ATTACK,ATTACK,1,25,25,1.0,16,3.559863755879773,5.048365642322682,6.446525942456625,0.29622927796636667,0.4200929618908616,0.5364389921303132,12.017258322062121,"{'bias_segment_0_end': {'mean': 0.29622927796636667, 'abs_mean': 0.4200929618908616, 'std': 0.5364389921303132}}"
1,42,23.0,True,0.5,0.0,3,6,ATTACK,ATTACK,1,23,23,1.0,15,8.261989106273472,8.261989106273472,2.8169362074089546,0.7400292368163486,0.7400292368163486,0.2523139555033187,11.164409046616939,"{'bias_segment_0_end': {'mean': 0.7400292368163486, 'abs_mean': 0.7400292368163486, 'std': 0.2523139555033187}}"
1,43,24.0,True,0.16983523447401774,0.0,4,6,ATTACK,ATTACK,1,24,24,1.0,15,6.67826622592619,6.67826622592619,2.406683489297379,0.5760983391312792,0.5760983391312792,0.2076117234764183,11.59223308297782,"{'bias_segment_0_end': {'mean': 0.5760983391312792, 'abs_mean': 0.5760983391312792, 'std': 0.2076117234764183}}"
1,44,27.0,True,0.27816901408450706,0.0,4,6,ATTACK,ATTACK,1,27,27,1.0,18,3.4132377487336707,4.371634316284324,4.464527972561023,0.26543580424129964,0.3399670213486604,0.3471910426966806,12.858995260604708,"{'bias_segment_0_end': {'mean': 0.26543580424129964, 'abs_mean': 0.3399670213486604, 'std': 0.3471910426966806}}"
1,45,27.0,True,0.13427800269905535,0.0,5,6,ATTACK,ATTACK,1,27,27,1.0,17,4.462865423684165,4.462865423684165,3.5276834707992637,0.34706175196726013,0.34706175196726013,0.2743358558974514,12.858995260604708,"{'bias_segment_0_end': {'mean': 0.34706175196726013, 'abs_mean': 0.34706175196726013, 'std': 0.2743358558974514}}"
1,46,34.0,False,0.0,0.085,6,5,ATTACK,ATTACK,1,34,34,1.0,25,2.714609796336536,3.948913522326575,5.904128885167433,0.17268608697940252,0.25120458377145194,0.3755828611454803,15.71991029399101,"{'bias_segment_0_end': {'mean': 0.17268608697940252, 'abs_mean': 0.25120458377145194, 'std': 0.3755828611454803}}"
1,47,21.0,True,0.41191381495564006,0.0,3,6,SWITCH,SWITCH,1,21,21,1.0,14,6.433735640164932,6.433735640164932,3.1846448250905524,0.6246175038344449,0.6246175038344449,0.30918039106691514,10.300280732879038,"{'bias_segment_0_end': {'mean': 0.6246175038344449, 'abs_mean': 0.6246175038344449, 'std': 0.30918039106691514}}"
1,48,28.0,True,0.20477815699658705,0.0,4,6,ATTACK,ATTACK,1,28,28,1.0,20,3.3927624614415817,3.744390220748972,3.766722795239141,0.2555609271646991,0.28204740159570296,0.2837296099753186,13.27574797557014,"{'bias_segment_0_end': {'mean': 0.2555609271646991, 'abs_mean': 0.28204740159570296, 'std': 0.2837296099753186}}"
1,49,27.0,False,0.0,0.0,6,5,ATTACK,ATTACK,1,27,27,1.0,18,3.341321115551569,4.26404359097564,4.672949065986151,0.25984309410146245,0.3316000593016098,0.3633992369763422,12.858995260604708,"{'bias_segment_0_end': {'mean': 0.25984309410146245, 'abs_mean': 0.3316000593016098, 'std': 0.3633992369763422}}"
1,50,27.0,True,0.05024509803921568,0.0,5,6,ATTACK,ATTACK,1,27,27,1.0,17,3.514823913985226,3.9707306818929005,4.638759687162494,0.2733358122273651,0.30879011940052403,0.3607404461353189,12.858995260604708,"{'bias_segment_0_end': {'mean': 0.2733358122273651, 'abs_mean': 0.30879011940052403, 'std': 0.3607404461353189}}"
1,51,23.0,True,0.20238095238095236,0.0,4,6,ATTACK,ATTACK,1,23,23,1.0,14,5.719719938580707,5.719719938580707,2.394741473718569,0.5123173035579441,0.5123173035579441,0.21449782641600976,11.164409046616939,"{'bias_segment_0_end': {'mean': 0.5123173035579441, 'abs_mean': 0.5123173035579441, 'std': 0.21449782641600976}}"
1,52,21.0,True,0.4837962962962963,0.0,3,6,ATTACK,ATTACK,1,21,21,1.0,13,8.804717719443786,8.804717719443786,2.0970868476900413,0.8548036648495089,0.8548036648495089,0.2035951157133057,10.300280732879038,"{'bias_segment_0_end': {'mean': 0.8548036648495089, 'abs_mean': 0.8548036648495089, 'std': 0.2035951157133057}}"
1,53,25.0,True,0.3333333333333333,0.0,4,6,ATTACK,ATTACK,1,25,25,1.0,16,5.354553735432996,5.554323341001277,3.716030692561832,0.4455719925403228,0.4621955517760872,0.3092244997130239,12.017258322062121,"{'bias_segment_0_end': {'mean': 0.4455719925403228, 'abs_mean': 0.4621955517760872, 'std': 0.3092244997130239}}"
1,54,29.0,True,0.15,0.0,5,6,ATTACK,ATTACK,1,29,29,1.0,19,4.391311702731715,4.482283549253657,3.7447347468685446,0.3207729008836299,0.32741813699598116,0.2735422828321454,13.689783926993247,"{'bias_segment_0_end': {'mean': 0.3207729008836299, 'abs_mean': 0.32741813699598116, 'std': 0.2735422828321454}}"
1,55,21.0,True,0.4276960784313726,0.0,3,6,ATTACK,ATTACK,1,21,21,1.0,14,5.906481671789862,5.906481671789862,2.4617051502094354,0.5734291933360672,0.5734291933360672,0.23899398609122788,10.300280732879038,"{'bias_segment_0_end': {'mean': 0.5734291933360672, 'abs_mean': 0.5734291933360672, 'std': 0.23899398609122788}}"
1,56,25.0,True,0.5,0.0,3,6,ATTACK,ATTACK,1,25,25,1.0,17,6.249149491963758,6.297550964627099,3.807602916368518,0.5200145760777342,0.5240422395735319,0.3168445592434553,12.017258322062121,"{'bias_segment_0_end': {'mean': 0.5200145760777342, 'abs_mean': 0.5240422395735319, 'std': 0.3168445592434553}}"
1,57,29.0,True,0.378498727735369,0.0,3,6,ATTACK,ATTACK,1,29,29,1.0,21,2.7522078132663825,4.342496002960681,5.223688894501136,0.20104099728262573,0.31720705207028377,0.38157570070928365,13.689783926993247,"{'bias_segment_0_end': {'mean': 0.20104099728262573, 'abs_mean': 0.31720705207028377, 'std': 0.38157570070928365}}"
1,58,31.0,True,0.2653846153846154,0.0,4,6,ATTACK,ATTACK,1,31,31,1.0,22,2.3162515833016863,4.824838055262471,5.19903687422349,0.1596337545135993,0.33252303818558177,0.3583124484706913,14.509785792856013,"{'bias_segment_0_end': {'mean': 0.1596337545135993, 'abs_mean': 0.33252303818558177, 'std': 0.3583124484706913}}"
1,59,22.0,True,0.6666666666666666,0.0,2,6,ATTACK,ATTACK,1,22,22,1.0,15,11.370944766161777,11.370944766161777,3.7949095373222868,1.0593621582197352,1.0593621582197352,0.35354877192525447,10.733765292570691,"{'bias_segment_0_end': {'mean': 1.0593621582197352, 'abs_mean': 1.0593621582197352, 'std': 0.35354877192525447}}"
1,60,31.0,True,0.25393939393939396,0.0,4,6,ATTACK,ATTACK,1,31,31,1.0,22,0.8419387394867138,3.7948905255973298,4.734056955502546,0.05802558021919577,0.2615400792109398,0.3262664951148618,14.509785792856013,"{'bias_segment_0_end': {'mean': 0.05802558021919577, 'abs_mean': 0.2615400792109398, 'std': 0.3262664951148618}}"
1,61,23.0,True,0.31601731601731603,0.0,4,6,ATTACK,ATTACK,1,23,23,1.0,14,5.278233911650935,5.278233911650935,3.274517317433406,0.4727732466278953,0.4727732466278953,0.2932996546221725,11.164409046616939,"{'bias_segment_0_end': {'mean': 0.4727732466278953, 'abs_mean': 0.4727732466278953, 'std': 0.2932996546221725}}"
1,62,23.0,True,0.5985815602836879,0.0,2,6,ATTACK,ATTACK,1,23,23,1.0,16,9.176970160496575,9.176970160496575,2.9963483916102467,0.8219844079680507,0.8219844079680507,0.26838396722110486,11.164409046616939,"{'bias_segment_0_end': {'mean': 0.8219844079680507, 'abs_mean': 0.8219844079680507, 'std': 0.26838396722110486}}"
1,63,21.0,True,0.4647798742138365,0.0,3,6,ATTACK,ATTACK,1,21,21,1.0,13,7.711717625347921,7.711717625347921,2.9287603973744276,0.7486900430520999,0.7486900430520999,0.2843379198419001,10.300280732879038,"{'bias_segment_0_end': {'mean': 0.7486900430520999, 'abs_mean': 0.7486900430520999, 'std': 0.2843379198419001}}"
1,64,24.0,True,0.5369127516778524,0.0,2,6,ATTACK,ATTACK,1,24,24,1.0,17,8.7051508612157,8.7051508612157,3.4554758713560134,0.7509468450904815,0.7509468450904815,0.29808543760477674,11.59223308297782,"{'bias_segment_0_end': {'mean': 0.7509468450904815, 'abs_mean': 0.7509468450904815, 'std': 0.29808543760477674}}"
1,65,28.0,False,0.0,0.075,6,5,ATTACK,ATTACK,1,28,28,1.0,18,2.310503913386205,3.7340172228192494,4.280022570593176,0.17403945281561267,0.28126605217954875,0.32239408118241003,13.27574797557014,"{'bias_segment_0_end': {'mean': 0.17403945281561267, 'abs_mean': 0.28126605217954875, 'std': 0.32239408118241003}}"
1,66,20.0,False,0.0,0.16666666666666666,6,3,ATTACK,ATTACK,1,20,20,1.0,12,5.277540040982047,5.277540040982047,4.582761844101211,0.535033991690498,0.535033991690498,0.46459777536052976,9.863934110629282,"{'bias_segment_0_end': {'mean': 0.535033991690498, 'abs_mean': 0.535033991690498, 'std': 0.46459777536052976}}"
1,67,28.0,True,0.16666666666666666,0.0,5,6,ATTACK,ATTACK,1,28,28,1.0,18,3.801319842390329,4.157297109299227,4.448197726042205,0.28633564371555326,0.31314974621011427,0.3350619290323771,13.27574797557014,"{'bias_segment_0_end': {'mean': 0.28633564371555326, 'abs_mean': 0.31314974621011427, 'std': 0.3350619290323771}}"
1,68,28.0,False,0.0,0.016666666666666666,6,4,ATTACK,ATTACK,1,28,28,1.0,20,1.8104898977797335,4.6167636541604455,5.150099937078454,0.13637573574847714,0.3477592119597445,0.3879329395643546,13.27574797557014,"{'bias_segment_0_end': {'mean': 0.13637573574847714, 'abs_mean': 0.3477592119597445, 'std': 0.3879329395643546}}"
1,69,24.0,False,0.0,0.16666666666666666,6,5,ATTACK,ATTACK,1,24,24,1.0,14,3.4141176727137066,3.6981757839126104,3.8921563665532024,0.2945176868231747,0.31902186208997624,0.3357555303359534,11.59223308297782,"{'bias_segment_0_end': {'mean': 0.2945176868231747, 'abs_mean': 0.31902186208997624, 'std': 0.3357555303359534}}"
1,70,30.0,False,0.0,0.043333333333333335,6,5,ATTACK,ATTACK,1,30,30,1.0,20,2.794176947679636,4.7242054485622536,5.900079358811657,0.19815279282763962,0.33502334356510205,0.4184120135355447,14.101123218132539,"{'bias_segment_0_end': {'mean': 0.19815279282763962, 'abs_mean': 0.33502334356510205, 'std': 0.4184120135355447}}"
1,71,36.0,True,0.3333333333333333,0.0,4,6,ATTACK,ATTACK,1,36,36,1.0,25,-0.6712100411135152,5.199658616363369,5.860103581587245,-0.04064580830275652,0.3148706282907634,0.3548645464485975,16.513634963632775,"{'bias_segment_0_end': {'mean': -0.04064580830275652, 'abs_mean': 0.3148706282907634, 'std': 0.3548645464485975}}"
1,72,27.0,True,0.18055555555555555,0.0,4,6,ATTACK,ATTACK,1,27,27,1.0,18,3.9010749043936643,4.038932529127687,3.765608147484927,0.30337322826030905,0.31409394336597285,0.29283844275309623,12.858995260604708,"{'bias_segment_0_end': {'mean': 0.30337322826030905, 'abs_mean': 0.31409394336597285, 'std': 0.29283844275309623}}"
1,73,23.0,True,0.5055147058823529,0.0,2,6,ATTACK,ATTACK,1,23,23,1.0,16,7.886338949174289,7.886338949174289,4.0272451911905485,0.7063821216371522,0.7063821216371522,0.3607217519865857,11.164409046616939,"{'bias_segment_0_end': {'mean': 0.7063821216371522, 'abs_mean': 0.7063821216371522, 'std': 0.3607217519865857}}"
1,74,26.0,True,0.23674242424242423,0.0,4,6,ATTACK,ATTACK,1,26,26,1.0,17,5.60588569302608,5.651857711977204,3.1502155605619797,0.45065181126867926,0.45434745808391414,0.2532428283402442,12.439505518116826,"{'bias_segment_0_end': {'mean': 0.45065181126867926, 'abs_mean': 0.45434745808391414, 'std': 0.2532428283402442}}"
1,75,24.0,True,0.1937086092715232,0.0,4,6,ATTACK,ATTACK,1,24,24,1.0,15,6.593852935902386,6.593852935902386,2.5969792485259138,0.5688164556995393,0.5688164556995393,0.2240275216980713,11.59223308297782,"{'bias_segment_0_end': {'mean': 0.5688164556995393, 'abs_mean': 0.5688164556995393, 'std': 0.2240275216980713}}"
1,76,33.0,True,0.13357843137254902,0.0,5,6,ATTACK,ATTACK,1,33,33,1.0,23,0.8676264386404724,5.188631669229308,6.556230045123973,0.05663668576670334,0.3387021053320834,0.42797582501260634,15.319159779482533,"{'bias_segment_0_end': {'mean': 0.05663668576670334, 'abs_mean': 0.3387021053320834, 'std': 0.42797582501260634}}"
1,77,31.0,True,0.01739618406285073,0.0,5,6,ATTACK,ATTACK,1,31,31,1.0,21,0.6462268652939531,4.84342185657123,6.008760552900199,0.044537312577841555,0.3338038152814027,0.41411779875197413,14.509785792856013,"{'bias_segment_0_end': {'mean': 0.044537312577841555, 'abs_mean': 0.3338038152814027, 'std': 0.41411779875197413}}"
1,78,30.0,True,0.004557291666666667,0.0,5,6,ATTACK,ATTACK,1,30,30,1.0,20,1.7682180917327772,3.74176432092909,5.177280231131532,0.12539554930340852,0.2653522179082571,0.36715374733227657,14.101123218132539,"{'bias_segment_0_end': {'mean': 0.12539554930340852, 'abs_mean': 0.2653522179082571, 'std': 0.36715374733227657}}"
1,79,28.0,True,0.4829059829059829,0.0,3,6,ATTACK,ATTACK,1,28,28,1.0,19,6.14060102672304,6.273401187477745,4.592596318239709,0.46254275375089193,0.472545968710914,0.3459387995833414,13.27574797557014,"{'bias_segment_0_end': {'mean': 0.46254275375089193, 'abs_mean': 0.472545968710914, 'std': 0.3459387995833414}}"
1,80,23.0,True,0.6343283582089553,0.0,2,6,ATTACK,ATTACK,1,23,23,1.0,16,9.357037927764217,9.357037927764217,3.68344245653086,0.8381131404890262,0.8381131404890262,0.3299272215081571,11.164409046616939,"{'bias_segment_0_end': {'mean': 0.8381131404890262, 'abs_mean': 0.8381131404890262, 'std': 0.3299272215081571}}"
1,81,26.0,True,0.04823304680038204,0.0,5,6,ATTACK,ATTACK,1,26,26,1.0,17,5.187012254557734,5.187012254557734,4.098642134056553,0.41697897452623,0.41697897452623,0.3294859372092655,12.439505518116826,"{'bias_segment_0_end': {'mean': 0.41697897452623, 'abs_mean': 0.41697897452623, 'std': 0.3294859372092655}}"
1,82,23.0,True,0.6132629107981221,0.0,2,6,ATTACK,ATTACK,1,23,23,1.0,16,9.102888532277634,9.102888532277634,4.6784959237217025,0.8153488907714296,0.8153488907714296,0.41905450652933485,11.164409046616939,"{'bias_segment_0_end': {'mean': 0.8153488907714296, 'abs_mean': 0.8153488907714296, 'std': 0.41905450652933485}}"
1,83,32.0,True,0.13386243386243388,0.0,5,6,ATTACK,ATTACK,1,32,32,1.0,22,0.4393505007717273,4.0780566922072765,4.6999634122302405,0.02945539314012045,0.27340531740755986,0.31509983443344786,14.91579143696097,"{'bias_segment_0_end': {'mean': 0.02945539314012045, 'abs_mean': 0.27340531740755986, 'std': 0.31509983443344786}}"
1,84,32.0,True,0.07377049180327869,0.0,5,6,ATTACK,ATTACK,1,32,32,1.0,22,4.385180249879088,4.436110670965752,3.176976850837343,0.29399581432955124,0.2974103445810577,0.21299418567658912,14.91579143696097,"{'bias_segment_0_end': {'mean': 0.29399581432955124, 'abs_mean': 0.2974103445810577, 'std': 0.21299418567658912}}"
1,85,28.0,True,0.26855345911949685,0.0,4,6,ATTACK,ATTACK,1,28,28,1.0,19,3.544053525295254,3.978765253279419,3.702839174316971,0.2669569753671865,0.29970177654781416,0.27891755561576553,13.27574797557014,"{'bias_segment_0_end': {'mean': 0.2669569753671865, 'abs_mean': 0.29970177654781416, 'std': 0.27891755561576553}}"
1,86,19.0,True,0.59375,0.0,2,6,ATTACK,ATTACK,1,19,19,1.0,12,11.17887883540005,11.17887883540005,1.8164528664432522,1.1861251915316122,1.1861251915316122,0.1927331475581778,9.424703998542563,"{'bias_segment_0_end': {'mean': 1.1861251915316122, 'abs_mean': 1.1861251915316122, 'std': 0.1927331475581778}}"
1,87,37.0,False,0.0,0.024999999999999998,6,5,ATTACK,ATTACK,1,37,37,1.0,27,-0.37702578921235047,7.576068246803063,8.869226260780803,-0.022300446831348773,0.4481118055119165,0.5245999460062021,16.906647300104652,"{'bias_segment_0_end': {'mean': -0.022300446831348773, 'abs_mean': 0.4481118055119165, 'std': 0.5245999460062021}}"
1,88,36.0,True,0.3333333333333333,0.0,4,6,ATTACK,ATTACK,1,36,36,1.0,28,4.557682629623857,5.592804084034776,4.595382507189769,0.2759951179531965,0.3386779528766109,0.278278072472231,16.513634963632775,"{'bias_segment_0_end': {'mean': 0.2759951179531965, 'abs_mean': 0.3386779528766109, 'std': 0.278278072472231}}"
1,89,25.0,True,0.1378676470588235,0.0,5,6,ATTACK,ATTACK,1,25,25,1.0,15,2.224617631612195,4.190861659479481,4.6432157431758645,0.1851185663145883,0.3487369204492846,0.38637895755735935,12.017258322062121,"{'bias_segment_0_end': {'mean': 0.1851185663145883, 'abs_mean': 0.3487369204492846, 'std': 0.38637895755735935}}"
1,90,32.0,True,0.1962962962962963,0.0,4,6,ATTACK,ATTACK,1,32,32,1.0,23,3.131418034503188,4.020620838958322,4.392983606871852,0.20993978413667075,0.26955464320822564,0.29451897510353664,14.91579143696097,"{'bias_segment_0_end': {'mean': 0.20993978413667075, 'abs_mean': 0.26955464320822564, 'std': 0.29451897510353664}}"
1,91,21.0,True,0.5299479166666666,0.0,2,6,ATTACK,ATTACK,1,21,21,1.0,14,8.506573969298463,8.506573969298463,3.6350891189666195,0.8258584586092914,0.8258584586092914,0.35291165486035964,10.300280732879038,"{'bias_segment_0_end': {'mean': 0.8258584586092914, 'abs_mean': 0.8258584586092914, 'std': 0.35291165486035964}}"
1,92,34.0,True,0.27293844367015097,0.0,4,6,ATTACK,ATTACK,1,34,34,1.0,25,0.5531567876848027,5.118635635458226,6.384847725920727,0.03518829162124728,0.32561481202693904,0.4061631145796905,15.71991029399101,"{'bias_segment_0_end': {'mean': 0.03518829162124728, 'abs_mean': 0.32561481202693904, 'std': 0.4061631145796905}}"
1,93,24.0,False,0.0,0.06333333333333334,6,4,ATTACK,ATTACK,1,24,24,1.0,15,3.108285286696861,3.7213814927033604,4.3627753543435634,0.2681351612280041,0.32102369457769814,0.3763533154582543,11.59223308297782,"{'bias_segment_0_end': {'mean': 0.2681351612280041, 'abs_mean': 0.32102369457769814, 'std': 0.3763533154582543}}"
1,94,21.0,True,0.3333333333333333,0.0,4,6,ATTACK,ATTACK,1,21,21,1.0,12,6.846408954577366,6.846408954577366,2.550204198461523,0.66468178218903,0.66468178218903,0.2475858925204958,10.300280732879038,"{'bias_segment_0_end': {'mean': 0.66468178218903, 'abs_mean': 0.66468178218903, 'std': 0.2475858925204958}}"
1,95,29.0,False,0.0,0.12333333333333334,6,4,ATTACK,ATTACK,1,29,29,1.0,20,3.178479547832907,3.893464015526105,4.095284967921028,0.23217894196018998,0.2844065352886286,0.2991489850943539,13.689783926993247,"{'bias_segment_0_end': {'mean': 0.23217894196018998, 'abs_mean': 0.2844065352886286, 'std': 0.2991489850943539}}"
1,96,39.0,True,0.22474747474747478,0.0,4,6,ATTACK,ATTACK,1,39,39,1.0,30,-0.6195910316763912,7.930846547196991,8.806513007005481,-0.03503470222666121,0.44844878796036686,0.49796324524077556,17.685066299918077,"{'bias_segment_0_end': {'mean': -0.03503470222666121, 'abs_mean': 0.44844878796036686, 'std': 0.49796324524077556}}"
1,97,39.0,True,0.269811320754717,0.0,4,6,ATTACK,ATTACK,1,39,39,1.0,30,0.7412423564320829,6.195305937698669,6.931998798077968,0.041913462118913086,0.3503128477232435,0.39196905912137175,17.685066299918077,"{'bias_segment_0_end': {'mean': 0.041913462118913086, 'abs_mean': 0.3503128477232435, 'std': 0.39196905912137175}}"
1,98,29.0,True,0.2888888888888889,0.0,4,6,ATTACK,ATTACK,1,29,29,1.0,20,4.8457069640358466,4.8457069640358466,3.1065525872590496,0.353965189653664,0.353965189653664,0.22692488090579796,13.689783926993247,"{'bias_segment_0_end': {'mean': 0.353965189653664, 'abs_mean': 0.353965189653664, 'std': 0.22692488090579796}}"
1,99,40.0,True,0.25752855659397716,0.0,4,6,ATTACK,ATTACK,1,40,40,1.0,31,-1.2820665852598399,7.957561020174111,9.13213669833971,-0.07094800134622216,0.4403617225992472,0.5053613082321909,18.070510245995923,"{'bias_segment_0_end': {'mean': -0.07094800134622216, 'abs_mean': 0.4403617225992472, 'std': 0.5053613082321909}}"
1,100,31.0,False,0.0,0.043333333333333335,6,5,ATTACK,ATTACK,1,31,31,1.0,21,0.7470908603845609,4.747415132193162,5.718922517672106,0.05148875876254463,0.32718712736135525,0.39414244974504403,14.509785792856013,"{'bias_segment_0_end': {'mean': 0.05148875876254463, 'abs_mean': 0.32718712736135525, 'std': 0.39414244974504403}}"
1,101,25.0,True,0.45202952029520294,0.0,3,6,ATTACK,ATTACK,1,25,25,1.0,17,7.267853448567762,7.267853448567762,3.6450946091286878,0.6047846566820428,0.6047846566820428,0.30332164886867485,12.017258322062121,"{'bias_segment_0_end': {'mean': 0.6047846566820428, 'abs_mean': 0.6047846566820428, 'std': 0.30332164886867485}}"
1,102,35.0,True,0.25680933852140075,0.0,4,6,ATTACK,ATTACK,1,35,35,1.0,26,0.8705297117097519,4.228633659702008,5.172286865448592,0.05400957605904837,0.26235372348287556,0.3209000417803122,16.118062299878208,"{'bias_segment_0_end': {'mean': 0.05400957605904837, 'abs_mean': 0.26235372348287556, 'std': 0.3209000417803122}}"
1,103,28.0,True,0.24402907580477673,0.0,4,6,ATTACK,ATTACK,1,28,28,1.0,19,4.5574579968288935,4.658362569718936,3.591996873288863,0.3432919941848451,0.35089266369708094,0.27056832352488236,13.27574797557014,"{'bias_segment_0_end': {'mean': 0.3432919941848451, 'abs_mean': 0.35089266369708094, 'std': 0.27056832352488236}}"
1,104,31.0,True,0.05849889624724062,0.0,5,6,ATTACK,ATTACK,1,31,31,1.0,21,2.479714745139357,3.35998598191709,4.5313149681916824,0.17089947298603544,0.23156689077873233,0.3122937190721799,14.509785792856013,"{'bias_segment_0_end': {'mean': 0.17089947298603544, 'abs_mean': 0.23156689077873233, 'std': 0.3122937190721799}}"
1,105,32.0,True,0.1281216069489685,0.0,5,6,ATTACK,ATTACK,1,32,32,1.0,22,2.6103302986118457,4.208746580776838,4.420406508896318,0.1750044782835667,0.2821671648175279,0.2963574898173125,14.91579143696097,"{'bias_segment_0_end': {'mean': 0.1750044782835667, 'abs_mean': 0.2821671648175279, 'std': 0.2963574898173125}}"
1,106,28.0,True,0.259748427672956,0.0,4,6,ATTACK,ATTACK,1,28,28,1.0,19,5.3325498492894825,5.3325498492894825,2.843833623988867,0.40167603807351365,0.40167603807351365,0.2142126853584486,13.27574797557014,"{'bias_segment_0_end': {'mean': 0.40167603807351365, 'abs_mean': 0.40167603807351365, 'std': 0.2142126853584486}}"
1,107,23.0,False,0.0,0.13166666666666668,6,4,ATTACK,ATTACK,1,23,23,1.0,14,2.8211278604132484,3.733428376795896,4.231685393598311,0.252689403320287,0.3344044777656374,0.3790335319969851,11.164409046616939,"{'bias_segment_0_end': {'mean': 0.252689403320287, 'abs_mean': 0.3344044777656374, 'std': 0.3790335319969851}}"
1,108,27.0,False,0.0,0.008333333333333333,6,4,ATTACK,ATTACK,1,27,27,1.0,18,1.8361490748241653,4.555429903223948,5.854044514355229,0.1427910219742797,0.35426017436837637,0.455248982966025,12.858995260604708,"{'bias_segment_0_end': {'mean': 0.1427910219742797, 'abs_mean': 0.35426017436837637, 'std': 0.455248982966025}}"
1,109,22.0,True,0.6666666666666666,0.0,2,6,ATTACK,ATTACK,1,22,22,1.0,15,9.247196593748557,9.247196593748557,5.838831973945825,0.8615053843360027,0.8615053843360027,0.5439686647505826,10.733765292570691,"{'bias_segment_0_end': {'mean': 0.8615053843360027, 'abs_mean': 0.8615053843360027, 'std': 0.5439686647505826}}"
1,110,68.0,True,0.03752759381898455,0.0,5,6,ATTACK,ATTACK,1,68,68,1.0,59,-9.165882077439072,12.11369179680206,11.132974122324095,-0.3283237109202614,0.4339148387540247,0.39878533746551825,27.917210279294004,"{'bias_segment_0_end': {'mean': -0.3283237109202614, 'abs_mean': 0.4339148387540247, 'std': 0.39878533746551825}}"
1,111,24.0,True,0.3333333333333333,0.0,4,6,ATTACK,ATTACK,1,24,24,1.0,15,5.9055217292627775,5.9055217292627775,3.1437226754393546,0.5094378008957153,0.5094378008957153,0.2711921553799359,11.59223308297782,"{'bias_segment_0_end': {'mean': 0.5094378008957153, 'abs_mean': 0.5094378008957153, 'std': 0.2711921553799359}}"
1,112,30.0,True,0.12991128010139416,0.0,5,6,ATTACK,ATTACK,1,30,30,1.0,20,0.7080561196868789,3.851810079980174,4.7487939499972756,0.0502127460865241,0.2731562599940378,0.3367670700083546,14.101123218132539,"{'bias_segment_0_end': {'mean': 0.0502127460865241, 'abs_mean': 0.2731562599940378, 'std': 0.3367670700083546}}"
1,113,29.0,False,0.0,0.12,6,5,ATTACK,ATTACK,1,29,29,1.0,19,4.741899777777596,4.741899777777596,4.062012524837787,0.34638236827300184,0.34638236827300184,0.2967185272244064,13.689783926993247,"{'bias_segment_0_end': {'mean': 0.34638236827300184, 'abs_mean': 0.34638236827300184, 'std': 0.2967185272244064}}"
1,114,23.0,True,0.4456654456654457,0.0,3,6,ATTACK,ATTACK,1,23,23,1.0,15,8.493081476348198,8.493081476348198,4.148803240285653,0.76072826075123,0.76072826075123,0.37160974870791136,11.164409046616939,"{'bias_segment_0_end': {'mean': 0.76072826075123, 'abs_mean': 0.76072826075123, 'std': 0.37160974870791136}}"
1,115,27.0,False,0.0,0.15166666666666667,6,5,ATTACK,ATTACK,1,27,27,1.0,17,2.409919668537996,3.219289543158956,3.809541499681651,0.18741119501934303,0.2503531168583357,0.2962549890155651,12.858995260604708,"{'bias_segment_0_end': {'mean': 0.18741119501934303, 'abs_mean': 0.2503531168583357, 'std': 0.2962549890155651}}"
1,116,28.0,True,0.21820615796519413,0.0,4,6,ATTACK,ATTACK,1,28,28,1.0,19,3.6198937600517236,4.248094770829674,4.004903849348476,0.2726696655218979,0.3199891093629499,0.30167067473096415,13.27574797557014,"{'bias_segment_0_end': {'mean': 0.2726696655218979, 'abs_mean': 0.3199891093629499, 'std': 0.30167067473096415}}"
1,117,22.0,True,0.4190231362467866,0.0,3,6,ATTACK,ATTACK,1,22,22,1.0,14,6.937482753263937,6.937482753263937,2.8400951979844193,0.6463233137830648,0.6463233137830648,0.26459449415669384,10.733765292570691,"{'bias_segment_0_end': {'mean': 0.6463233137830648, 'abs_mean': 0.6463233137830648, 'std': 0.26459449415669384}}"
1,118,28.0,True,0.10658914728682171,0.0,5,6,ATTACK,ATTACK,1,28,28,1.0,19,2.8371586166627027,4.075247778280904,4.207235978503906,0.21370988827775322,0.3069693538759641,0.3169114076469369,13.27574797557014,"{'bias_segment_0_end': {'mean': 0.21370988827775322, 'abs_mean': 0.3069693538759641, 'std': 0.3169114076469369}}"
1,119,50.0,True,0.8333333333333334,0.0,1,6,ATTACK,ATTACK,1,50,50,1.0,44,5.988563530681322,11.495806265968145,11.67715348042645,0.2748156675759406,0.5275434846971208,0.5358655231207035,21.791201293232252,"{'bias_segment_0_end': {'mean': 0.2748156675759406, 'abs_mean': 0.5275434846971208, 'std': 0.5358655231207035}}"
1,120,22.0,True,0.8333333333333334,0.0,1,6,ATTACK,ATTACK,1,22,22,1.0,16,13.376338488002375,13.376338488002375,5.2000091385178004,1.2461925636906488,1.2461925636906488,0.4844534044467093,10.733765292570691,"{'bias_segment_0_end': {'mean': 1.2461925636906488, 'abs_mean': 1.2461925636906488, 'std': 0.4844534044467093}}"
1,121,27.0,False,0.0,0.06833333333333333,6,4,ATTACK,ATTACK,1,27,27,1.0,19,4.160018356169109,4.414312759706737,4.821279641870367,0.32351037323373893,0.34328597765570296,0.3749343976073323,12.858995260604708,"{'bias_segment_0_end': {'mean': 0.32351037323373893, 'abs_mean': 0.34328597765570296, 'std': 0.3749343976073323}}"
1,122,25.0,False,0.0,0.06,6,4,ATTACK,ATTACK,1,25,25,1.0,16,2.7862645127157104,4.747637072029559,5.641564767386577,0.2318552566686939,0.3950682380950001,0.46945522981971677,12.017258322062121,"{'bias_segment_0_end': {'mean': 0.2318552566686939, 'abs_mean': 0.3950682380950001, 'std': 0.46945522981971677}}"
1,123,28.0,True,0.5,0.0,3,6,ATTACK,ATTACK,1,28,28,1.0,20,6.905904570358816,6.952101360401514,4.1151963767858994,0.5201894901188976,0.5236692782353719,0.3099784949487314,13.27574797557014,"{'bias_segment_0_end': {'mean': 0.5201894901188976, 'abs_mean': 0.5236692782353719, 'std': 0.3099784949487314}}"
1,124,24.0,True,0.3333333333333333,0.0,4,6,ATTACK,ATTACK,1,24,24,1.0,15,6.625294783385702,6.625294783385702,2.2204854989241563,0.5715287758589299,0.5715287758589299,0.1915494178757279,11.59223308297782,"{'bias_segment_0_end': {'mean': 0.5715287758589299, 'abs_mean': 0.5715287758589299, 'std': 0.1915494178757279}}"
1,125,26.0,True,0.17513020833333334,0.0,4,6,ATTACK,ATTACK,1,26,26,1.0,18,3.6870931701555025,4.017799085581141,4.142060257047596,0.2964019080007353,0.32298704154515157,0.33297627876084973,12.439505518116826,"{'bias_segment_0_end': {'mean': 0.2964019080007353, 'abs_mean': 0.32298704154515157, 'std': 0.33297627876084973}}"
1,126,37.0,True,0.28735632183908044,0.0,4,6,ATTACK,ATTACK,1,37,37,1.0,28,1.7090638347286076,4.447791265778627,6.076692584006558,0.10108827636796022,0.2630794377399176,0.3594262349087358,16.906647300104652,"{'bias_segment_0_end': {'mean': 0.10108827636796022, 'abs_mean': 0.2630794377399176, 'std': 0.3594262349087358}}"
1,127,27.0,True,0.29282407407407407,0.0,4,6,ATTACK,ATTACK,1,27,27,1.0,18,5.246500792737758,5.262145362464492,3.512979321709592,0.40800238948770207,0.4092190140691469,0.27319236460659446,12.858995260604708,"{'bias_segment_0_end': {'mean': 0.40800238948770207, 'abs_mean': 0.4092190140691469, 'std': 0.27319236460659446}}"
1,128,30.0,False,0.0,0.16666666666666666,6,5,ATTACK,ATTACK,1,30,30,1.0,20,1.0035622155731094,4.587809147568241,5.712752769428192,0.07116895583769069,0.3253506175783791,0.4051274980763378,14.101123218132539,"{'bias_segment_0_end': {'mean': 0.07116895583769069, 'abs_mean': 0.3253506175783791, 'std': 0.4051274980763378}}"
1,129,23.0,False,0.0,0.07333333333333333,6,4,ATTACK,ATTACK,1,23,23,1.0,14,5.1865364261003455,5.1865364261003455,3.3646721568059914,0.4645598709653136,0.4645598709653136,0.3013748549302357,11.164409046616939,"{'bias_segment_0_end': {'mean': 0.4645598709653136, 'abs_mean': 0.4645598709653136, 'std': 0.3013748549302357}}"
1,130,23.0,False,0.0,0.01,6,4,ATTACK,ATTACK,1,23,23,1.0,15,5.646762319203904,5.646762319203904,2.5767216414670804,0.5057824642241137,0.5057824642241137,0.230797853312969,11.164409046616939,"{'bias_segment_0_end': {'mean': 0.5057824642241137, 'abs_mean': 0.5057824642241137, 'std': 0.230797853312969}}"
1,131,36.0,True,0.06493506493506494,0.0,5,6,ATTACK,ATTACK,1,36,36,1.0,26,1.341001957190216,3.227797954975662,4.149281258195645,0.08120574059820525,0.19546259573280472,0.2512639565627687,16.513634963632775,"{'bias_segment_0_end': {'mean': 0.08120574059820525, 'abs_mean': 0.19546259573280472, 'std': 0.2512639565627687}}"
1,132,30.0,False,0.0,0.01,6,5,ATTACK,ATTACK,1,30,30,1.0,21,3.0744848446116024,3.580464364291916,3.902995016731331,0.21803120198667175,0.2539134158963891,0.27678610819544475,14.101123218132539,"{'bias_segment_0_end': {'mean': 0.21803120198667175, 'abs_mean': 0.2539134158963891, 'std': 0.27678610819544475}}"
1,133,23.0,True,0.5890909090909091,0.0,2,6,ATTACK,ATTACK,1,23,23,1.0,16,9.148396336484813,9.148396336484813,3.107401401558729,0.8194250406166352,0.8194250406166352,0.2783310239336259,11.164409046616939,"{'bias_segment_0_end': {'mean': 0.8194250406166352, 'abs_mean': 0.8194250406166352, 'std': 0.2783310239336259}}"
1,134,19.0,False,0.0,0.06666666666666667,6,2,ATTACK,ATTACK,1,19,19,1.0,12,6.51767143552983,6.51767143552983,2.4778033913746995,0.6915518446560999,0.6915518446560999,0.2629051683488274,9.424703998542563,"{'bias_segment_0_end': {'mean': 0.6915518446560999, 'abs_mean': 0.6915518446560999, 'std': 0.2629051683488274}}"
1,135,21.0,True,0.483726150392817,0.0,3,6,ATTACK,ATTACK,1,21,21,1.0,13,9.43584058103349,9.43584058103349,2.4574077622287684,0.9160760590644672,0.9160760590644672,0.23857677532852026,10.300280732879038,"{'bias_segment_0_end': {'mean': 0.9160760590644672, 'abs_mean': 0.9160760590644672, 'std': 0.23857677532852026}}"
1,136,22.0,False,0.0,0.005,6,5,ATTACK,ATTACK,1,22,22,1.0,14,5.49578606608576,5.49578606608576,2.546971369826217,0.5120091520810162,0.5120091520810162,0.23728591974980925,10.733765292570691,"{'bias_segment_0_end': {'mean': 0.5120091520810162, 'abs_mean': 0.5120091520810162, 'std': 0.23728591974980925}}"
1,137,24.0,True,0.3763020833333333,0.0,3,6,ATTACK,ATTACK,1,24,24,1.0,16,5.693921346140017,5.803143494873328,3.5428573298299475,0.491184166621101,0.5006061777169349,0.3056233690670284,11.59223308297782,"{'bias_segment_0_end': {'mean': 0.491184166621101, 'abs_mean': 0.5006061777169349, 'std': 0.3056233690670284}}"
1,138,13.0,True,0.8333333333333334,0.0,1,6,ATTACK,ATTACK,1,13,13,1.0,8,16.78420377141204,16.78420377141204,3.3614961451679473,2.4948470175613675,2.4948470175613675,0.49966139273169363,6.727548283829468,"{'bias_segment_0_end': {'mean': 2.4948470175613675, 'abs_mean': 2.4948470175613675, 'std': 0.49966139273169363}}"
1,139,31.0,True,0.2862950058072009,0.0,4,6,ATTACK,ATTACK,1,31,31,1.0,22,4.69233357295918,5.290059336596711,3.7469468657897402,0.3233909611036079,0.36458562601257066,0.2582358498796428,14.509785792856013,"{'bias_segment_0_end': {'mean': 0.3233909611036079, 'abs_mean': 0.36458562601257066, 'std': 0.2582358498796428}}"
1,140,27.0,False,0.0,0.09333333333333334,6,5,ATTACK,ATTACK,1,27,27,1.0,17,2.989960776846012,4.654845772153502,6.936843814915927,0.23251900449844365,0.36199140584601186,0.5394545743529355,12.858995260604708,"{'bias_segment_0_end': {'mean': 0.23251900449844365, 'abs_mean': 0.36199140584601186, 'std': 0.5394545743529355}}"
1,141,29.0,True,0.19770114942528735,0.0,4,6,ATTACK,ATTACK,1,29,29,1.0,18,2.9597131380576,3.755435896715423,4.273822809989478,0.21619867441601442,0.274323971564703,0.31219066953733565,13.689783926993247,"{'bias_segment_0_end': {'mean': 0.21619867441601442, 'abs_mean': 0.274323971564703, 'std': 0.31219066953733565}}"
1,142,29.0,True,0.4488888888888889,0.0,3,6,ATTACK,ATTACK,1,29,29,1.0,21,6.097796497348413,6.139727151841185,3.936747290590918,0.44542678904704247,0.4484897047743019,0.2875682561233503,13.689783926993247,"{'bias_segment_0_end': {'mean': 0.44542678904704247, 'abs_mean': 0.4484897047743019, 'std': 0.2875682561233503}}"
1,143,29.0,True,0.15044742729306487,0.0,5,6,ATTACK,ATTACK,1,29,29,1.0,20,3.8676287138085432,3.8676287138085432,3.347285257663102,0.28251933956257913,0.28251933956257913,0.24450972166646034,13.689783926993247,"{'bias_segment_0_end': {'mean': 0.28251933956257913, 'abs_mean': 0.28251933956257913, 'std': 0.24450972166646034}}"
1,144,32.0,True,0.8333333333333334,0.0,1,6,ATTACK,ATTACK,1,32,32,1.0,25,8.522251024911132,9.38865271466814,8.326198863197039,0.5713576152448204,0.6294438182745896,0.558213682350433,14.91579143696097,"{'bias_segment_0_end': {'mean': 0.5713576152448204, 'abs_mean': 0.6294438182745896, 'std': 0.558213682350433}}"
1,145,18.0,True,0.6756978653530378,0.0,1,6,ATTACK,ATTACK,1,18,18,1.0,13,11.298981715825292,11.298981715825292,4.289328372908745,1.257878672625293,1.257878672625293,0.4775168962891245,8.98256879754819,"{'bias_segment_0_end': {'mean': 1.257878672625293, 'abs_mean': 1.257878672625293, 'std': 0.4775168962891245}}"
1,146,40.0,True,0.12248995983935744,0.0,5,6,ATTACK,ATTACK,1,40,40,1.0,30,0.7632616980500965,3.9334607590599022,5.202630510373552,0.04223797157134622,0.21767292154528298,0.28790722782863065,18.070510245995923,"{'bias_segment_0_end': {'mean': 0.04223797157134622, 'abs_mean': 0.21767292154528298, 'std': 0.28790722782863065}}"
1,147,33.0,True,0.0962059620596206,0.0,5,6,ATTACK,ATTACK,1,33,33,1.0,23,1.730929709847415,3.979357460054109,5.119205290096456,0.11299116497013809,0.2597634281081001,0.33417010879100434,15.319159779482533,"{'bias_segment_0_end': {'mean': 0.11299116497013809, 'abs_mean': 0.2597634281081001, 'std': 0.33417010879100434}}"
1,148,27.0,True,0.16666666666666666,0.0,5,6,ATTACK,ATTACK,1,27,27,1.0,17,3.7613883022603725,3.9712472623412944,3.089795670302704,0.2925102798493052,0.30883029209192997,0.240282822077765,12.858995260604708,"{'bias_segment_0_end': {'mean': 0.2925102798493052, 'abs_mean': 0.30883029209192997, 'std': 0.240282822077765}}"
1,149,43.0,False,0.0,0.11499999999999999,6,5,ATTACK,ATTACK,1,43,43,1.0,33,-2.1327301663211715,6.737693026271589,7.431089049854056,-0.11101031191449869,0.3507023139831726,0.3867941319138667,19.212000484818233,"{'bias_segment_0_end': {'mean': -0.11101031191449869, 'abs_mean': 0.3507023139831726, 'std': 0.3867941319138667}}"
1,150,20.0,True,0.5977011494252874,0.0,2,6,ATTACK,ATTACK,1,20,20,1.0,14,12.076991058361807,12.076991058361807,2.701764357040409,1.2243584479490548,1.2243584479490548,0.2739033256648595,9.863934110629282,"{'bias_segment_0_end': {'mean': 1.2243584479490548, 'abs_mean': 1.2243584479490548, 'std': 0.2739033256648595}}"
1,151,33.0,True,0.024999999999999998,0.0,5,6,ATTACK,ATTACK,1,33,33,1.0,22,0.8730031966379275,4.332278525587843,5.4243781430802755,0.05698766833199104,0.2828013146902619,0.3540911003712703,15.319159779482533,"{'bias_segment_0_end': {'mean': 0.05698766833199104, 'abs_mean': 0.2828013146902619, 'std': 0.3540911003712703}}"
1,152,36.0,True,0.3333333333333333,0.0,4,6,ATTACK,ATTACK,1,36,36,1.0,27,1.6243215496661072,5.0747587019088325,5.803841139265377,0.0983624473499188,0.30730718664211376,0.3514575168972132,16.513634963632775,"{'bias_segment_0_end': {'mean': 0.0983624473499188, 'abs_mean': 0.30730718664211376, 'std': 0.3514575168972132}}"
1,153,31.0,False,0.0,0.10166666666666667,6,5,ATTACK,ATTACK,1,31,31,1.0,21,3.707571919551254,4.087960014852274,4.489281549503048,0.2555221677618908,0.2817381368141911,0.30939681767827165,14.509785792856013,"{'bias_segment_0_end': {'mean': 0.2555221677618908, 'abs_mean': 0.2817381368141911, 'std': 0.30939681767827165}}"
1,154,26.0,False,0.0,0.065,6,4,ATTACK,ATTACK,1,26,26,1.0,17,2.892318216019901,3.9287150701051945,4.199398542570475,0.23251070645915503,0.3158256623933672,0.33758564891944415,12.439505518116826,"{'bias_segment_0_end': {'mean': 0.23251070645915503, 'abs_mean': 0.3158256623933672, 'std': 0.33758564891944415}}"
1,155,28.0,True,0.4118404118404118,0.0,3,6,ATTACK,ATTACK,1,28,28,1.0,20,5.7080667748287715,6.176915657230148,5.23347039577563,0.42996197165935074,0.46527816501163083,0.3942128462672081,13.27574797557014,"{'bias_segment_0_end': {'mean': 0.42996197165935074, 'abs_mean': 0.46527816501163083, 'std': 0.3942128462672081}}"
1,156,25.0,True,0.33411580594679186,0.0,3,6,ATTACK,ATTACK,1,25,25,1.0,17,5.630931260762586,5.630931260762586,2.7511922531452226,0.4685703768575008,0.4685703768575008,0.22893676572587207,12.017258322062121,"{'bias_segment_0_end': {'mean': 0.4685703768575008, 'abs_mean': 0.4685703768575008, 'std': 0.22893676572587207}}"
1,157,33.0,True,0.26371951219512196,0.0,4,6,ATTACK,ATTACK,1,33,33,1.0,24,-0.1213603280591163,5.559594154860795,6.670036700737754,-0.007922126918583234,0.3629176948925716,0.4354048653289169,15.319159779482533,"{'bias_segment_0_end': {'mean': -0.007922126918583234, 'abs_mean': 0.3629176948925716, 'std': 0.4354048653289169}}"
1,158,26.0,True,0.4008363201911589,0.0,3,6,ATTACK,ATTACK,1,26,26,1.0,18,7.074048578105096,7.074048578105096,3.028254581282161,0.5686760271782902,0.5686760271782902,0.2434385013835018,12.439505518116826,"{'bias_segment_0_end': {'mean': 0.5686760271782902, 'abs_mean': 0.5686760271782902, 'std': 0.2434385013835018}}"
1,159,19.0,True,0.7186800894854586,0.0,1,6,ATTACK,ATTACK,1,19,19,1.0,13,14.319399985286333,14.319399985286333,3.3457236410485938,1.5193474497979653,1.5193474497979653,0.3549950896671107,9.424703998542563,"{'bias_segment_0_end': {'mean': 1.5193474497979653, 'abs_mean': 1.5193474497979653, 'std': 0.3549950896671107}}"
1,160,22.0,True,0.3333333333333333,0.0,4,6,ATTACK,ATTACK,1,22,22,1.0,14,7.71212205629794,7.71212205629794,2.200273345797493,0.7184917730254301,0.7184917730254301,0.20498616150293494,10.733765292570691,"{'bias_segment_0_end': {'mean': 0.7184917730254301, 'abs_mean': 0.7184917730254301, 'std': 0.20498616150293494}}"
1,161,42.0,False,0.0,0.028333333333333335,6,4,ATTACK,ATTACK,1,42,42,1.0,33,-2.050095250271827,6.529177927411602,7.153139990210025,-0.10885099811147497,0.3466704945304027,0.37980012268319097,18.83395913533391,"{'bias_segment_0_end': {'mean': -0.10885099811147497, 'abs_mean': 0.3466704945304027, 'std': 0.37980012268319097}}"
1,162,26.0,True,0.5,0.0,3,6,ATTACK,ATTACK,1,26,26,1.0,19,6.0220683027309025,6.022113602275943,4.233811799042091,0.4841083348498377,0.4841119764371156,0.3403520978286469,12.439505518116826,"{'bias_segment_0_end': {'mean': 0.4841083348498377, 'abs_mean': 0.4841119764371156, 'std': 0.3403520978286469}}"
1,163,24.0,True,0.4695402298850575,0.0,3,6,ATTACK,ATTACK,1,24,24,1.0,16,6.531645078134646,6.531645078134646,4.366445491093,0.5634501162442804,0.5634501162442804,0.37666991854267856,11.59223308297782,"{'bias_segment_0_end': {'mean': 0.5634501162442804, 'abs_mean': 0.5634501162442804, 'std': 0.37666991854267856}}"
1,164,31.0,False,0.0,0.05833333333333333,6,4,ATTACK,ATTACK,1,31,31,1.0,23,2.789328711312098,4.024818881102184,4.508853016828424,0.19223775947715524,0.2773865126998519,0.31074566373325696,14.509785792856013,"{'bias_segment_0_end': {'mean': 0.19223775947715524, 'abs_mean': 0.2773865126998519, 'std': 0.31074566373325696}}"
1,165,31.0,False,0.0,0.024999999999999998,6,4,ATTACK,ATTACK,1,31,31,1.0,22,3.485990998870377,4.1381013025272075,5.497632707618237,0.2402510311755758,0.28519382447152514,0.37889137621349533,14.509785792856013,"{'bias_segment_0_end': {'mean': 0.2402510311755758, 'abs_mean': 0.28519382447152514, 'std': 0.37889137621349533}}"
1,166,27.0,False,0.0,0.105,6,5,ATTACK,ATTACK,1,27,27,1.0,18,4.720127600621692,4.887631555914656,4.443988488918751,0.3670681499574425,0.3800943586073621,0.34559375743247356,12.858995260604708,"{'bias_segment_0_end': {'mean': 0.3670681499574425, 'abs_mean': 0.3800943586073621, 'std': 0.34559375743247356}}"
1,167,19.0,True,0.5,0.0,3,6,ATTACK,ATTACK,1,19,19,1.0,12,9.431272407354076,9.431272407354076,2.350374717748458,1.0006969352896948,1.0006969352896948,0.24938446004372342,9.424703998542563,"{'bias_segment_0_end': {'mean': 1.0006969352896948, 'abs_mean': 1.0006969352896948, 'std': 0.24938446004372342}}"
1,168,20.0,True,0.5492424242424242,0.0,2,6,ATTACK,ATTACK,1,20,20,1.0,13,8.293570352566519,8.293570352566519,3.5790046751584996,0.840797420131735,0.840797420131735,0.36283744751516517,9.863934110629282,"{'bias_segment_0_end': {'mean': 0.840797420131735, 'abs_mean': 0.840797420131735, 'std': 0.36283744751516517}}"
1,169,25.0,True,0.41385767790262173,0.0,3,6,ATTACK,ATTACK,1,25,25,1.0,17,7.390124833760633,7.390124833760633,3.181570647539694,0.6149593056673605,0.6149593056673605,0.2647501253841523,12.017258322062121,"{'bias_segment_0_end': {'mean': 0.6149593056673605, 'abs_mean': 0.6149593056673605, 'std': 0.2647501253841523}}"
1,170,20.0,True,0.4184652278177458,0.0,3,6,ATTACK,ATTACK,1,20,20,1.0,13,8.537961746228017,8.537961746228017,2.6500026954142895,0.8655736798796732,0.8655736798796732,0.2686557580061967,9.863934110629282,"{'bias_segment_0_end': {'mean': 0.8655736798796732, 'abs_mean': 0.8655736798796732, 'std': 0.2686557580061967}}"
1,171,22.0,True,0.6666666666666666,0.0,2,6,ATTACK,ATTACK,1,22,22,1.0,15,10.172502870590154,10.172502870590154,4.058181502910401,0.9477105743714174,0.9477105743714174,0.37807622882524233,10.733765292570691,"{'bias_segment_0_end': {'mean': 0.9477105743714174, 'abs_mean': 0.9477105743714174, 'std': 0.37807622882524233}}"
1,172,24.0,False,0.0,0.045000000000000005,6,5,ATTACK,ATTACK,1,24,24,1.0,15,4.462177613051842,4.474291279153326,3.1844882271004478,0.384928217118422,0.38597319835842764,0.2747087816735319,11.59223308297782,"{'bias_segment_0_end': {'mean': 0.384928217118422, 'abs_mean': 0.38597319835842764, 'std': 0.2747087816735319}}"
1,173,30.0,True,0.31426814268142683,0.0,4,6,ATTACK,ATTACK,1,30,30,1.0,19,3.025403391924021,4.197644010534778,4.239187762178772,0.2145505251690642,0.29768153540684306,0.3006276660803608,14.101123218132539,"{'bias_segment_0_end': {'mean': 0.2145505251690642, 'abs_mean': 0.29768153540684306, 'std': 0.3006276660803608}}"
1,174,26.0,True,0.17905056759545923,0.0,4,6,ATTACK,ATTACK,1,26,26,1.0,17,4.481145477577847,4.705255265461222,4.087969005803559,0.36023501666135616,0.3782509890452249,0.32862793459513834,12.439505518116826,"{'bias_segment_0_end': {'mean': 0.36023501666135616, 'abs_mean': 0.3782509890452249, 'std': 0.32862793459513834}}"
1,175,24.0,True,0.3491161616161616,0.0,3,6,ATTACK,ATTACK,1,24,24,1.0,16,6.294794140927105,6.294794140927105,2.9188650270917478,0.5430182516059361,0.5430182516059361,0.25179488768025593,11.59223308297782,"{'bias_segment_0_end': {'mean': 0.5430182516059361, 'abs_mean': 0.5430182516059361, 'std': 0.25179488768025593}}"
1,176,15.0,True,0.7136650018657251,0.0,0,6,ATTACK,ATTACK,1,15,15,1.0,9,14.64825529506663,14.64825529506663,4.058874527509916,1.9176838811544112,1.9176838811544112,0.5313696478006795,7.638514063250427,"{'bias_segment_0_end': {'mean': 1.9176838811544112, 'abs_mean': 1.9176838811544112, 'std': 0.5313696478006795}}"
1,177,36.0,True,0.05311355311355311,0.0,5,6,ATTACK,ATTACK,1,36,36,1.0,26,-2.093527413541561,6.5176969168360825,7.234447329693245,-0.12677568676745254,0.39468578124620707,0.4380893331859,16.513634963632775,"{'bias_segment_0_end': {'mean': -0.12677568676745254, 'abs_mean': 0.39468578124620707, 'std': 0.4380893331859}}"
1,178,38.0,True,0.22371794871794873,0.0,4,6,ATTACK,ATTACK,1,38,38,1.0,29,0.6275559607466498,4.978545925086989,5.825395372052739,0.03628095469097889,0.28782516689050985,0.3367841575419406,17.297118173758776,"{'bias_segment_0_end': {'mean': 0.03628095469097889, 'abs_mean': 0.28782516689050985, 'std': 0.3367841575419406}}"
1,179,23.0,False,0.0,0.15166666666666667,6,4,ATTACK,ATTACK,1,23,23,1.0,14,5.200235418622212,5.200235418622212,4.273577624046806,0.46578689448842764,0.46578689448842764,0.3827858336435455,11.164409046616939,"{'bias_segment_0_end': {'mean': 0.46578689448842764, 'abs_mean': 0.46578689448842764, 'std': 0.3827858336435455}}"
1,180,22.0,True,0.5,0.0,3,6,ATTACK,ATTACK,1,22,22,1.0,14,8.232291747903941,8.232291747903941,3.181822693203581,0.7669528374727803,0.7669528374727803,0.29643117829359095,10.733765292570691,"{'bias_segment_0_end': {'mean': 0.7669528374727803, 'abs_mean': 0.7669528374727803, 'std': 0.29643117829359095}}"
1,181,20.0,True,0.5612745098039216,0.0,2,6,ATTACK,ATTACK,1,20,20,1.0,13,12.027504278195181,12.027504278195181,2.7482044332013897,1.2193415064719924,1.2193415064719924,0.27861139403191576,9.863934110629282,"{'bias_segment_0_end': {'mean': 1.2193415064719924, 'abs_mean': 1.2193415064719924, 'std': 0.27861139403191576}}"
1,182,25.0,True,0.5,0.0,3,6,ATTACK,ATTACK,1,25,25,1.0,17,6.562092263875379,6.7789651110504385,3.643851843598983,0.5460556882453156,0.5641024707445242,0.30321823380540514,12.017258322062121,"{'bias_segment_0_end': {'mean': 0.5460556882453156, 'abs_mean': 0.5641024707445242, 'std': 0.30321823380540514}}"
1,183,25.0,True,0.04425287356321839,0.0,5,6,ATTACK,ATTACK,1,25,25,1.0,15,4.3252392746786015,4.365014595510095,4.212940937799242,0.3599189730937235,0.3632288229584361,0.35057421791997523,12.017258322062121,"{'bias_segment_0_end': {'mean': 0.3599189730937235, 'abs_mean': 0.3632288229584361, 'std': 0.35057421791997523}}"
1,184,23.0,True,0.5,0.0,3,6,ATTACK,ATTACK,1,23,23,1.0,15,8.697819637186454,8.697819637186454,2.541924122483542,0.7790667290018437,0.7790667290018437,0.22768102743904756,11.164409046616939,"{'bias_segment_0_end': {'mean': 0.7790667290018437, 'abs_mean': 0.7790667290018437, 'std': 0.22768102743904756}}"
1,185,26.0,False,0.0,0.16666666666666666,6,5,ATTACK,ATTACK,1,26,26,1.0,16,3.4862876528121283,3.521675489986703,3.3315783737508418,0.28025934372831124,0.2831041382519389,0.26782241214481955,12.439505518116826,"{'bias_segment_0_end': {'mean': 0.28025934372831124, 'abs_mean': 0.2831041382519389, 'std': 0.26782241214481955}}"
1,186,26.0,True,0.5314569536423841,0.0,2,6,ATTACK,ATTACK,1,26,26,1.0,19,10.349347356932471,10.349347356932471,3.587425801608592,0.8319741762934018,0.8319741762934018,0.2883897431761966,12.439505518116826,"{'bias_segment_0_end': {'mean': 0.8319741762934018, 'abs_mean': 0.8319741762934018, 'std': 0.2883897431761966}}"
1,187,28.0,True,0.36431623931623935,0.0,3,6,ATTACK,ATTACK,1,28,28,1.0,20,5.461935218454085,6.12846195952891,4.296027148470382,0.41142203275514627,0.46162837459753137,0.3235996311752736,13.27574797557014,"{'bias_segment_0_end': {'mean': 0.41142203275514627, 'abs_mean': 0.46162837459753137, 'std': 0.3235996311752736}}"
1,188,20.0,True,0.6429359823399559,0.0,2,6,ATTACK,ATTACK,1,20,20,1.0,13,10.952210451138296,10.952210451138296,2.8290918332655024,1.1103288331312249,1.1103288331312249,0.2868117123995079,9.863934110629282,"{'bias_segment_0_end': {'mean': 1.1103288331312249, 'abs_mean': 1.1103288331312249, 'std': 0.2868117123995079}}"
1,189,16.0,True,0.6174863387978142,0.0,2,6,ATTACK,ATTACK,1,16,16,1.0,10,11.653169902715376,11.653169902715376,2.4776888339086582,1.4405310413965093,1.4405310413965093,0.30628470244266015,8.089495864954301,"{'bias_segment_0_end': {'mean': 1.4405310413965093, 'abs_mean': 1.4405310413965093, 'std': 0.30628470244266015}}"
1,190,22.0,False,0.0,0.16666666666666666,6,4,ATTACK,ATTACK,1,22,22,1.0,14,4.791499295698631,4.791499295698631,3.7467892039026194,0.4463950128493155,0.4463950128493155,0.3490656914676471,10.733765292570691,"{'bias_segment_0_end': {'mean': 0.4463950128493155, 'abs_mean': 0.4463950128493155, 'std': 0.3490656914676471}}"
1,191,22.0,True,0.34950248756218905,0.0,3,6,ATTACK,ATTACK,1,22,22,1.0,15,7.569266368723032,7.569266368723032,2.790840522380784,0.7051827725320261,0.7051827725320261,0.2600057338977262,10.733765292570691,"{'bias_segment_0_end': {'mean': 0.7051827725320261, 'abs_mean': 0.7051827725320261, 'std': 0.2600057338977262}}"
1,192,25.0,True,0.150066401062417,0.0,5,6,ATTACK,ATTACK,1,25,25,1.0,16,5.027751138387097,5.027751138387097,2.7326510526486687,0.4183775536518841,0.4183775536518841,0.22739388464604088,12.017258322062121,"{'bias_segment_0_end': {'mean': 0.4183775536518841, 'abs_mean': 0.4183775536518841, 'std': 0.22739388464604088}}"
1,193,47.0,True,0.225,0.0,4,6,ATTACK,ATTACK,1,47,47,1.0,38,-1.4388663167549205,6.217644898853162,7.529350004872374,-0.06951034938637511,0.30036888364613124,0.36373618827309584,20.700029987720885,"{'bias_segment_0_end': {'mean': -0.06951034938637511, 'abs_mean': 0.30036888364613124, 'std': 0.36373618827309584}}"
1,194,24.0,True,0.14858490566037735,0.0,5,6,ATTACK,ATTACK,1,24,24,1.0,16,2.8710977421920596,3.5771194034255314,3.932021779323086,0.24767425927693046,0.3085789750620369,0.3391945064576829,11.59223308297782,"{'bias_segment_0_end': {'mean': 0.24767425927693046, 'abs_mean': 0.3085789750620369, 'std': 0.3391945064576829}}"
1,195,27.0,True,0.5,0.0,3,6,ATTACK,ATTACK,1,27,27,1.0,19,7.078151844576951,7.078151844576951,3.653366406867998,0.5504436156269408,0.5504436156269408,0.2841097871822526,12.858995260604708,"{'bias_segment_0_end': {'mean': 0.5504436156269408, 'abs_mean': 0.5504436156269408, 'std': 0.2841097871822526}}"
1,196,27.0,True,0.27011494252873564,0.0,4,6,ATTACK,ATTACK,1,27,27,1.0,18,5.2757201728692324,5.299283154817415,2.9351520233475954,0.4102746805601619,0.41210709292758624,0.22825671554136392,12.858995260604708,"{'bias_segment_0_end': {'mean': 0.4102746805601619, 'abs_mean': 0.41210709292758624, 'std': 0.22825671554136392}}"
1,197,23.0,True,0.5764411027568922,0.0,2,6,ATTACK,ATTACK,1,23,23,1.0,16,9.562661264224497,9.562661264224497,3.451300184534785,0.8565308942278673,0.8565308942278673,0.30913415749314604,11.164409046616939,"{'bias_segment_0_end': {'mean': 0.8565308942278673, 'abs_mean': 0.8565308942278673, 'std': 0.30913415749314604}}"
1,198,32.0,True,0.19399999999999998,0.0,4,6,ATTACK,ATTACK,1,32,32,1.0,23,0.7941661924812458,4.260147838356314,4.971323178728203,0.053243315705884794,0.28561326137879417,0.3332926180778704,14.91579143696097,"{'bias_segment_0_end': {'mean': 0.053243315705884794, 'abs_mean': 0.28561326137879417, 'std': 0.3332926180778704}}"
1,199,26.0,False,0.0,0.06666666666666667,6,5,ATTACK,ATTACK,1,26,26,1.0,16,4.025826146335359,4.049671057590974,3.5120133164240728,0.32363232931342556,0.32554919901703927,0.28232740532243794,12.439505518116826,"{'bias_segment_0_end': {'mean': 0.32363232931342556, 'abs_mean': 0.32554919901703927, 'std': 0.28232740532243794}}"
1,200,20.0,True,0.6331018518518519,0.0,2,6,ATTACK,ATTACK,1,20,20,1.0,13,11.069443250668325,11.069443250668325,2.7186678115869625,1.1222138273146005,1.1222138273146005,0.27561698822149994,9.863934110629282,"{'bias_segment_0_end': {'mean': 1.1222138273146005, 'abs_mean': 1.1222138273146005, 'std': 0.27561698822149994}}"
1,201,22.0,True,0.27002583979328165,0.0,4,6,ATTACK,ATTACK,1,22,22,1.0,14,7.025660260837845,7.025660260837845,1.9714405704667344,0.6545382789113725,0.6545382789113725,0.1836671956886606,10.733765292570691,"{'bias_segment_0_end': {'mean': 0.6545382789113725, 'abs_mean': 0.6545382789113725, 'std': 0.1836671956886606}}"
1,202,24.0,True,0.20902777777777778,0.0,4,6,ATTACK,ATTACK,1,24,24,1.0,15,4.424402056805402,4.480810128472075,4.146020683892124,0.38166952175092556,0.3865355446528893,0.35765504835993955,11.59223308297782,"{'bias_segment_0_end': {'mean': 0.38166952175092556, 'abs_mean': 0.3865355446528893, 'std': 0.35765504835993955}}"
1,203,18.0,True,0.7140311244979919,0.0,1,6,ATTACK,ATTACK,1,18,18,1.0,11,13.239063736055055,13.239063736055055,2.504471901463499,1.473861657443546,1.473861657443546,0.278814664035426,8.98256879754819,"{'bias_segment_0_end': {'mean': 1.473861657443546, 'abs_mean': 1.473861657443546, 'std': 0.278814664035426}}"
1,204,26.0,True,0.5690883190883191,0.0,2,6,ATTACK,ATTACK,1,26,26,1.0,19,7.632139778420131,7.8832253453342895,5.46101554547602,0.6135404471909858,0.6337249767567693,0.43900583809562416,12.439505518116826,"{'bias_segment_0_end': {'mean': 0.6135404471909858, 'abs_mean': 0.6337249767567693, 'std': 0.43900583809562416}}"
1,205,25.0,True,0.059050772626931564,0.0,5,6,ATTACK,ATTACK,1,25,25,1.0,15,2.8337683464864627,3.6849356116073624,4.851866781380399,0.23580822435047707,0.3066369643433811,0.40374157327324844,12.017258322062121,"{'bias_segment_0_end': {'mean': 0.23580822435047707, 'abs_mean': 0.3066369643433811, 'std': 0.40374157327324844}}"
1,206,28.0,True,0.03643724696356276,0.0,5,6,ATTACK,ATTACK,1,28,28,1.0,18,4.098262076429636,4.206715641316327,3.451125297834704,0.3087029133101355,0.31687221308038316,0.2599571266481874,13.27574797557014,"{'bias_segment_0_end': {'mean': 0.3087029133101355, 'abs_mean': 0.31687221308038316, 'std': 0.2599571266481874}}"
1,207,21.0,True,0.35253772290809327,0.0,3,6,ATTACK,ATTACK,1,21,21,1.0,14,7.806943186580714,7.806943186580714,2.5032824476011104,0.7579349911950013,0.7579349911950013,0.2430305068880794,10.300280732879038,"{'bias_segment_0_end': {'mean': 0.7579349911950013, 'abs_mean': 0.7579349911950013, 'std': 0.2430305068880794}}"
1,208,32.0,True,0.19365079365079366,0.0,4,6,ATTACK,ATTACK,1,32,32,1.0,23,1.6253483147117755,4.272029661900378,5.28447623781132,0.10896829186577402,0.28640985494838656,0.354287351103376,14.91579143696097,"{'bias_segment_0_end': {'mean': 0.10896829186577402, 'abs_mean': 0.28640985494838656, 'std': 0.354287351103376}}"
1,209,24.0,False,0.0,0.135,6,5,ATTACK,ATTACK,1,24,24,1.0,14,2.2865756538233257,3.796986114843884,4.332061582781321,0.19725066235779556,0.3275457013040417,0.3737038025177888,11.59223308297782,"{'bias_segment_0_end': {'mean': 0.19725066235779556, 'abs_mean': 0.3275457013040417, 'std': 0.3737038025177888}}"
1,210,23.0,True,0.42764857881136953,0.0,3,6,ATTACK,ATTACK,1,23,23,1.0,15,8.44894248503377,8.44894248503377,3.7314927727640272,0.756774715952743,0.756774715952743,0.334231105039523,11.164409046616939,"{'bias_segment_0_end': {'mean': 0.756774715952743, 'abs_mean': 0.756774715952743, 'std': 0.334231105039523}}"
1,211,25.0,True,0.4107327141382869,0.0,3,6,ATTACK,ATTACK,1,25,25,1.0,18,8.573269632039441,8.573269632039441,2.0489088516185188,0.7134131099021175,0.7134131099021175,0.1704971963411146,12.017258322062121,"{'bias_segment_0_end': {'mean': 0.7134131099021175, 'abs_mean': 0.7134131099021175, 'std': 0.1704971963411146}}"
1,212,23.0,True,0.16666666666666666,0.0,5,6,ATTACK,ATTACK,1,23,23,1.0,14,4.573955214512688,5.134338105012486,4.247990653074103,0.4096907588582754,0.459884449196915,0.38049399975732145,11.164409046616939,"{'bias_segment_0_end': {'mean': 0.4096907588582754, 'abs_mean': 0.459884449196915, 'std': 0.38049399975732145}}"
1,213,22.0,True,0.39306029579067125,0.0,3,6,ATTACK,ATTACK,1,22,22,1.0,14,7.751481105661509,7.751481105661509,2.1953421555054793,0.7221586176312845,0.7221586176312845,0.20452675232473846,10.733765292570691,"{'bias_segment_0_end': {'mean': 0.7221586176312845, 'abs_mean': 0.7221586176312845, 'std': 0.20452675232473846}}"
1,214,23.0,True,0.2656537753222836,0.0,4,6,ATTACK,ATTACK,1,23,23,1.0,14,5.59406609117656,5.59406609117656,3.258434211924799,0.5010624447580309,0.5010624447580309,0.29185908526991633,11.164409046616939,"{'bias_segment_0_end': {'mean': 0.5010624447580309, 'abs_mean': 0.5010624447580309, 'std': 0.29185908526991633}}"
1,215,27.0,True,0.17454545454545456,0.0,4,6,ATTACK,ATTACK,1,27,27,1.0,18,4.889596656927754,4.889596656927754,2.7953929889303235,0.38024717777972145,0.38024717777972145,0.21738813431982454,12.858995260604708,"{'bias_segment_0_end': {'mean': 0.38024717777972145, 'abs_mean': 0.38024717777972145, 'std': 0.21738813431982454}}"
1,216,21.0,True,0.5,0.0,3,6,ATTACK,ATTACK,1,21,21,1.0,14,8.864685487068414,8.864685487068414,2.5335033029728877,0.8606256195301428,0.8606256195301428,0.24596449054886554,10.300280732879038,"{'bias_segment_0_end': {'mean': 0.8606256195301428, 'abs_mean': 0.8606256195301428, 'std': 0.24596449054886554}}"
1,217,26.0,False,0.0,0.0,6,6,ATTACK,ATTACK,1,26,26,1.0,16,4.38183977448806,4.38183977448806,2.874120969450143,0.35225192577843006,0.35225192577843006,0.23104784714024917,12.439505518116826,"{'bias_segment_0_end': {'mean': 0.35225192577843006, 'abs_mean': 0.35225192577843006, 'std': 0.23104784714024917}}"
1,218,22.0,True,0.24176356589147288,0.0,4,6,ATTACK,ATTACK,1,22,22,1.0,14,5.995149553502808,5.995149553502808,2.3509493587424535,0.5585318283093365,0.5585318283093365,0.21902373441774886,10.733765292570691,"{'bias_segment_0_end': {'mean': 0.5585318283093365, 'abs_mean': 0.5585318283093365, 'std': 0.21902373441774886}}"
1,219,27.0,True,0.5,0.0,3,6,ATTACK,ATTACK,1,27,27,1.0,19,7.7313236664537595,7.7313236664537595,4.633411284494935,0.6012385501174984,0.6012385501174984,0.36032451918619374,12.858995260604708,"{'bias_segment_0_end': {'mean': 0.6012385501174984, 'abs_mean': 0.6012385501174984, 'std': 0.36032451918619374}}"
1,220,30.0,False,0.0,0.08833333333333333,6,5,ATTACK,ATTACK,1,30,30,1.0,18,0.9112430767283014,4.5560570518354195,5.237728978609576,0.0646220207165157,0.3230988752709299,0.3714405510530123,14.101123218132539,"{'bias_segment_0_end': {'mean': 0.0646220207165157, 'abs_mean': 0.3230988752709299, 'std': 0.3714405510530123}}"
1,221,25.0,False,0.0,0.125,6,5,ATTACK,ATTACK,1,25,25,1.0,16,3.0191222550252808,3.651223849404872,4.299884328940915,0.2512322007327217,0.3038316853605203,0.35780909536136773,12.017258322062121,"{'bias_segment_0_end': {'mean': 0.2512322007327217, 'abs_mean': 0.3038316853605203, 'std': 0.35780909536136773}}"
1,222,25.0,True,0.25,0.0,4,6,ATTACK,ATTACK,1,25,25,1.0,16,4.720270974812879,4.802585137410164,4.164081092176643,0.39279100509532,0.39964066750510335,0.346508411534429,12.017258322062121,"{'bias_segment_0_end': {'mean': 0.39279100509532, 'abs_mean': 0.39964066750510335, 'std': 0.346508411534429}}"
1,223,37.0,True,0.2590439276485788,0.0,4,6,ATTACK,ATTACK,1,37,37,1.0,28,0.6171942742807083,4.248389735975954,5.368568512438273,0.03650601229948695,0.251285169706572,0.3175418767034338,16.906647300104652,"{'bias_segment_0_end': {'mean': 0.03650601229948695, 'abs_mean': 0.251285169706572, 'std': 0.3175418767034338}}"
1,224,34.0,True,0.5,0.0,3,6,ATTACK,ATTACK,1,34,34,1.0,26,5.23114523274239,6.617286081923453,5.5071874766627325,0.33277195193295817,0.4209493539192099,0.3503319913198152,15.71991029399101,"{'bias_segment_0_end': {'mean': 0.33277195193295817, 'abs_mean': 0.4209493539192099, 'std': 0.3503319913198152}}"
1,225,18.0,True,0.5,0.0,3,6,ATTACK,ATTACK,1,18,18,1.0,11,7.784865693503381,7.784865693503381,3.0389231637106233,0.8666636314133519,0.8666636314133519,0.3383133747375365,8.98256879754819,"{'bias_segment_0_end': {'mean': 0.8666636314133519, 'abs_mean': 0.8666636314133519, 'std': 0.3383133747375365}}"
1,226,33.0,False,0.0,0.145,6,3,ATTACK,ATTACK,1,33,33,1.0,25,2.4772745073864035,3.2552410049683353,4.396331684410943,0.16171086032435672,0.2124947485258421,0.28698255959828156,15.319159779482533,"{'bias_segment_0_end': {'mean': 0.16171086032435672, 'abs_mean': 0.2124947485258421, 'std': 0.28698255959828156}}"
1,227,30.0,True,0.02170868347338936,0.0,5,6,ATTACK,ATTACK,1,30,30,1.0,20,2.113255456692494,4.027054339426112,5.010325811139244,0.1498643352023953,0.28558394087697564,0.3553139514940554,14.101123218132539,"{'bias_segment_0_end': {'mean': 0.1498643352023953, 'abs_mean': 0.28558394087697564, 'std': 0.3553139514940554}}"
1,228,32.0,True,0.3327338129496403,0.0,4,6,ATTACK,ATTACK,1,32,32,1.0,23,3.0772884935829303,3.873524698897075,4.383328565993027,0.20631077516661195,0.25969287082538406,0.2938716718129516,14.91579143696097,"{'bias_segment_0_end': {'mean': 0.20631077516661195, 'abs_mean': 0.25969287082538406, 'std': 0.2938716718129516}}"
1,229,25.0,True,0.4770755885997522,0.0,3,6,ATTACK,ATTACK,1,25,25,1.0,17,7.210431840596571,7.210431840596571,2.6212633875349587,0.6000063947497205,0.6000063947497205,0.21812490979932256,12.017258322062121,"{'bias_segment_0_end': {'mean': 0.6000063947497205, 'abs_mean': 0.6000063947497205, 'std': 0.21812490979932256}}"
1,230,27.0,True,0.20303030303030303,0.0,4,6,ATTACK,ATTACK,1,27,27,1.0,18,3.678816159977251,3.711119144099866,3.3772440499117415,0.28608892727784163,0.2886010196667066,0.26263669761652303,12.858995260604708,"{'bias_segment_0_end': {'mean': 0.28608892727784163, 'abs_mean': 0.2886010196667066, 'std': 0.26263669761652303}}"
1,231,24.0,True,0.18075117370892016,0.0,4,6,ATTACK,ATTACK,1,24,24,1.0,15,6.618095376761864,6.633361023883175,3.4729879233851584,0.5709077215226078,0.5722246073212318,0.2995961087501715,11.59223308297782,"{'bias_segment_0_end': {'mean': 0.5709077215226078, 'abs_mean': 0.5722246073212318, 'std': 0.2995961087501715}}"
1,232,39.0,False,0.0,0.055,6,3,ATTACK,ATTACK,1,39,39,1.0,28,-1.6805116002892955,6.323346589877001,7.263443780458853,-0.09502433136465434,0.3575528913853319,0.41071057678152434,17.685066299918077,"{'bias_segment_0_end': {'mean': -0.09502433136465434, 'abs_mean': 0.3575528913853319, 'std': 0.41071057678152434}}"
1,233,26.0,True,0.3333333333333333,0.0,4,6,ATTACK,ATTACK,1,26,26,1.0,17,4.57947344441463,5.29404884240131,4.521198274267675,0.36813950825819486,0.42558354387086256,0.36345482283705144,12.439505518116826,"{'bias_segment_0_end': {'mean': 0.36813950825819486, 'abs_mean': 0.42558354387086256, 'std': 0.36345482283705144}}"
1,234,22.0,True,0.7728613569321534,0.0,1,6,ATTACK,ATTACK,1,22,22,1.0,16,14.975262344564209,14.975262344564209,3.785860165530972,1.3951546299348696,1.3951546299348696,0.35270569668141816,10.733765292570691,"{'bias_segment_0_end': {'mean': 1.3951546299348696, 'abs_mean': 1.3951546299348696, 'std': 0.35270569668141816}}"
1,235,23.0,True,0.21367521367521367,0.0,4,6,ATTACK,ATTACK,1,23,23,1.0,14,5.195171864107203,5.2785428262669445,4.671603895704383,0.4653333501499978,0.4728009162174562,0.4184371851835706,11.164409046616939,"{'bias_segment_0_end': {'mean': 0.4653333501499978, 'abs_mean': 0.4728009162174562, 'std': 0.4184371851835706}}"
1,236,24.0,True,0.07051282051282051,0.0,5,6,ATTACK,ATTACK,1,24,24,1.0,15,4.890500126950055,4.890500126950055,3.8665056580343236,0.4218773114673933,0.4218773114673933,0.33354278078759036,11.59223308297782,"{'bias_segment_0_end': {'mean': 0.4218773114673933, 'abs_mean': 0.4218773114673933, 'std': 0.33354278078759036}}"
1,237,30.0,False,0.0,0.016666666666666666,6,5,ATTACK,ATTACK,1,30,30,1.0,20,2.1831724838480526,4.271276585172381,6.012553294903388,0.15482259463137843,0.30290328785156456,0.42638825304156525,14.101123218132539,"{'bias_segment_0_end': {'mean': 0.15482259463137843, 'abs_mean': 0.30290328785156456, 'std': 0.42638825304156525}}"
1,238,37.0,True,0.3148831488314883,0.0,4,6,ATTACK,ATTACK,1,37,37,1.0,28,0.3087254040661945,4.707188626655788,5.87919094802486,0.018260592924552434,0.2784223591525832,0.3477443424272811,16.906647300104652,"{'bias_segment_0_end': {'mean': 0.018260592924552434, 'abs_mean': 0.2784223591525832, 'std': 0.3477443424272811}}"
1,239,18.0,True,0.5441347270615563,0.0,2,6,ATTACK,ATTACK,1,18,18,1.0,11,9.289004163199424,9.289004163199424,3.081587441833339,1.0341144468311643,1.0341144468311643,0.343063049255405,8.98256879754819,"{'bias_segment_0_end': {'mean': 1.0341144468311643, 'abs_mean': 1.0341144468311643, 'std': 0.343063049255405}}"
1,240,26.0,False,0.0,0.0033333333333333335,6,5,ATTACK,ATTACK,1,26,26,1.0,17,3.9210641056835978,4.133864508351392,4.569827940008181,0.3152106086510417,0.3323174303295942,0.36736411534628194,12.439505518116826,"{'bias_segment_0_end': {'mean': 0.3152106086510417, 'abs_mean': 0.3323174303295942, 'std': 0.36736411534628194}}"
1,241,21.0,True,0.6153846153846154,0.0,2,6,ATTACK,ATTACK,1,21,21,1.0,14,10.428901237989757,10.428901237989757,3.4452405396792463,1.0124870873373533,1.0124870873373533,0.3344802563178552,10.300280732879038,"{'bias_segment_0_end': {'mean': 1.0124870873373533, 'abs_mean': 1.0124870873373533, 'std': 0.3344802563178552}}"
1,242,26.0,True,0.16666666666666666,0.0,5,6,ATTACK,ATTACK,1,26,26,1.0,17,4.639845466896695,4.676457382735012,3.420315090687174,0.37299275764131057,0.37593595468278423,0.27495587229780527,12.439505518116826,"{'bias_segment_0_end': {'mean': 0.37299275764131057, 'abs_mean': 0.37593595468278423, 'std': 0.27495587229780527}}"
1,243,22.0,True,0.5,0.0,3,6,ATTACK,ATTACK,1,22,22,1.0,15,6.9611004977097375,6.9611004977097375,3.5224346354764116,0.6485236362050716,0.6485236362050716,0.3281639331087706,10.733765292570691,"{'bias_segment_0_end': {'mean': 0.6485236362050716, 'abs_mean': 0.6485236362050716, 'std': 0.3281639331087706}}"
1,244,27.0,True,0.46296296296296297,0.0,3,6,ATTACK,ATTACK,1,27,27,1.0,19,7.142720152241609,7.15852218788017,4.375934250972741,0.5554648716703637,0.5566937418362136,0.34030141253562907,12.858995260604708,"{'bias_segment_0_end': {'mean': 0.5554648716703637, 'abs_mean': 0.5566937418362136, 'std': 0.34030141253562907}}"
1,245,29.0,False,0.0,0.04666666666666667,6,4,ATTACK,ATTACK,1,29,29,1.0,20,1.9192601809042797,5.49415453941777,6.326468789684658,0.14019652838493094,0.4013324511707233,0.4621306532976209,13.689783926993247,"{'bias_segment_0_end': {'mean': 0.14019652838493094, 'abs_mean': 0.4013324511707233, 'std': 0.4621306532976209}}"
1,246,23.0,True,0.3333333333333333,0.0,4,6,ATTACK,ATTACK,1,23,23,1.0,14,6.403748854317693,6.403748854317693,1.9994484460046922,0.5735860113669135,0.5735860113669135,0.17909129248632905,11.164409046616939,"{'bias_segment_0_end': {'mean': 0.5735860113669135, 'abs_mean': 0.5735860113669135, 'std': 0.17909129248632905}}"
1,247,26.0,True,0.2750316856780735,0.0,4,6,ATTACK,ATTACK,1,26,26,1.0,17,3.1240435603110015,4.3194878078429735,4.463045197821608,0.2511388861688402,0.34723951056994146,0.35877995241222843,12.439505518116826,"{'bias_segment_0_end': {'mean': 0.2511388861688402, 'abs_mean': 0.34723951056994146, 'std': 0.35877995241222843}}"
1,248,29.0,True,0.2945454545454545,0.0,4,6,ATTACK,ATTACK,1,29,29,1.0,17,2.884819252412227,4.432051439181941,4.900579930053845,0.2107278878758632,0.32374882341589845,0.35797350463588967,13.689783926993247,"{'bias_segment_0_end': {'mean': 0.2107278878758632, 'abs_mean': 0.32374882341589845, 'std': 0.35797350463588967}}"
1,249,22.0,True,0.6666666666666666,0.0,2,6,ATTACK,ATTACK,1,22,22,1.0,15,9.575027211826615,10.306739300429076,4.711430959037091,0.8920473804708503,0.960216570746411,0.43893553013480546,10.733765292570691,"{'bias_segment_0_end': {'mean': 0.8920473804708503, 'abs_mean': 0.960216570746411, 'std': 0.43893553013480546}}"
1,250,22.0,True,0.6666666666666666,0.0,2,6,ATTACK,ATTACK,1,22,22,1.0,15,10.076117478314432,10.076117478314432,2.843980068526444,0.9387309302625195,0.9387309302625195,0.2649564240513892,10.733765292570691,"{'bias_segment_0_end': {'mean': 0.9387309302625195, 'abs_mean': 0.9387309302625195, 'std': 0.2649564240513892}}"
1,251,33.0,True,0.08702408702408702,0.0,5,6,ATTACK,ATTACK,1,33,33,1.0,23,2.17427226550038,3.0204461723854963,4.219976649673292,0.1419315613126809,0.19716787446990935,0.27547050297923314,15.319159779482533,"{'bias_segment_0_end': {'mean': 0.1419315613126809, 'abs_mean': 0.19716787446990935, 'std': 0.27547050297923314}}"
1,252,26.0,False,0.0,0.11833333333333333,6,5,ATTACK,ATTACK,1,26,26,1.0,19,5.627579821356017,5.627579821356017,3.2094682377863464,0.45239578158151394,0.45239578158151394,0.2580060946242674,12.439505518116826,"{'bias_segment_0_end': {'mean': 0.45239578158151394, 'abs_mean': 0.45239578158151394, 'std': 0.2580060946242674}}"
1,253,27.0,True,0.2658450704225352,0.0,4,6,ATTACK,ATTACK,1,27,27,1.0,19,5.910241445316607,5.910241445316607,3.260597723183047,0.4596192257278016,0.4596192257278016,0.2535655124761057,12.858995260604708,"{'bias_segment_0_end': {'mean': 0.4596192257278016, 'abs_mean': 0.4596192257278016, 'std': 0.2535655124761057}}"
1,254,22.0,True,0.3034188034188034,0.0,4,6,ATTACK,ATTACK,1,22,22,1.0,14,5.735459723936545,5.735459723936545,2.785175512916799,0.5343380973595825,0.5343380973595825,0.2594779592250392,10.733765292570691,"{'bias_segment_0_end': {'mean': 0.5343380973595825, 'abs_mean': 0.5343380973595825, 'std': 0.2594779592250392}}"
1,255,36.0,True,0.16666666666666666,0.0,5,6,ATTACK,ATTACK,1,36,36,1.0,24,-0.3990358019548849,4.868520673458055,5.407672231128159,-0.02416401978326778,0.29481823258051754,0.32746710479172086,16.513634963632775,"{'bias_segment_0_end': {'mean': -0.02416401978326778, 'abs_mean': 0.29481823258051754, 'std': 0.32746710479172086}}"
1,256,25.0,False,0.0,0.15166666666666667,6,5,ATTACK,ATTACK,1,25,25,1.0,16,3.9621437622884645,3.9621437622884645,3.1285199428936283,0.32970446803281944,0.32970446803281944,0.260335582297509,12.017258322062121,"{'bias_segment_0_end': {'mean': 0.32970446803281944, 'abs_mean': 0.32970446803281944, 'std': 0.260335582297509}}"
1,257,28.0,True,0.24735449735449735,0.0,4,6,ATTACK,ATTACK,1,28,28,1.0,19,2.865532539283204,3.585843188863195,4.111176464074777,0.21584716315467273,0.27010479525988423,0.3096756937266444,13.27574797557014,"{'bias_segment_0_end': {'mean': 0.21584716315467273, 'abs_mean': 0.27010479525988423, 'std': 0.3096756937266444}}"
1,258,24.0,False,0.0,0.09666666666666666,6,5,ATTACK,ATTACK,1,24,24,1.0,15,2.894676087967664,4.1896098648540985,5.085851861401525,0.24970823716599022,0.3614152540640487,0.43872926165275733,11.59223308297782,"{'bias_segment_0_end': {'mean': 0.24970823716599022, 'abs_mean': 0.3614152540640487, 'std': 0.43872926165275733}}"
1,259,18.0,True,0.6826388888888889,0.0,1,6,ATTACK,ATTACK,1,18,18,1.0,12,11.274911505898263,11.274911505898263,4.3540956000528945,1.2551990148937988,1.2551990148937988,0.48472721981727024,8.98256879754819,"{'bias_segment_0_end': {'mean': 1.2551990148937988, 'abs_mean': 1.2551990148937988, 'std': 0.48472721981727024}}"
1,260,21.0,True,0.34610215053763443,0.0,3,6,ATTACK,ATTACK,1,21,21,1.0,13,7.278671511470852,7.278671511470852,3.061048773841443,0.7066478769104757,0.7066478769104757,0.2971811014888569,10.300280732879038,"{'bias_segment_0_end': {'mean': 0.7066478769104757, 'abs_mean': 0.7066478769104757, 'std': 0.2971811014888569}}"
1,261,18.0,True,0.5185185185185185,0.0,2,6,ATTACK,ATTACK,1,18,18,1.0,13,10.426724112285932,10.426724112285932,2.2200401348603864,1.1607730869962196,1.1607730869962196,0.24714980590700855,8.98256879754819,"{'bias_segment_0_end': {'mean': 1.1607730869962196, 'abs_mean': 1.1607730869962196, 'std': 0.24714980590700855}}"
1,262,30.0,False,0.0,0.075,6,5,ATTACK,ATTACK,1,30,30,1.0,20,3.236671022183217,4.266293717419182,5.935968867973893,0.22953285154059241,0.30254992112494866,0.4209571660462388,14.101123218132539,"{'bias_segment_0_end': {'mean': 0.22953285154059241, 'abs_mean': 0.30254992112494866, 'std': 0.4209571660462388}}"
1,263,27.0,True,0.3333333333333333,0.0,4,6,ATTACK,ATTACK,1,27,27,1.0,19,8.946271684845685,8.946271684845685,3.4797095461951852,0.695720894481843,0.695720894481843,0.2706050881639059,12.858995260604708,"{'bias_segment_0_end': {'mean': 0.695720894481843, 'abs_mean': 0.695720894481843, 'std': 0.2706050881639059}}"
1,264,22.0,True,0.6666666666666666,0.0,2,6,ATTACK,ATTACK,1,22,22,1.0,15,9.889392208650014,9.889392208650014,2.8803595623801055,0.9213348661065744,0.9213348661065744,0.26834568148920945,10.733765292570691,"{'bias_segment_0_end': {'mean': 0.9213348661065744, 'abs_mean': 0.9213348661065744, 'std': 0.26834568148920945}}"
1,265,18.0,True,0.6326109391124871,0.0,2,6,ATTACK,ATTACK,1,18,18,1.0,11,11.617588039491334,11.617588039491334,2.475777198661316,1.293348072397996,1.293348072397996,0.27562017664001465,8.98256879754819,"{'bias_segment_0_end': {'mean': 1.293348072397996, 'abs_mean': 1.293348072397996, 'std': 0.27562017664001465}}"
1,266,28.0,False,0.0,0.09833333333333333,6,4,ATTACK,ATTACK,1,28,28,1.0,19,4.497812037519724,5.054383835589271,4.3742973169753165,0.338799143053675,0.38072309333457394,0.3294953568736649,13.27574797557014,"{'bias_segment_0_end': {'mean': 0.338799143053675, 'abs_mean': 0.38072309333457394, 'std': 0.3294953568736649}}"
1,267,30.0,True,0.17735042735042736,0.0,4,6,ATTACK,ATTACK,1,30,30,1.0,21,2.3027816967234185,3.9824116992026903,4.8680135710772054,0.1633048418272303,0.2824180483779997,0.34522168878132065,14.101123218132539,"{'bias_segment_0_end': {'mean': 0.1633048418272303, 'abs_mean': 0.2824180483779997, 'std': 0.34522168878132065}}"
1,268,31.0,False,0.0,0.03,6,5,ATTACK,ATTACK,1,31,31,1.0,21,0.7660177885048356,4.993620647077849,6.158845537238323,0.05279318381681344,0.3441553664793929,0.42446150654206566,14.509785792856013,"{'bias_segment_0_end': {'mean': 0.05279318381681344, 'abs_mean': 0.3441553664793929, 'std': 0.42446150654206566}}"
1,269,27.0,True,0.048859934853420196,0.0,5,6,ATTACK,ATTACK,1,27,27,1.0,17,2.1131967619308276,4.840035764589673,6.2435228342792355,0.16433607129515748,0.3763929970032561,0.48553737735693253,12.858995260604708,"{'bias_segment_0_end': {'mean': 0.16433607129515748, 'abs_mean': 0.3763929970032561, 'std': 0.48553737735693253}}"
1,270,24.0,True,0.657037037037037,0.0,2,6,ATTACK,ATTACK,1,24,24,1.0,16,9.584877867174256,9.584877867174256,3.1027711853871516,0.8268361926960227,0.8268361926960227,0.2676594891749804,11.59223308297782,"{'bias_segment_0_end': {'mean': 0.8268361926960227, 'abs_mean': 0.8268361926960227, 'std': 0.2676594891749804}}"
1,271,24.0,True,0.17757575757575758,0.0,4,6,ATTACK,ATTACK,1,24,24,1.0,15,2.935230512094607,4.19527362826658,4.872132782024909,0.2532066506154656,0.3619038366668949,0.420292858774485,11.59223308297782,"{'bias_segment_0_end': {'mean': 0.2532066506154656, 'abs_mean': 0.3619038366668949, 'std': 0.420292858774485}}"
1,272,32.0,True,0.14660493827160495,0.0,5,6,ATTACK,ATTACK,1,32,32,1.0,23,3.2430902571174762,3.506325313074802,3.3693411026757176,0.2174266294097662,0.23507470776148104,0.22589086988214196,14.91579143696097,"{'bias_segment_0_end': {'mean': 0.2174266294097662, 'abs_mean': 0.23507470776148104, 'std': 0.22589086988214196}}"
1,273,36.0,False,0.0,0.10833333333333334,6,5,ATTACK,ATTACK,1,36,36,1.0,26,1.5341882932836948,4.639779690066394,5.277739352106312,0.09290433612359532,0.2809665891419042,0.31959888684285664,16.513634963632775,"{'bias_segment_0_end': {'mean': 0.09290433612359532, 'abs_mean': 0.2809665891419042, 'std': 0.31959888684285664}}"
1,274,33.0,True,0.013888888888888888,0.0,5,6,ATTACK,ATTACK,1,33,33,1.0,23,2.1988066643595774,3.804170208695089,4.69863886410577,0.14353311121570214,0.24832760173897672,0.30671648652681427,15.319159779482533,"{'bias_segment_0_end': {'mean': 0.14353311121570214, 'abs_mean': 0.24832760173897672, 'std': 0.30671648652681427}}"
1,275,31.0,False,0.0,0.06833333333333333,6,5,ATTACK,ATTACK,1,31,31,1.0,21,2.5051148761188333,4.133063902534425,4.893448017016723,0.172650024740699,0.28484665187609914,0.3372515684846322,14.509785792856013,"{'bias_segment_0_end': {'mean': 0.172650024740699, 'abs_mean': 0.28484665187609914, 'std': 0.3372515684846322}}"
1,276,28.0,False,0.0,0.06333333333333334,6,5,ATTACK,ATTACK,1,28,28,1.0,18,2.4686394807788266,3.7738491358815938,4.254886502943879,0.18595106545571558,0.284266403883697,0.32050069877596854,13.27574797557014,"{'bias_segment_0_end': {'mean': 0.18595106545571558, 'abs_mean': 0.284266403883697, 'std': 0.32050069877596854}}"
1,277,23.0,True,0.6666666666666666,0.0,2,6,ATTACK,ATTACK,1,23,23,1.0,16,8.625719744197005,8.625719744197005,4.897009731076566,0.7726087165187473,0.7726087165187473,0.4386268642280236,11.164409046616939,"{'bias_segment_0_end': {'mean': 0.7726087165187473, 'abs_mean': 0.7726087165187473, 'std': 0.4386268642280236}}"
1,278,30.0,True,0.22560975609756095,0.0,4,6,ATTACK,ATTACK,1,30,30,1.0,21,3.998967476294952,4.119543344933211,3.3158809155495184,0.2835921234382738,0.29214292231954386,0.2351501269973763,14.101123218132539,"{'bias_segment_0_end': {'mean': 0.2835921234382738, 'abs_mean': 0.29214292231954386, 'std': 0.2351501269973763}}"
1,279,39.0,True,0.28571428571428575,0.0,4,6,ATTACK,ATTACK,1,39,39,1.0,30,-1.0222796938874914,6.255996196079811,6.999505886398999,-0.05780468540806242,0.3537445712662548,0.39578623951392383,17.685066299918077,"{'bias_segment_0_end': {'mean': -0.05780468540806242, 'abs_mean': 0.3537445712662548, 'std': 0.39578623951392383}}"
1,280,27.0,True,0.6415094339622641,0.0,2,6,ATTACK,ATTACK,1,27,27,1.0,21,7.6716834178372215,9.342421285775622,7.14970908240912,0.5966005323402267,0.7265280915374012,0.5560083768218838,12.858995260604708,"{'bias_segment_0_end': {'mean': 0.5966005323402267, 'abs_mean': 0.7265280915374012, 'std': 0.5560083768218838}}"
1,281,26.0,True,0.3333333333333333,0.0,4,6,ATTACK,ATTACK,1,26,26,1.0,17,4.828386108974801,4.913672354248484,3.2934243983092513,0.3881493602734262,0.3950054402960181,0.26475525040064707,12.439505518116826,"{'bias_segment_0_end': {'mean': 0.3881493602734262, 'abs_mean': 0.3950054402960181, 'std': 0.26475525040064707}}"
1,282,24.0,True,0.473583093179635,0.0,3,6,ATTACK,ATTACK,1,24,24,1.0,17,7.470210054191061,7.470210054191061,4.312452349722232,0.6444151011042396,0.6444151011042396,0.37201221877212687,11.59223308297782,"{'bias_segment_0_end': {'mean': 0.6444151011042396, 'abs_mean': 0.6444151011042396, 'std': 0.37201221877212687}}"
1,283,19.0,True,0.44675925925925924,0.0,3,6,ATTACK,ATTACK,1,19,19,1.0,11,8.264753192121628,8.264753192121628,2.9524594599592744,0.8769244310908532,0.8769244310908532,0.31326813663493763,9.424703998542563,"{'bias_segment_0_end': {'mean': 0.8769244310908532, 'abs_mean': 0.8769244310908532, 'std': 0.31326813663493763}}"
1,284,23.0,True,0.4090909090909091,0.0,3,6,ATTACK,ATTACK,1,23,23,1.0,15,5.41356427770265,5.41356427770265,3.470032839056746,0.484894834567449,0.484894834567449,0.31081204787173594,11.164409046616939,"{'bias_segment_0_end': {'mean': 0.484894834567449, 'abs_mean': 0.484894834567449, 'std': 0.31081204787173594}}"
1,285,22.0,True,0.4356178608515057,0.0,3,6,ATTACK,ATTACK,1,22,22,1.0,15,8.60201411423695,8.60201411423695,2.560746903869286,0.8013976344527284,0.8013976344527284,0.23856930294923548,10.733765292570691,"{'bias_segment_0_end': {'mean': 0.8013976344527284, 'abs_mean': 0.8013976344527284, 'std': 0.23856930294923548}}"
1,286,24.0,True,0.056400506970849175,0.0,6,6,ATTACK,ATTACK,1,24,24,1.0,14,4.960277774604271,5.298104007428901,6.079169258169926,0.42789665624374,0.45703912003017805,0.5244174452545001,11.59223308297782,"{'bias_segment_0_end': {'mean': 0.42789665624374, 'abs_mean': 0.45703912003017805, 'std': 0.5244174452545001}}"
1,287,28.0,True,0.19515151515151516,0.0,4,6,ATTACK,ATTACK,1,28,28,1.0,18,3.0002792270360636,4.341959618131373,4.440190658393941,0.22599700088892458,0.32705950927370653,0.33445879407809803,13.27574797557014,"{'bias_segment_0_end': {'mean': 0.22599700088892458, 'abs_mean': 0.32705950927370653, 'std': 0.33445879407809803}}"
1,288,28.0,True,0.11185682326621925,0.0,5,6,ATTACK,ATTACK,1,28,28,1.0,19,2.558420458572929,4.37448181468739,5.909711768937634,0.19271384657805357,0.32950925422335947,0.4451509459062201,13.27574797557014,"{'bias_segment_0_end': {'mean': 0.19271384657805357, 'abs_mean': 0.32950925422335947, 'std': 0.4451509459062201}}"
1,289,22.0,True,0.5018248175182481,0.0,2,6,ATTACK,ATTACK,1,22,22,1.0,14,8.181031926792436,8.181031926792436,2.730235283871672,0.7621772699329366,0.7621772699329366,0.2543595103352396,10.733765292570691,"{'bias_segment_0_end': {'mean': 0.7621772699329366, 'abs_mean': 0.7621772699329366, 'std': 0.2543595103352396}}"
1,290,25.0,True,0.6223776223776224,0.0,2,6,ATTACK,ATTACK,1,25,25,1.0,18,9.09917737740077,9.09917737740077,4.322107465593861,0.7571758161090593,0.7571758161090593,0.35965836380990784,12.017258322062121,"{'bias_segment_0_end': {'mean': 0.7571758161090593, 'abs_mean': 0.7571758161090593, 'std': 0.35965836380990784}}"
1,291,34.0,True,0.3145994832041344,0.0,4,6,ATTACK,ATTACK,1,34,34,1.0,25,0.7010425309942725,5.124623288745844,5.810145657951341,0.04459583533770217,0.32599570817555806,0.3696042502336854,15.71991029399101,"{'bias_segment_0_end': {'mean': 0.04459583533770217, 'abs_mean': 0.32599570817555806, 'std': 0.3696042502336854}}"
1,292,22.0,True,0.45465686274509803,0.0,3,6,ATTACK,ATTACK,1,22,22,1.0,14,6.849360732195711,6.849360732195711,2.953595698710727,0.6381135179969376,0.6381135179969376,0.27516864941653235,10.733765292570691,"{'bias_segment_0_end': {'mean': 0.6381135179969376, 'abs_mean': 0.6381135179969376, 'std': 0.27516864941653235}}"
1,293,24.0,True,0.6166666666666667,0.0,2,6,ATTACK,ATTACK,1,24,24,1.0,17,9.474042593113689,9.474042593113689,4.224853286959985,0.8172750258986333,0.8172750258986333,0.36445551575078416,11.59223308297782,"{'bias_segment_0_end': {'mean': 0.8172750258986333, 'abs_mean': 0.8172750258986333, 'std': 0.36445551575078416}}"
1,294,28.0,True,0.25167336010709507,0.0,4,6,ATTACK,ATTACK,1,28,28,1.0,19,4.460550278987881,4.652721848262568,3.8925859248865393,0.3359923890688591,0.3504677745332653,0.29321029082878236,13.27574797557014,"{'bias_segment_0_end': {'mean': 0.3359923890688591, 'abs_mean': 0.3504677745332653, 'std': 0.29321029082878236}}"
1,295,28.0,True,0.3333333333333333,0.0,4,6,ATTACK,ATTACK,1,28,28,1.0,19,4.259086647766655,4.302343890051331,3.1402060197671666,0.3208170760400221,0.32407544177310754,0.2365370317021484,13.27574797557014,"{'bias_segment_0_end': {'mean': 0.3208170760400221, 'abs_mean': 0.32407544177310754, 'std': 0.2365370317021484}}"
1,296,23.0,True,0.387057387057387,0.0,3,6,ATTACK,ATTACK,1,23,23,1.0,15,7.3696000575727245,7.3696000575727245,2.887431968406615,0.6600976394541792,0.6600976394541792,0.2586282853261786,11.164409046616939,"{'bias_segment_0_end': {'mean': 0.6600976394541792, 'abs_mean': 0.6600976394541792, 'std': 0.2586282853261786}}"
1,297,53.0,False,0.0,0.15,6,5,ATTACK,ATTACK,1,53,53,1.0,43,-2.4812425667944686,10.490428757780476,11.805655154268441,-0.10853325733640876,0.4588670286308862,0.5163969964204039,22.861587569454684,"{'bias_segment_0_end': {'mean': -0.10853325733640876, 'abs_mean': 0.4588670286308862, 'std': 0.5163969964204039}}"
1,298,20.0,True,0.7595238095238095,0.0,1,6,ATTACK,ATTACK,1,20,20,1.0,14,13.694842744839468,13.694842744839468,3.574805260159141,1.388375326846723,1.388375326846723,0.3624117132237294,9.863934110629282,"{'bias_segment_0_end': {'mean': 1.388375326846723, 'abs_mean': 1.388375326846723, 'std': 0.3624117132237294}}"
1,299,27.0,True,0.06177156177156177,0.0,5,6,ATTACK,ATTACK,1,27,27,1.0,17,3.5600408628829765,4.244920133195332,4.707265774250072,0.27685217940702167,0.33011289351666734,0.3660679297916397,12.858995260604708,"{'bias_segment_0_end': {'mean': 0.27685217940702167, 'abs_mean': 0.33011289351666734, 'std': 0.3660679297916397}}"
1,300,25.0,True,0.5,0.0,3,6,ATTACK,ATTACK,1,25,25,1.0,17,5.910316446004285,5.983991898534728,5.012186515406644,0.49181903955195116,0.49794984331400266,0.4170823644695166,12.017258322062121,"{'bias_segment_0_end': {'mean': 0.49181903955195116, 'abs_mean': 0.49794984331400266, 'std': 0.4170823644695166}}"
1,301,29.0,True,0.2916666666666667,0.0,4,6,ATTACK,ATTACK,1,29,29,1.0,21,4.9041649305443835,4.9041649305443835,3.1833421280020917,0.3582353787830389,0.3582353787830389,0.23253413968976094,13.689783926993247,"{'bias_segment_0_end': {'mean': 0.3582353787830389, 'abs_mean': 0.3582353787830389, 'std': 0.23253413968976094}}"
1,302,26.0,True,0.6225490196078431,0.0,2,6,ATTACK,ATTACK,1,26,26,1.0,19,8.718815642419717,8.718815642419717,5.339988404390449,0.7008972848415626,0.7008972848415626,0.4292765815018386,12.439505518116826,"{'bias_segment_0_end': {'mean': 0.7008972848415626, 'abs_mean': 0.7008972848415626, 'std': 0.4292765815018386}}"
1,303,35.0,False,0.0,0.041666666666666664,6,5,ATTACK,ATTACK,1,35,35,1.0,25,1.2655149651800366,4.555102734309735,5.410224764190713,0.07851532905351774,0.28260858219564977,0.33566223181998706,16.118062299878208,"{'bias_segment_0_end': {'mean': 0.07851532905351774, 'abs_mean': 0.28260858219564977, 'std': 0.33566223181998706}}"
1,304,28.0,True,0.3333333333333333,0.0,4,6,ATTACK,ATTACK,1,28,28,1.0,21,5.431415698920654,5.85740992009697,3.8102805464254854,0.4091231400984318,0.4412112922658445,0.2870106116383887,13.27574797557014,"{'bias_segment_0_end': {'mean': 0.4091231400984318, 'abs_mean': 0.4412112922658445, 'std': 0.2870106116383887}}"
1,305,29.0,True,0.16666666666666666,0.0,5,6,ATTACK,ATTACK,1,29,29,1.0,18,2.172545194300444,4.574772215698751,5.020541791079148,0.15869828230207947,0.3341741725140237,0.36673637932149844,13.689783926993247,"{'bias_segment_0_end': {'mean': 0.15869828230207947, 'abs_mean': 0.3341741725140237, 'std': 0.36673637932149844}}"
1,306,31.0,True,0.3176733780760626,0.0,4,6,ATTACK,ATTACK,1,31,31,1.0,22,2.9225475073345746,4.281357586024429,4.808150542179634,0.2014190663499326,0.295066904994034,0.33137295138753586,14.509785792856013,"{'bias_segment_0_end': {'mean': 0.2014190663499326, 'abs_mean': 0.295066904994034, 'std': 0.33137295138753586}}"
1,307,25.0,False,0.0,0.16666666666666666,6,5,ATTACK,ATTACK,1,25,25,1.0,15,5.03150132912196,5.03150132912196,2.823613525236165,0.418689620733606,0.418689620733606,0.2349632045482769,12.017258322062121,"{'bias_segment_0_end': {'mean': 0.418689620733606, 'abs_mean': 0.418689620733606, 'std': 0.2349632045482769}}"
1,308,31.0,True,0.596045197740113,0.0,2,6,ATTACK,ATTACK,1,31,31,1.0,25,11.184450531823456,11.288518635823868,6.475824181998477,0.7708212024281014,0.7779934726108666,0.44630735935377425,14.509785792856013,"{'bias_segment_0_end': {'mean': 0.7708212024281014, 'abs_mean': 0.7779934726108666, 'std': 0.44630735935377425}}"
1,309,20.0,True,0.577338129496403,0.0,2,6,ATTACK,ATTACK,1,20,20,1.0,13,9.21006624795226,9.21006624795226,3.5001616461215272,0.9337112499593424,0.9337112499593424,0.3548443863133459,9.863934110629282,"{'bias_segment_0_end': {'mean': 0.9337112499593424, 'abs_mean': 0.9337112499593424, 'std': 0.3548443863133459}}"
1,310,31.0,True,0.12852112676056338,0.0,5,6,ATTACK,ATTACK,1,31,31,1.0,21,1.126008754440327,4.3320895982106435,5.5213736404237865,0.07760340300783246,0.29856330479693066,0.38052757768086903,14.509785792856013,"{'bias_segment_0_end': {'mean': 0.07760340300783246, 'abs_mean': 0.29856330479693066, 'std': 0.38052757768086903}}"
1,311,26.0,False,0.0,0.0,6,5,ATTACK,ATTACK,1,26,26,1.0,17,3.797286496078542,4.252860105262958,4.065024214014102,0.30526024451279,0.341883373022273,0.3267834246380471,12.439505518116826,"{'bias_segment_0_end': {'mean': 0.30526024451279, 'abs_mean': 0.341883373022273, 'std': 0.3267834246380471}}"
1,312,29.0,True,0.3333333333333333,0.0,4,6,ATTACK,ATTACK,1,29,29,1.0,20,2.835023246637039,4.8110743044208055,5.003481160033962,0.20709043048130185,0.351435371812876,0.36549014847255523,13.689783926993247,"{'bias_segment_0_end': {'mean': 0.20709043048130185, 'abs_mean': 0.351435371812876, 'std': 0.36549014847255523}}"
1,313,25.0,True,0.16666666666666666,0.0,5,6,ATTACK,ATTACK,1,25,25,1.0,15,4.456476457295789,5.779714823695558,4.823297120473426,0.3708396988616179,0.4809512010809282,0.4013641873386778,12.017258322062121,"{'bias_segment_0_end': {'mean': 0.3708396988616179, 'abs_mean': 0.4809512010809282, 'std': 0.4013641873386778}}"
1,314,19.0,True,0.4242957746478873,0.0,3,6,ATTACK,ATTACK,1,19,19,1.0,11,9.104888264528595,9.104888264528595,2.1564737949004225,0.9660662304022043,0.9660662304022043,0.22881077169467598,9.424703998542563,"{'bias_segment_0_end': {'mean': 0.9660662304022043, 'abs_mean': 0.9660662304022043, 'std': 0.22881077169467598}}"
1,315,22.0,False,0.0,0.023333333333333334,6,3,ATTACK,ATTACK,1,22,22,1.0,15,5.506848059598,5.506848059598,2.569946279605241,0.5130397311192868,0.5130397311192868,0.23942635315344685,10.733765292570691,"{'bias_segment_0_end': {'mean': 0.5130397311192868, 'abs_mean': 0.5130397311192868, 'std': 0.23942635315344685}}"
1,316,24.0,True,0.4114583333333333,0.0,3,6,ATTACK,ATTACK,1,24,24,1.0,16,8.623616992108134,8.623616992108134,2.8479089298859006,0.7439133539137653,0.7439133539137653,0.24567388435864054,11.59223308297782,"{'bias_segment_0_end': {'mean': 0.7439133539137653, 'abs_mean': 0.7439133539137653, 'std': 0.24567388435864054}}"
1,317,22.0,True,0.5048134777376655,0.0,2,6,ATTACK,ATTACK,1,22,22,1.0,15,11.08678423884577,11.08678423884577,2.9068982545008297,1.0328886403468707,1.0328886403468707,0.27081813094169493,10.733765292570691,"{'bias_segment_0_end': {'mean': 1.0328886403468707, 'abs_mean': 1.0328886403468707, 'std': 0.27081813094169493}}"
1,318,45.0,True,0.1766431924882629,0.0,4,6,ATTACK,ATTACK,1,45,45,1.0,36,-6.101490616811269,9.297099669421888,8.853686674174309,-0.30567354501097727,0.4657677267326163,0.4435535448755117,19.960806934051664,"{'bias_segment_0_end': {'mean': -0.30567354501097727, 'abs_mean': 0.4657677267326163, 'std': 0.4435535448755117}}"
1,319,34.0,True,0.09807956104252401,0.0,5,6,ATTACK,ATTACK,1,34,34,1.0,25,-0.41190159513487795,5.820009482622441,6.699356517093823,-0.02620254107253581,0.3702317235771479,0.42617014930770153,15.71991029399101,"{'bias_segment_0_end': {'mean': -0.02620254107253581, 'abs_mean': 0.3702317235771479, 'std': 0.42617014930770153}}"
1,320,29.0,False,0.0,0.27999999999999997,6,1,ATTACK,ATTACK,1,29,29,1.0,22,5.701086134420746,5.73244339779615,3.438972991935982,0.4164482189656374,0.4187387783742176,0.2512072513544266,13.689783926993247,"{'bias_segment_0_end': {'mean': 0.4164482189656374, 'abs_mean': 0.4187387783742176, 'std': 0.2512072513544266}}"
1,321,26.0,True,0.5562913907284769,0.0,2,6,ATTACK,ATTACK,1,26,26,1.0,19,8.62929940618784,8.640043535533163,3.9300354072728623,0.6937011598748983,0.6945648701992095,0.31593180304065793,12.439505518116826,"{'bias_segment_0_end': {'mean': 0.6937011598748983, 'abs_mean': 0.6945648701992095, 'std': 0.31593180304065793}}"
1,322,22.0,False,0.0,0.16666666666666666,6,3,ATTACK,ATTACK,1,22,22,1.0,14,6.026021660054932,6.026021660054932,2.012397116169101,0.561407995778127,0.561407995778127,0.18748286936756198,10.733765292570691,"{'bias_segment_0_end': {'mean': 0.561407995778127, 'abs_mean': 0.561407995778127, 'std': 0.18748286936756198}}"
1,323,17.0,True,0.6273148148148148,0.0,2,6,ATTACK,ATTACK,1,17,17,1.0,10,14.038070495668821,14.038070495668821,1.7228802182633687,1.6442822162061188,1.6442822162061188,0.20180133049038407,8.537506735345655,"{'bias_segment_0_end': {'mean': 1.6442822162061188, 'abs_mean': 1.6442822162061188, 'std': 0.20180133049038407}}"
1,324,33.0,True,0.3655767484105359,0.0,3,6,ATTACK,ATTACK,1,33,33,1.0,25,4.039613625419148,5.049690181230228,5.340968226062757,0.26369681389638217,0.32963232017420757,0.3486462901977232,15.319159779482533,"{'bias_segment_0_end': {'mean': 0.26369681389638217, 'abs_mean': 0.32963232017420757, 'std': 0.3486462901977232}}"
1,325,30.0,True,0.08222958057395144,0.0,5,6,ATTACK,ATTACK,1,30,30,1.0,20,2.4588979439005425,3.6239038137941066,4.364806536733851,0.17437603415440425,0.25699398251723327,0.3095360893748645,14.101123218132539,"{'bias_segment_0_end': {'mean': 0.17437603415440425, 'abs_mean': 0.25699398251723327, 'std': 0.3095360893748645}}"
1,326,24.0,True,0.399290780141844,0.0,3,6,ATTACK,ATTACK,1,24,24,1.0,16,7.033940691423524,7.033940691423524,2.950688359131242,0.6067804745707064,0.6067804745707064,0.2545401164736818,11.59223308297782,"{'bias_segment_0_end': {'mean': 0.6067804745707064, 'abs_mean': 0.6067804745707064, 'std': 0.2545401164736818}}"
1,327,28.0,True,0.17897727272727273,0.0,4,6,ATTACK,ATTACK,1,28,28,1.0,19,6.532173195618215,6.532173195618215,2.7393945702246647,0.4920380537231227,0.4920380537231227,0.20634577993388117,13.27574797557014,"{'bias_segment_0_end': {'mean': 0.4920380537231227, 'abs_mean': 0.4920380537231227, 'std': 0.20634577993388117}}"
1,328,29.0,True,0.16666666666666666,0.0,5,6,ATTACK,ATTACK,1,29,29,1.0,20,3.034327301160375,3.581208514904609,4.088472861795432,0.22164902801550782,0.2615971540531953,0.2986513800070914,13.689783926993247,"{'bias_segment_0_end': {'mean': 0.22164902801550782, 'abs_mean': 0.2615971540531953, 'std': 0.2986513800070914}}"
1,329,28.0,True,0.02404921700223714,0.0,5,6,ATTACK,ATTACK,1,28,28,1.0,18,3.8671637310818228,4.37043608457429,5.076310110245476,0.2912953558773582,0.3292045082971378,0.38237469704809374,13.27574797557014,"{'bias_segment_0_end': {'mean': 0.2912953558773582, 'abs_mean': 0.3292045082971378, 'std': 0.38237469704809374}}"
1,330,24.0,False,0.0,0.105,6,3,ATTACK,ATTACK,1,24,24,1.0,16,5.020085989109784,5.273879037966892,5.210679108006817,0.43305599129828937,0.45494936137120306,0.44949744114947476,11.59223308297782,"{'bias_segment_0_end': {'mean': 0.43305599129828937, 'abs_mean': 0.45494936137120306, 'std': 0.44949744114947476}}"
1,331,25.0,False,0.0,0.07166666666666667,6,4,ATTACK,ATTACK,1,25,25,1.0,17,3.928132283864392,4.128957183952631,4.201067396515373,0.3268742485674002,0.34358562271832027,0.34958617714015183,12.017258322062121,"{'bias_segment_0_end': {'mean': 0.3268742485674002, 'abs_mean': 0.34358562271832027, 'std': 0.34958617714015183}}"
1,332,26.0,True,0.16666666666666666,0.0,5,6,ATTACK,ATTACK,1,26,26,1.0,16,3.576421063045846,4.300104484661159,4.343871571734565,0.28750508272512654,0.3456813036819278,0.3491996981237055,12.439505518116826,"{'bias_segment_0_end': {'mean': 0.28750508272512654, 'abs_mean': 0.3456813036819278, 'std': 0.3491996981237055}}"
1,333,36.0,False,0.0,0.16666666666666666,6,5,ATTACK,ATTACK,1,36,36,1.0,26,0.7936390865499913,4.875682145129114,5.872534619211625,0.04805962395909721,0.29525190279830005,0.3556173206047269,16.513634963632775,"{'bias_segment_0_end': {'mean': 0.04805962395909721, 'abs_mean': 0.29525190279830005, 'std': 0.3556173206047269}}"
1,334,23.0,False,0.0,0.16666666666666666,6,4,ATTACK,ATTACK,1,23,23,1.0,14,5.9613669125638085,5.9613669125638085,2.8763401102502426,0.5339617070345728,0.5339617070345728,0.2576347837346426,11.164409046616939,"{'bias_segment_0_end': {'mean': 0.5339617070345728, 'abs_mean': 0.5339617070345728, 'std': 0.2576347837346426}}"
1,335,28.0,True,0.22937293729372935,0.0,4,6,ATTACK,ATTACK,1,28,28,1.0,19,5.5631184626143275,5.5631184626143275,3.409911662279529,0.41904369327073004,0.41904369327073004,0.25685269625142065,13.27574797557014,"{'bias_segment_0_end': {'mean': 0.41904369327073004, 'abs_mean': 0.41904369327073004, 'std': 0.25685269625142065}}"
1,336,29.0,True,0.144484412470024,0.0,6,6,ATTACK,ATTACK,1,29,29,1.0,19,0.8732022495961913,5.118485735113968,6.3220137725412,0.06378495484318263,0.373890907439484,0.4618052268944565,13.689783926993247,"{'bias_segment_0_end': {'mean': 0.06378495484318263, 'abs_mean': 0.373890907439484, 'std': 0.4618052268944565}}"
1,337,22.0,True,0.45081967213114754,0.0,3,6,ATTACK,ATTACK,1,22,22,1.0,14,8.095372899692826,8.095372899692826,2.0734302554335446,0.7541969363999406,0.7541969363999406,0.19316895785569826,10.733765292570691,"{'bias_segment_0_end': {'mean': 0.7541969363999406, 'abs_mean': 0.7541969363999406, 'std': 0.19316895785569826}}"
1,338,33.0,False,0.0,0.16666666666666666,6,5,ATTACK,ATTACK,1,33,33,1.0,23,1.6901693227735513,3.504428516615911,4.682007504385832,0.11033041936394267,0.2287611440223706,0.305630829091332,15.319159779482533,"{'bias_segment_0_end': {'mean': 0.11033041936394267, 'abs_mean': 0.2287611440223706, 'std': 0.305630829091332}}"
1,339,29.0,False,0.0,0.07666666666666667,6,5,ATTACK,ATTACK,1,29,29,1.0,20,1.3278572062822769,4.054501074970738,5.310960438061884,0.09699621362642795,0.296169837054634,0.3879506401550894,13.689783926993247,"{'bias_segment_0_end': {'mean': 0.09699621362642795, 'abs_mean': 0.296169837054634, 'std': 0.3879506401550894}}"
1,340,28.0,True,0.850314465408805,0.0,0,6,ATTACK,ATTACK,1,28,28,1.0,23,9.73136200705664,9.7643890333073,6.139812812364939,0.7330179832401285,0.7355057546494257,0.4624833812500315,13.27574797557014,"{'bias_segment_0_end': {'mean': 0.7330179832401285, 'abs_mean': 0.7355057546494257, 'std': 0.4624833812500315}}"
1,341,31.0,True,0.1826923076923077,0.0,4,6,ATTACK,ATTACK,1,31,31,1.0,22,0.2010178543391272,4.3931275390052615,5.065976698448829,0.013853950513735305,0.30276997894539875,0.34914207354757054,14.509785792856013,"{'bias_segment_0_end': {'mean': 0.013853950513735305, 'abs_mean': 0.30276997894539875, 'std': 0.34914207354757054}}"
1,342,25.0,False,0.0,0.09666666666666666,6,5,ATTACK,ATTACK,1,25,25,1.0,16,3.2996730973104373,4.329224942065162,5.36016382025446,0.274577862011393,0.3602506350485343,0.4460388282087518,12.017258322062121,"{'bias_segment_0_end': {'mean': 0.274577862011393, 'abs_mean': 0.3602506350485343, 'std': 0.4460388282087518}}"
1,343,22.0,True,0.18503937007874016,0.0,4,6,ATTACK,ATTACK,1,22,22,1.0,13,5.18352309750222,5.18352309750222,2.758621117081922,0.48291749970441056,0.48291749970441056,0.2570040467524741,10.733765292570691,"{'bias_segment_0_end': {'mean': 0.48291749970441056, 'abs_mean': 0.48291749970441056, 'std': 0.2570040467524741}}"
1,344,38.0,True,0.07671957671957672,0.0,5,6,ATTACK,ATTACK,1,38,38,1.0,28,-1.2367530239094335,6.30400290960924,7.173428198904633,-0.07150052462413621,0.364453942343584,0.41471811239558637,17.297118173758776,"{'bias_segment_0_end': {'mean': -0.07150052462413621, 'abs_mean': 0.364453942343584, 'std': 0.41471811239558637}}"
1,345,22.0,True,0.4227330779054917,0.0,3,6,ATTACK,ATTACK,1,22,22,1.0,14,6.3470218025858935,7.280227345960953,5.359048589223605,0.5913136378134656,0.6782547547410899,0.4992701482799178,10.733765292570691,"{'bias_segment_0_end': {'mean': 0.5913136378134656, 'abs_mean': 0.6782547547410899, 'std': 0.4992701482799178}}"
1,346,35.0,False,0.0,0.165,6,5,ATTACK,ATTACK,1,35,35,1.0,25,1.575614512429967,4.599225074387259,6.283902265592167,0.09775458632157495,0.2853460291205111,0.3898671036678925,16.118062299878208,"{'bias_segment_0_end': {'mean': 0.09775458632157495, 'abs_mean': 0.2853460291205111, 'std': 0.3898671036678925}}"
1,347,29.0,True,0.3207434052757794,0.0,4,6,ATTACK,ATTACK,1,29,29,1.0,21,4.369543889147814,4.745979289044032,3.663259667520532,0.319182823662544,0.3466803650338121,0.26759075870418875,13.689783926993247,"{'bias_segment_0_end': {'mean': 0.319182823662544, 'abs_mean': 0.3466803650338121, 'std': 0.26759075870418875}}"
1,348,28.0,False,0.0,0.016666666666666666,6,5,ATTACK,ATTACK,1,28,28,1.0,18,2.6319993101365187,3.907430764177378,4.52087119153621,0.19825619731407151,0.29432848313841015,0.34053608127055884,13.27574797557014,"{'bias_segment_0_end': {'mean': 0.19825619731407151, 'abs_mean': 0.29432848313841015, 'std': 0.34053608127055884}}"
1,349,24.0,True,0.5,0.0,3,6,ATTACK,ATTACK,1,24,24,1.0,16,7.949471531979351,7.949471531979351,3.6007456676850045,0.6857584276538103,0.6857584276538103,0.310617086622627,11.59223308297782,"{'bias_segment_0_end': {'mean': 0.6857584276538103, 'abs_mean': 0.6857584276538103, 'std': 0.310617086622627}}"
1,350,29.0,True,0.13501291989664083,0.0,5,6,ATTACK,ATTACK,1,29,29,1.0,19,2.9869774371214475,3.8779154780580156,4.393041185361813,0.2181902543568846,0.28327075859916373,0.3208992346986355,13.689783926993247,"{'bias_segment_0_end': {'mean': 0.2181902543568846, 'abs_mean': 0.28327075859916373, 'std': 0.3208992346986355}}"
1,351,27.0,True,0.48298551192441863,0.0,2,6,ATTACK,ATTACK,1,27,27,1.0,20,5.167029769743328,5.477972540495875,4.771169015224348,0.40182220033731797,0.4260031541716477,0.37103746587740627,12.858995260604708,"{'bias_segment_0_end': {'mean': 0.40182220033731797, 'abs_mean': 0.4260031541716477, 'std': 0.37103746587740627}}"
1,352,18.0,True,0.5987187463993547,0.0,1,6,ATTACK,ATTACK,1,18,18,1.0,11,11.63459846336354,11.63459846336354,2.665934722224936,1.295241787242334,1.295241787242334,0.29678979168549297,8.98256879754819,"{'bias_segment_0_end': {'mean': 1.295241787242334, 'abs_mean': 1.295241787242334, 'std': 0.29678979168549297}}"
1,353,27.0,True,0.16666666666666666,0.0,5,6,ATTACK,ATTACK,1,27,27,1.0,17,3.659852134267887,3.945669816279962,3.2806358877617514,0.28461415997876166,0.30684122175299816,0.25512381187451155,12.858995260604708,"{'bias_segment_0_end': {'mean': 0.28461415997876166, 'abs_mean': 0.30684122175299816, 'std': 0.25512381187451155}}"
1,354,24.0,True,0.32191562070837726,0.0,3,6,ATTACK,ATTACK,1,24,24,1.0,16,6.177893021377035,6.208346948512708,3.4651106539729852,0.5329338167336138,0.5355609142839891,0.2989165788135503,11.59223308297782,"{'bias_segment_0_end': {'mean': 0.5329338167336138, 'abs_mean': 0.5355609142839891, 'std': 0.2989165788135503}}"
1,355,19.0,True,0.5,0.0,3,6,ATTACK,ATTACK,1,19,19,1.0,10,10.658744110331305,10.658744110331305,1.6055487611229622,1.1309367500538556,1.1309367500538556,0.17035535135864685,9.424703998542563,"{'bias_segment_0_end': {'mean': 1.1309367500538556, 'abs_mean': 1.1309367500538556, 'std': 0.17035535135864685}}"
1,356,21.0,True,0.622093023255814,0.0,2,6,ATTACK,ATTACK,1,21,21,1.0,14,11.379857355528936,11.379857355528936,3.6183287665696677,1.1048104076623688,1.1048104076623688,0.35128448053068806,10.300280732879038,"{'bias_segment_0_end': {'mean': 1.1048104076623688, 'abs_mean': 1.1048104076623688, 'std': 0.35128448053068806}}"
1,357,29.0,True,0.16666666666666666,0.0,5,6,ATTACK,ATTACK,1,29,29,1.0,20,4.181544196691339,4.181544196691339,3.490221701056583,0.30544997780763017,0.30544997780763017,0.25495082462000246,13.689783926993247,"{'bias_segment_0_end': {'mean': 0.30544997780763017, 'abs_mean': 0.30544997780763017, 'std': 0.25495082462000246}}"
1,358,24.0,True,0.029474812433011793,0.0,5,6,ATTACK,ATTACK,1,24,24,1.0,14,3.8820621556759973,4.207089719600693,4.18763427067628,0.3348847567063214,0.3629231477219377,0.36124483011176295,11.59223308297782,"{'bias_segment_0_end': {'mean': 0.3348847567063214, 'abs_mean': 0.3629231477219377, 'std': 0.36124483011176295}}"
1,359,30.0,True,0.10823170731707317,0.0,5,6,ATTACK,ATTACK,1,30,30,1.0,21,0.19296880126646876,2.945167088768335,3.8247687758193307,0.013684640456040502,0.20886046049020868,0.27123858976716736,14.101123218132539,"{'bias_segment_0_end': {'mean': 0.013684640456040502, 'abs_mean': 0.20886046049020868, 'std': 0.27123858976716736}}"
1,360,25.0,False,0.0,0.05833333333333333,6,4,ATTACK,ATTACK,1,25,25,1.0,17,3.15338235634364,3.46547514181272,3.6985497504769715,0.26240447461751243,0.2883748563056649,0.30776984661192774,12.017258322062121,"{'bias_segment_0_end': {'mean': 0.26240447461751243, 'abs_mean': 0.2883748563056649, 'std': 0.30776984661192774}}"
1,361,25.0,True,0.48523985239852396,0.0,3,6,ATTACK,ATTACK,1,25,25,1.0,18,5.239537408528699,5.4593662278135415,5.397055053370893,0.43600106347964496,0.45429382322512424,0.44910868259048764,12.017258322062121,"{'bias_segment_0_end': {'mean': 0.43600106347964496, 'abs_mean': 0.45429382322512424, 'std': 0.44910868259048764}}"
1,362,23.0,True,0.5427509293680298,0.0,2,6,ATTACK,ATTACK,1,23,23,1.0,15,8.062722838414054,8.062722838414054,3.2909738724120947,0.7221808879223426,0.7221808879223426,0.2947736739733065,11.164409046616939,"{'bias_segment_0_end': {'mean': 0.7221808879223426, 'abs_mean': 0.7221808879223426, 'std': 0.2947736739733065}}"
1,363,27.0,True,0.15039281705948374,0.0,5,6,ATTACK,ATTACK,1,27,27,1.0,17,2.7668776692862425,4.339960726574162,4.950234394720278,0.2151705956190023,0.3375038748066286,0.38496276687230757,12.858995260604708,"{'bias_segment_0_end': {'mean': 0.2151705956190023, 'abs_mean': 0.3375038748066286, 'std': 0.38496276687230757}}"
1,364,23.0,True,0.5223880597014925,0.0,2,6,ATTACK,ATTACK,1,23,23,1.0,16,9.002243135257212,9.002243135257212,2.63882806950457,0.8063340475674426,0.8063340475674426,0.23636074766574347,11.164409046616939,"{'bias_segment_0_end': {'mean': 0.8063340475674426, 'abs_mean': 0.8063340475674426, 'std': 0.23636074766574347}}"
1,365,24.0,True,0.3173374613003096,0.0,4,6,ATTACK,ATTACK,1,24,24,1.0,16,4.013922272793561,4.630405459446141,3.874043855656169,0.3462596243589731,0.39944033442922106,0.3341930608128354,11.59223308297782,"{'bias_segment_0_end': {'mean': 0.3462596243589731, 'abs_mean': 0.39944033442922106, 'std': 0.3341930608128354}}"
1,366,27.0,True,0.3333333333333333,0.0,4,6,ATTACK,ATTACK,1,27,27,1.0,18,4.528368914979873,4.551522786916531,3.036076142724034,0.35215573403725803,0.35395633132090376,0.23610523848822534,12.858995260604708,"{'bias_segment_0_end': {'mean': 0.35215573403725803, 'abs_mean': 0.35395633132090376, 'std': 0.23610523848822534}}"
1,367,20.0,True,0.6185064935064936,0.0,2,6,ATTACK,ATTACK,1,20,20,1.0,13,10.367428422940055,10.367428422940055,3.4181644286335473,1.0510439654871793,1.0510439654871793,0.34653155528990864,9.863934110629282,"{'bias_segment_0_end': {'mean': 1.0510439654871793, 'abs_mean': 1.0510439654871793, 'std': 0.34653155528990864}}"
1,368,30.0,True,0.3169191919191919,0.0,4,6,ATTACK,ATTACK,1,30,30,1.0,21,5.119873066352325,5.293614313454186,3.2623199286841524,0.36308264151388414,0.375403734267577,0.2313517780263885,14.101123218132539,"{'bias_segment_0_end': {'mean': 0.36308264151388414, 'abs_mean': 0.375403734267577, 'std': 0.2313517780263885}}"
1,369,25.0,True,0.45283018867924524,0.0,3,6,ATTACK,ATTACK,1,25,25,1.0,17,5.782935464558973,5.7957371988276964,4.309424720496648,0.4812192023818158,0.4822844814933767,0.35860298622233205,12.017258322062121,"{'bias_segment_0_end': {'mean': 0.4812192023818158, 'abs_mean': 0.4822844814933767, 'std': 0.35860298622233205}}"
1,370,24.0,True,0.27120067170445,0.0,4,6,ATTACK,ATTACK,1,24,24,1.0,15,4.4022115654469625,5.175464467324409,4.578112112084299,0.3797552666458393,0.44645966228233674,0.3949292668042412,11.59223308297782,"{'bias_segment_0_end': {'mean': 0.3797552666458393, 'abs_mean': 0.44645966228233674, 'std': 0.3949292668042412}}"
1,371,22.0,True,0.5863945578231292,0.0,2,6,ATTACK,ATTACK,1,22,22,1.0,15,9.108577734370783,9.108577734370783,3.4998516148198617,0.8485911035035607,0.8485911035035607,0.3260600096447295,10.733765292570691,"{'bias_segment_0_end': {'mean': 0.8485911035035607, 'abs_mean': 0.8485911035035607, 'std': 0.3260600096447295}}"
1,372,21.0,False,0.0,0.11333333333333334,6,4,ATTACK,ATTACK,1,21,21,1.0,15,4.502953594528074,4.553185692101631,2.5334877749120297,0.4371680453479689,0.44204481510563315,0.2459629830112303,10.300280732879038,"{'bias_segment_0_end': {'mean': 0.4371680453479689, 'abs_mean': 0.44204481510563315, 'std': 0.2459629830112303}}"
1,373,18.0,True,0.3441295546558704,0.0,3,6,ATTACK,ATTACK,1,18,18,1.0,11,9.348319261855972,9.348319261855972,2.0946452891496077,1.0407178027300625,1.0407178027300625,0.23319000793195654,8.98256879754819,"{'bias_segment_0_end': {'mean': 1.0407178027300625, 'abs_mean': 1.0407178027300625, 'std': 0.23319000793195654}}"
1,374,24.0,True,0.5955056179775281,0.0,2,6,ATTACK,ATTACK,1,24,24,1.0,17,7.474029480091839,7.479805812724744,4.446393981477553,0.6447445825659595,0.6452428759138896,0.38356664756911196,11.59223308297782,"{'bias_segment_0_end': {'mean': 0.6447445825659595, 'abs_mean': 0.6452428759138896, 'std': 0.38356664756911196}}"
1,375,19.0,True,0.5400593471810089,0.0,2,6,ATTACK,ATTACK,1,19,19,1.0,12,10.557165949995163,10.557165949995163,3.1773221775836373,1.1201588879213313,1.1201588879213313,0.3371269992219362,9.424703998542563,"{'bias_segment_0_end': {'mean': 1.1201588879213313, 'abs_mean': 1.1201588879213313, 'std': 0.3371269992219362}}"
1,376,32.0,True,0.17404674046740468,0.0,4,6,ATTACK,ATTACK,1,32,32,1.0,23,1.5979498178455493,4.3572803917506615,5.385025527197455,0.10713141334799497,0.2921253230286813,0.36102848112058555,14.91579143696097,"{'bias_segment_0_end': {'mean': 0.10713141334799497, 'abs_mean': 0.2921253230286813, 'std': 0.36102848112058555}}"
1,377,34.0,True,0.16666666666666666,0.0,5,6,ATTACK,ATTACK,1,34,34,1.0,24,0.6721784277892087,4.00512702686454,5.3129714063765165,0.04275968597900658,0.2547805268580644,0.33797720896711597,15.71991029399101,"{'bias_segment_0_end': {'mean': 0.04275968597900658, 'abs_mean': 0.2547805268580644, 'std': 0.33797720896711597}}"
1,378,22.0,True,0.2288557213930348,0.0,4,6,ATTACK,ATTACK,1,22,22,1.0,13,6.630246775397504,6.630246775397504,2.367393104757199,0.6176999957309098,0.6176999957309098,0.22055569879059828,10.733765292570691,"{'bias_segment_0_end': {'mean': 0.6176999957309098, 'abs_mean': 0.6176999957309098, 'std': 0.22055569879059828}}"
1,379,28.0,True,0.6666666666666666,0.0,2,6,ATTACK,ATTACK,1,28,28,1.0,21,6.167708878568917,7.234423481555821,6.695697491840448,0.4645846614381846,0.5449352831093596,0.5043555741011192,13.27574797557014,"{'bias_segment_0_end': {'mean': 0.4645846614381846, 'abs_mean': 0.5449352831093596, 'std': 0.5043555741011192}}"
1,380,26.0,True,0.16666666666666666,0.0,5,6,ATTACK,ATTACK,1,26,26,1.0,16,2.705182464589096,3.4125890989195,3.4928199009287964,0.21746704164802078,0.27433478717859194,0.2807844649324584,12.439505518116826,"{'bias_segment_0_end': {'mean': 0.21746704164802078, 'abs_mean': 0.27433478717859194, 'std': 0.2807844649324584}}"
1,381,29.0,True,0.3333333333333333,0.0,4,6,ATTACK,ATTACK,1,29,29,1.0,20,5.2913095125693195,5.2913095125693195,2.476952372714177,0.386515195622337,0.386515195622337,0.1809343657959547,13.689783926993247,"{'bias_segment_0_end': {'mean': 0.386515195622337, 'abs_mean': 0.386515195622337, 'std': 0.1809343657959547}}"
1,382,23.0,True,0.20782520325203255,0.0,4,6,ATTACK,ATTACK,1,23,23,1.0,14,5.091748952836398,5.174016946715761,3.6868097622291183,0.456069724028905,0.4634384968440046,0.33022883225031086,11.164409046616939,"{'bias_segment_0_end': {'mean': 0.456069724028905, 'abs_mean': 0.4634384968440046, 'std': 0.33022883225031086}}"
1,383,31.0,True,0.10576923076923077,0.0,5,6,ATTACK,ATTACK,1,31,31,1.0,21,1.199961152432861,4.001782080328795,5.195081689101876,0.08270012869684606,0.27579883931154237,0.35803986104741176,14.509785792856013,"{'bias_segment_0_end': {'mean': 0.08270012869684606, 'abs_mean': 0.27579883931154237, 'std': 0.35803986104741176}}"
1,384,20.0,True,0.4781018701002934,0.0,2,6,ATTACK,ATTACK,1,20,20,1.0,13,9.751289535534658,9.751289535534658,3.4740364510291526,0.9885801573863681,0.9885801573863681,0.3521958289731035,9.863934110629282,"{'bias_segment_0_end': {'mean': 0.9885801573863681, 'abs_mean': 0.9885801573863681, 'std': 0.3521958289731035}}"
1,385,32.0,True,0.03850574712643678,0.0,5,6,ATTACK,ATTACK,1,32,32,1.0,22,1.7548629791233203,2.9576585964701043,3.8719755822797506,0.11765134867566011,0.198290423204839,0.25958901333824563,14.91579143696097,"{'bias_segment_0_end': {'mean': 0.11765134867566011, 'abs_mean': 0.198290423204839, 'std': 0.25958901333824563}}"
1,386,34.0,True,0.28390367553865653,0.0,4,6,ATTACK,ATTACK,1,34,34,1.0,21,2.151290800468078,3.9163115559178956,4.372260147477905,0.13685134076690095,0.2491306554983917,0.27813518434320944,15.71991029399101,"{'bias_segment_0_end': {'mean': 0.13685134076690095, 'abs_mean': 0.2491306554983917, 'std': 0.27813518434320944}}"
1,387,51.0,True,0.3333333333333333,0.0,4,6,ATTACK,ATTACK,1,51,51,1.0,42,-1.3200366640836863,5.872848127666352,6.6655314856001615,-0.0595945716739606,0.2651364755216447,0.3009230763596858,22.150283608137183,"{'bias_segment_0_end': {'mean': -0.0595945716739606, 'abs_mean': 0.2651364755216447, 'std': 0.3009230763596858}}"
1,388,24.0,True,0.5,0.0,3,6,ATTACK,ATTACK,1,24,24,1.0,16,6.465909618806948,6.465909618806948,4.0071761070266625,0.5577794694536957,0.5577794694536957,0.3456776686892925,11.59223308297782,"{'bias_segment_0_end': {'mean': 0.5577794694536957, 'abs_mean': 0.5577794694536957, 'std': 0.3456776686892925}}"
1,389,27.0,True,0.2609289617486339,0.0,4,6,ATTACK,ATTACK,1,27,27,1.0,18,6.13269989619913,6.13269989619913,2.859277738633351,0.47691905719784305,0.47691905719784305,0.2223562324027865,12.858995260604708,"{'bias_segment_0_end': {'mean': 0.47691905719784305, 'abs_mean': 0.47691905719784305, 'std': 0.2223562324027865}}"
1,390,25.0,False,0.0,0.14833333333333334,6,4,ATTACK,ATTACK,1,25,25,1.0,16,4.742892148671521,4.986068372741873,4.313967428639373,0.39467339567496756,0.4149089783306149,0.3589810015750008,12.017258322062121,"{'bias_segment_0_end': {'mean': 0.39467339567496756, 'abs_mean': 0.4149089783306149, 'std': 0.3589810015750008}}"
1,391,38.0,False,0.0,0.09499999999999999,6,5,ATTACK,ATTACK,1,38,38,1.0,28,-0.40226445635636515,4.99795090395815,5.818671026574975,-0.023256154714062997,0.28894702884902956,0.33639540229322146,17.297118173758776,"{'bias_segment_0_end': {'mean': -0.023256154714062997, 'abs_mean': 0.28894702884902956, 'std': 0.33639540229322146}}"
1,392,25.0,False,0.0,0.02,6,5,ATTACK,ATTACK,1,25,25,1.0,16,4.983238809285535,4.983238809285535,3.860381765748829,0.41467352001054664,0.41467352001054664,0.321236480259534,12.017258322062121,"{'bias_segment_0_end': {'mean': 0.41467352001054664, 'abs_mean': 0.41467352001054664, 'std': 0.321236480259534}}"
1,393,23.0,False,0.0,0.0,6,5,ATTACK,ATTACK,1,23,23,1.0,14,6.323787575153504,6.323787575153504,2.648426004219235,0.5664238517908613,0.5664238517908613,0.23722043801519135,11.164409046616939,"{'bias_segment_0_end': {'mean': 0.5664238517908613, 'abs_mean': 0.5664238517908613, 'std': 0.23722043801519135}}"
1,394,31.0,True,0.36617100371747213,0.0,3,6,ATTACK,ATTACK,1,31,31,1.0,23,3.392851904179254,4.217123711362344,4.557778863433642,0.23383197744033868,0.2906399702632876,0.3141175844013972,14.509785792856013,"{'bias_segment_0_end': {'mean': 0.23383197744033868, 'abs_mean': 0.2906399702632876, 'std': 0.3141175844013972}}"
1,395,21.0,True,0.6333333333333333,0.0,2,6,ATTACK,ATTACK,1,21,21,1.0,14,11.112100484714201,11.112100484714201,3.384654234215311,1.0788153034745733,1.0788153034745733,0.3285982510565286,10.300280732879038,"{'bias_segment_0_end': {'mean': 1.0788153034745733, 'abs_mean': 1.0788153034745733, 'std': 0.3285982510565286}}"
1,396,29.0,True,0.4552980132450331,0.0,3,6,ATTACK,ATTACK,1,29,29,1.0,20,6.335363116432212,6.628475464916744,4.784432078296991,0.46278035871262135,0.48419138682290286,0.3494892325410003,13.689783926993247,"{'bias_segment_0_end': {'mean': 0.46278035871262135, 'abs_mean': 0.48419138682290286, 'std': 0.3494892325410003}}"
1,397,31.0,True,0.3965721040189125,0.0,3,6,ATTACK,ATTACK,1,31,31,1.0,23,5.457574519082858,5.570111258851607,4.113827559838011,0.37613060571644896,0.38388652585030497,0.28352090227710186,14.509785792856013,"{'bias_segment_0_end': {'mean': 0.37613060571644896, 'abs_mean': 0.38388652585030497, 'std': 0.28352090227710186}}"
1,398,29.0,True,0.16666666666666666,0.0,5,6,ATTACK,ATTACK,1,29,29,1.0,21,4.086923031645963,4.11455346307938,2.9504153884691364,0.29853816929772337,0.3005564941727374,0.21551950010339943,13.689783926993247,"{'bias_segment_0_end': {'mean': 0.29853816929772337, 'abs_mean': 0.3005564941727374, 'std': 0.21551950010339943}}"
1,399,29.0,True,0.13381995133819952,0.0,5,6,ATTACK,ATTACK,1,29,29,1.0,18,1.823382237536486,4.27048123085847,5.413079640754444,0.133192915772847,0.3119465766320839,0.39541015911003824,13.689783926993247,"{'bias_segment_0_end': {'mean': 0.133192915772847, 'abs_mean': 0.3119465766320839, 'std': 0.39541015911003824}}"
1,400,36.0,True,0.07746478873239436,0.0,5,6,ATTACK,ATTACK,1,36,36,1.0,26,-0.004801608258968779,4.319024820530491,5.269733182464948,-0.000290766283107452,0.26154295102453723,0.31911406507835743,16.513634963632775,"{'bias_segment_0_end': {'mean': -0.000290766283107452, 'abs_mean': 0.26154295102453723, 'std': 0.31911406507835743}}"
1,401,29.0,True,0.08656330749354006,0.0,5,6,ATTACK,ATTACK,1,29,29,1.0,20,1.1736361812757528,4.028330251529963,4.790994425882687,0.08573080389980442,0.2942581324155876,0.3499685934732613,13.689783926993247,"{'bias_segment_0_end': {'mean': 0.08573080389980442, 'abs_mean': 0.2942581324155876, 'std': 0.3499685934732613}}"
1,402,20.0,True,0.3333333333333333,0.0,4,6,ATTACK,ATTACK,1,20,20,1.0,12,7.001928926480093,7.001928926480093,2.609089815167886,0.7098515509075514,0.7098515509075514,0.2645080336005444,9.863934110629282,"{'bias_segment_0_end': {'mean': 0.7098515509075514, 'abs_mean': 0.7098515509075514, 'std': 0.2645080336005444}}"
1,403,27.0,True,0.3333333333333333,0.0,4,6,ATTACK,ATTACK,1,27,27,1.0,18,5.242212967047383,5.333211914520758,3.7212844823671865,0.4076689399760197,0.41474561631263546,0.2893915431921692,12.858995260604708,"{'bias_segment_0_end': {'mean': 0.4076689399760197, 'abs_mean': 0.41474561631263546, 'std': 0.2893915431921692}}"
1,404,30.0,True,0.16666666666666666,0.0,5,6,ATTACK,ATTACK,1,30,30,1.0,20,2.892816149797556,4.0246841303037035,4.380192856460425,0.20514792368296617,0.28541585432913524,0.3106272308030019,14.101123218132539,"{'bias_segment_0_end': {'mean': 0.20514792368296617, 'abs_mean': 0.28541585432913524, 'std': 0.3106272308030019}}"
1,405,25.0,True,0.03997539975399754,0.0,5,6,ATTACK,ATTACK,1,25,25,1.0,16,2.562572610555066,3.8175706345739346,4.133116222713291,0.2132410356737124,0.3176740095172434,0.3439317115390145,12.017258322062121,"{'bias_segment_0_end': {'mean': 0.2132410356737124, 'abs_mean': 0.3176740095172434, 'std': 0.3439317115390145}}"
1,406,24.0,True,0.6666666666666666,0.0,2,6,ATTACK,ATTACK,1,24,24,1.0,15,8.362449704281596,8.362449704281596,4.354130323583178,0.7213838476523667,0.7213838476523667,0.3756075548529849,11.59223308297782,"{'bias_segment_0_end': {'mean': 0.7213838476523667, 'abs_mean': 0.7213838476523667, 'std': 0.3756075548529849}}"
1,407,32.0,True,0.02112676056338028,0.0,5,6,ATTACK,ATTACK,1,32,32,1.0,22,1.4523952156994007,3.817228792669592,4.749136180939137,0.09737299035305634,0.25591862213966005,0.31839652632651405,14.91579143696097,"{'bias_segment_0_end': {'mean': 0.09737299035305634, 'abs_mean': 0.25591862213966005, 'std': 0.31839652632651405}}"
1,408,30.0,True,0.0610236220472441,0.0,5,6,ATTACK,ATTACK,1,30,30,1.0,20,1.5726556336944475,3.657522395605687,4.342033302180976,0.1115269762108156,0.25937808917962674,0.30792109500877096,14.101123218132539,"{'bias_segment_0_end': {'mean': 0.1115269762108156, 'abs_mean': 0.25937808917962674, 'std': 0.30792109500877096}}"
1,409,27.0,False,0.0,0.05666666666666667,6,5,ATTACK,ATTACK,1,27,27,1.0,17,3.760004008668838,4.4220685973722444,5.6038626820009325,0.2924026280799811,0.34388912257552945,0.43579319911324127,12.858995260604708,"{'bias_segment_0_end': {'mean': 0.2924026280799811, 'abs_mean': 0.34388912257552945, 'std': 0.43579319911324127}}"
1,410,25.0,True,0.3333333333333333,0.0,4,6,ATTACK,ATTACK,1,25,25,1.0,16,5.318946206746473,5.364828066843891,3.625343350577887,0.4426089598974152,0.4464269572199147,0.30167807443418515,12.017258322062121,"{'bias_segment_0_end': {'mean': 0.4426089598974152, 'abs_mean': 0.4464269572199147, 'std': 0.30167807443418515}}"
1,411,28.0,True,0.16666666666666666,0.0,5,6,ATTACK,ATTACK,1,28,28,1.0,18,2.9629955680547404,3.515270014815384,3.558250358416531,0.2231885972456849,0.2647888481525967,0.2680263564029972,13.27574797557014,"{'bias_segment_0_end': {'mean': 0.2231885972456849, 'abs_mean': 0.2647888481525967, 'std': 0.2680263564029972}}"
1,412,21.0,True,0.577262693156733,0.0,2,6,ATTACK,ATTACK,1,21,21,1.0,14,10.75824721359313,10.75824721359313,2.3431926074953715,1.044461553290702,1.044461553290702,0.22748822757964032,10.300280732879038,"{'bias_segment_0_end': {'mean': 1.044461553290702, 'abs_mean': 1.044461553290702, 'std': 0.22748822757964032}}"
1,413,46.0,True,0.15025252525252525,0.0,5,6,ATTACK,ATTACK,1,46,46,1.0,37,-4.096086620960051,8.125572001570742,7.845140243623458,-0.2014639818237119,0.3996522147883738,0.38585931834502624,20.331607585043518,"{'bias_segment_0_end': {'mean': -0.2014639818237119, 'abs_mean': 0.3996522147883738, 'std': 0.38585931834502624}}"
1,414,21.0,True,0.5033112582781457,0.0,2,6,ATTACK,ATTACK,1,21,21,1.0,14,8.46287561303335,8.46287561303335,3.7547233930488004,0.8216160153790184,0.8216160153790184,0.3645263163617983,10.300280732879038,"{'bias_segment_0_end': {'mean': 0.8216160153790184, 'abs_mean': 0.8216160153790184, 'std': 0.3645263163617983}}"
1,415,26.0,False,0.0,0.15166666666666667,6,4,ATTACK,ATTACK,1,26,26,1.0,16,4.711935102305537,4.759014855095734,4.049945866193449,0.3787879747666095,0.3825726712500535,0.3255712906188377,12.439505518116826,"{'bias_segment_0_end': {'mean': 0.3787879747666095, 'abs_mean': 0.3825726712500535, 'std': 0.3255712906188377}}"
1,416,31.0,True,0.16666666666666666,0.0,5,6,ATTACK,ATTACK,1,31,31,1.0,19,2.1609992189277105,4.065805904043416,4.648633379940522,0.1489339160328399,0.2802112975399845,0.3203791872812697,14.509785792856013,"{'bias_segment_0_end': {'mean': 0.1489339160328399, 'abs_mean': 0.2802112975399845, 'std': 0.3203791872812697}}"
1,417,26.0,True,0.30164765525982257,0.0,4,6,ATTACK,ATTACK,1,26,26,1.0,16,5.60274408808904,5.628115719212697,3.078911083793114,0.45039926064016256,0.45243886189977095,0.24751072937015103,12.439505518116826,"{'bias_segment_0_end': {'mean': 0.45039926064016256, 'abs_mean': 0.45243886189977095, 'std': 0.24751072937015103}}"
1,418,39.0,True,0.16666666666666666,0.0,5,6,ATTACK,ATTACK,1,39,39,1.0,29,0.9848330292429553,2.9062943758303157,3.847068910831995,0.05568726814710993,0.16433607465999595,0.2175320604169754,17.685066299918077,"{'bias_segment_0_end': {'mean': 0.05568726814710993, 'abs_mean': 0.16433607465999595, 'std': 0.2175320604169754}}"
1,419,36.0,False,0.0,0.11333333333333334,6,5,ATTACK,ATTACK,1,36,36,1.0,26,0.6152735248527731,4.229905590056013,5.087936665686401,0.03725851553626818,0.25614624517081436,0.30810519167290135,16.513634963632775,"{'bias_segment_0_end': {'mean': 0.03725851553626818, 'abs_mean': 0.25614624517081436, 'std': 0.30810519167290135}}"
1,420,25.0,True,0.09340044742729307,0.0,5,6,ATTACK,ATTACK,1,25,25,1.0,15,2.901346490559949,3.4846306557357307,3.811320754074495,0.24143164878410367,0.2899688566516377,0.31715393411136106,12.017258322062121,"{'bias_segment_0_end': {'mean': 0.24143164878410367, 'abs_mean': 0.2899688566516377, 'std': 0.31715393411136106}}"
1,421,23.0,True,0.5157367668097281,0.0,2,6,ATTACK,ATTACK,1,23,23,1.0,16,9.632988069339243,9.632988069339243,2.8168516123875884,0.8628300906135512,0.8628300906135512,0.2523063782978425,11.164409046616939,"{'bias_segment_0_end': {'mean': 0.8628300906135512, 'abs_mean': 0.8628300906135512, 'std': 0.2523063782978425}}"
1,422,20.0,True,0.3333333333333333,0.0,4,6,ATTACK,ATTACK,1,20,20,1.0,12,5.8886674652221584,5.8886674652221584,2.85775442266407,0.5969897405211363,0.5969897405211363,0.2897175093236461,9.863934110629282,"{'bias_segment_0_end': {'mean': 0.5969897405211363, 'abs_mean': 0.5969897405211363, 'std': 0.2897175093236461}}"
1,423,26.0,False,0.0,0.04666666666666667,6,5,ATTACK,ATTACK,1,26,26,1.0,16,4.50926859957304,4.50926859957304,4.08279292478445,0.3624958076513384,0.3624958076513384,0.3282118343722179,12.439505518116826,"{'bias_segment_0_end': {'mean': 0.3624958076513384, 'abs_mean': 0.3624958076513384, 'std': 0.3282118343722179}}"
1,424,26.0,True,0.25098039215686274,0.0,4,6,ATTACK,ATTACK,1,26,26,1.0,16,6.194233769919811,6.194233769919811,2.90992627055237,0.4979485527699285,0.4979485527699285,0.23392620119138735,12.439505518116826,"{'bias_segment_0_end': {'mean': 0.4979485527699285, 'abs_mean': 0.4979485527699285, 'std': 0.23392620119138735}}"
1,425,28.0,False,0.0,0.09333333333333334,6,1,ATTACK,ATTACK,1,28,28,1.0,22,2.684204821638376,3.395245376439621,3.8621856207629515,0.20218859431331593,0.25574795353809876,0.290920378111282,13.27574797557014,"{'bias_segment_0_end': {'mean': 0.20218859431331593, 'abs_mean': 0.25574795353809876, 'std': 0.290920378111282}}"
1,426,26.0,True,0.3670886075949367,0.0,3,6,ATTACK,ATTACK,1,26,26,1.0,18,7.402875188963719,7.402875188963719,2.3724222061998503,0.5951100852185977,0.5951100852185977,0.1907167614295173,12.439505518116826,"{'bias_segment_0_end': {'mean': 0.5951100852185977, 'abs_mean': 0.5951100852185977, 'std': 0.1907167614295173}}"
1,427,24.0,True,0.1844106463878327,0.0,4,6,ATTACK,ATTACK,1,24,24,1.0,15,4.740408717266828,4.74350824401911,3.4221402843621043,0.4089297276318316,0.4091971072411007,0.29520975465781635,11.59223308297782,"{'bias_segment_0_end': {'mean': 0.4089297276318316, 'abs_mean': 0.4091971072411007, 'std': 0.29520975465781635}}"
1,428,27.0,True,0.16666666666666666,0.0,5,6,ATTACK,ATTACK,1,27,27,1.0,17,4.015070880311904,4.015070880311904,3.179019597710948,0.31223830469963876,0.31223830469963876,0.24722146118603136,12.858995260604708,"{'bias_segment_0_end': {'mean': 0.31223830469963876, 'abs_mean': 0.31223830469963876, 'std': 0.24722146118603136}}"
1,429,21.0,True,0.4268051434223541,0.0,3,6,ATTACK,ATTACK,1,21,21,1.0,13,8.708213916735568,8.708213916735568,2.9800152740191406,0.8454346189748494,0.8454346189748494,0.28931398583213125,10.300280732879038,"{'bias_segment_0_end': {'mean': 0.8454346189748494, 'abs_mean': 0.8454346189748494, 'std': 0.28931398583213125}}"
1,430,20.0,True,0.6231182795698925,0.0,2,6,ATTACK,ATTACK,1,20,20,1.0,13,12.171637083065786,12.171637083065786,3.46156447992513,1.2339536078155413,1.2339536078155413,0.35093142767397245,9.863934110629282,"{'bias_segment_0_end': {'mean': 1.2339536078155413, 'abs_mean': 1.2339536078155413, 'std': 0.35093142767397245}}"
1,431,15.0,True,0.8333333333333334,0.0,1,6,ATTACK,ATTACK,1,15,15,1.0,9,15.415555964418843,15.415555964418843,3.043165266303951,2.0181354431988887,2.0181354431988887,0.3983975471021112,7.638514063250427,"{'bias_segment_0_end': {'mean': 2.0181354431988887, 'abs_mean': 2.0181354431988887, 'std': 0.3983975471021112}}"
1,432,31.0,True,0.2866666666666667,0.0,4,6,ATTACK,ATTACK,1,31,31,1.0,22,0.5824072569132352,4.164509619731615,5.117543302648172,0.04013892866702329,0.28701385941769303,0.3526959926016156,14.509785792856013,"{'bias_segment_0_end': {'mean': 0.04013892866702329, 'abs_mean': 0.28701385941769303, 'std': 0.3526959926016156}}"
1,433,35.0,True,0.05333333333333334,0.0,5,6,ATTACK,ATTACK,1,35,35,1.0,25,0.23087582464222964,5.195844682708579,5.772527046309411,0.014324043445592969,0.3223616205248096,0.3581402614601527,16.118062299878208,"{'bias_segment_0_end': {'mean': 0.014324043445592969, 'abs_mean': 0.3223616205248096, 'std': 0.3581402614601527}}"
1,434,24.0,True,0.3671875,0.0,3,6,ATTACK,ATTACK,1,24,24,1.0,16,5.6459494219940005,5.6459494219940005,3.017953529977434,0.4870458850835723,0.4870458850835723,0.26034272330229746,11.59223308297782,"{'bias_segment_0_end': {'mean': 0.4870458850835723, 'abs_mean': 0.4870458850835723, 'std': 0.26034272330229746}}"
1,435,22.0,True,0.8698296836982968,0.0,0,6,ATTACK,ATTACK,1,22,22,1.0,17,14.947195362641713,14.947195362641713,4.254785569768464,1.3925397989638661,1.3925397989638661,0.39639264077381936,10.733765292570691,"{'bias_segment_0_end': {'mean': 1.3925397989638661, 'abs_mean': 1.3925397989638661, 'std': 0.39639264077381936}}"
1,436,25.0,False,0.0,0.10166666666666667,6,3,ATTACK,ATTACK,1,25,25,1.0,17,3.3574384285787477,3.791862072330222,3.7569515070252524,0.27938472641591866,0.31553470606260137,0.3126296702907666,12.017258322062121,"{'bias_segment_0_end': {'mean': 0.27938472641591866, 'abs_mean': 0.31553470606260137, 'std': 0.3126296702907666}}"
1,437,17.0,True,0.7666666666666666,0.0,1,6,ATTACK,ATTACK,1,17,17,1.0,11,14.78299279701734,14.78299279701734,2.497450466470778,1.731535125567175,1.731535125567175,0.29252691024315375,8.537506735345655,"{'bias_segment_0_end': {'mean': 1.731535125567175, 'abs_mean': 1.731535125567175, 'std': 0.29252691024315375}}"
1,438,27.0,False,0.0,0.03833333333333334,6,4,ATTACK,ATTACK,1,27,27,1.0,18,2.462171802225334,4.618910563444751,6.097576771192343,0.1914746644139869,0.3591968477969204,0.47418765211564423,12.858995260604708,"{'bias_segment_0_end': {'mean': 0.1914746644139869, 'abs_mean': 0.3591968477969204, 'std': 0.47418765211564423}}"
1,439,27.0,True,0.3333333333333333,0.0,4,6,ATTACK,ATTACK,1,27,27,1.0,18,5.297585452455459,5.297585452455459,3.1133407199569088,0.4119750684320832,0.4119750684320832,0.2421138399121317,12.858995260604708,"{'bias_segment_0_end': {'mean': 0.4119750684320832, 'abs_mean': 0.4119750684320832, 'std': 0.2421138399121317}}"
1,440,23.0,True,0.3333333333333333,0.0,4,6,ATTACK,ATTACK,1,23,23,1.0,14,7.010053105947065,7.010053105947065,2.038561869787197,0.6278928939880851,0.6278928939880851,0.18259469545366808,11.164409046616939,"{'bias_segment_0_end': {'mean': 0.6278928939880851, 'abs_mean': 0.6278928939880851, 'std': 0.18259469545366808}}"
1,441,29.0,True,0.3496821071752952,0.0,3,6,ATTACK,ATTACK,1,29,29,1.0,21,5.15909874817765,5.482758664799866,4.1787796178101235,0.3768575731867499,0.4005000147583827,0.3052480331388202,13.689783926993247,"{'bias_segment_0_end': {'mean': 0.3768575731867499, 'abs_mean': 0.4005000147583827, 'std': 0.3052480331388202}}"
1,442,27.0,True,0.3333333333333333,0.0,4,6,ATTACK,ATTACK,1,27,27,1.0,18,3.070716646393538,4.300181893619233,4.631350449663968,0.23879911176272833,0.3344104112701114,0.36016425512285116,12.858995260604708,"{'bias_segment_0_end': {'mean': 0.23879911176272833, 'abs_mean': 0.3344104112701114, 'std': 0.36016425512285116}}"
1,443,25.0,True,0.23469387755102042,0.0,4,6,ATTACK,ATTACK,1,25,25,1.0,16,3.6471119095662967,4.285228438096467,4.098995047352058,0.30348951581332606,0.3565895251023559,0.3410923637904027,12.017258322062121,"{'bias_segment_0_end': {'mean': 0.30348951581332606, 'abs_mean': 0.3565895251023559, 'std': 0.3410923637904027}}"
1,444,29.0,True,0.16666666666666666,0.0,5,6,ATTACK,ATTACK,1,29,29,1.0,20,1.3013484803595936,3.9290552380338264,4.680470052317997,0.09505982616669503,0.28700637343783,0.3418951005566375,13.689783926993247,"{'bias_segment_0_end': {'mean': 0.09505982616669503, 'abs_mean': 0.28700637343783, 'std': 0.3418951005566375}}"
1,445,24.0,True,0.24873737373737373,0.0,4,6,ATTACK,ATTACK,1,24,24,1.0,15,5.433650353225182,5.433650353225182,3.0040008597926007,0.468731978931999,0.468731978931999,0.2591391010075283,11.59223308297782,"{'bias_segment_0_end': {'mean': 0.468731978931999, 'abs_mean': 0.468731978931999, 'std': 0.2591391010075283}}"
1,446,26.0,False,0.0,0.135,6,5,ATTACK,ATTACK,1,26,26,1.0,16,3.730009798186133,3.7530053651084767,3.536716402598654,0.2998519348501246,0.30170052657178537,0.2843132628903778,12.439505518116826,"{'bias_segment_0_end': {'mean': 0.2998519348501246, 'abs_mean': 0.30170052657178537, 'std': 0.2843132628903778}}"
1,447,21.0,True,0.537593984962406,0.0,2,6,ATTACK,ATTACK,1,21,21,1.0,14,10.91576337519388,10.91576337519388,2.15073547749894,1.0597539677098495,1.0597539677098495,0.20880357858923973,10.300280732879038,"{'bias_segment_0_end': {'mean': 1.0597539677098495, 'abs_mean': 1.0597539677098495, 'std': 0.20880357858923973}}"
1,448,30.0,True,0.16666666666666666,0.0,5,6,ATTACK,ATTACK,1,30,30,1.0,20,3.5393586989308568,3.663195210826489,3.863790510863014,0.25099835269715387,0.2597803844530634,0.27400586826264955,14.101123218132539,"{'bias_segment_0_end': {'mean': 0.25099835269715387, 'abs_mean': 0.2597803844530634, 'std': 0.27400586826264955}}"
1,449,37.0,False,0.0,0.125,6,4,ATTACK,ATTACK,1,37,37,1.0,25,-2.601302447863341,6.497866866375759,6.745977499038793,-0.15386270273984126,0.38433799150323184,0.39901332175995863,16.906647300104652,"{'bias_segment_0_end': {'mean': -0.15386270273984126, 'abs_mean': 0.38433799150323184, 'std': 0.39901332175995863}}"
1,450,23.0,True,0.19101123595505617,0.0,4,6,ATTACK,ATTACK,1,23,23,1.0,14,5.2404750015132615,5.2404750015132615,3.092816844179574,0.4693911679186675,0.4693911679186675,0.27702468005834713,11.164409046616939,"{'bias_segment_0_end': {'mean': 0.4693911679186675, 'abs_mean': 0.4693911679186675, 'std': 0.27702468005834713}}"
1,451,41.0,True,0.08599290780141844,0.0,5,6,ATTACK,ATTACK,1,41,41,1.0,31,0.7231583077143529,2.87208379686528,3.45017706830289,0.039188205206572034,0.15563923970916346,0.18696631914387016,18.453468432718015,"{'bias_segment_0_end': {'mean': 0.039188205206572034, 'abs_mean': 0.15563923970916346, 'std': 0.18696631914387016}}"
1,452,26.0,True,0.08113207547169811,0.0,5,6,ATTACK,ATTACK,1,26,26,1.0,16,4.643898986219017,4.680488357482667,2.65524379214686,0.37331861619866386,0.3762600009032538,0.21345251933686413,12.439505518116826,"{'bias_segment_0_end': {'mean': 0.37331861619866386, 'abs_mean': 0.3762600009032538, 'std': 0.21345251933686413}}"
1,453,27.0,True,0.03772522522522522,0.0,5,6,ATTACK,ATTACK,1,27,27,1.0,18,4.698291249156396,4.698291249156396,3.161706970498909,0.3653700117263636,0.3653700117263636,0.24587511748956245,12.858995260604708,"{'bias_segment_0_end': {'mean': 0.3653700117263636, 'abs_mean': 0.3653700117263636, 'std': 0.24587511748956245}}"
1,454,23.0,True,0.3421052631578947,0.0,3,6,ATTACK,ATTACK,1,23,23,1.0,16,5.390417275192248,5.401855033069264,3.6891034134170164,0.4828215495047328,0.4838460334545109,0.33043427538467846,11.164409046616939,"{'bias_segment_0_end': {'mean': 0.4828215495047328, 'abs_mean': 0.4838460334545109, 'std': 0.33043427538467846}}"
1,455,19.0,True,0.4660493827160494,0.0,3,6,ATTACK,ATTACK,1,19,19,1.0,11,9.612737054346006,9.612737054346006,2.073057413713559,1.0199510834327021,1.0199510834327021,0.2199599493028255,9.424703998542563,"{'bias_segment_0_end': {'mean': 1.0199510834327021, 'abs_mean': 1.0199510834327021, 'std': 0.2199599493028255}}"
1,456,25.0,True,0.4486754966887417,0.0,3,6,ATTACK,ATTACK,1,25,25,1.0,17,9.561132753072156,9.561132753072156,1.6904381335096361,0.7956168118246374,0.7956168118246374,0.1406675373205727,12.017258322062121,"{'bias_segment_0_end': {'mean': 0.7956168118246374, 'abs_mean': 0.7956168118246374, 'std': 0.1406675373205727}}"
1,457,41.0,True,0.1495388669301713,0.0,5,6,ATTACK,ATTACK,1,41,41,1.0,31,-3.9317237976710313,7.4654272006015665,7.455118402143514,-0.21306150721780204,0.40455414806277606,0.40399551061769956,18.453468432718015,"{'bias_segment_0_end': {'mean': -0.21306150721780204, 'abs_mean': 0.40455414806277606, 'std': 0.40399551061769956}}"
1,458,30.0,True,0.26115023474178406,0.0,4,6,ATTACK,ATTACK,1,30,30,1.0,20,3.7217976447011205,4.399997234000537,4.765567272950532,0.2639362543769057,0.31203168470598214,0.33795657262412415,14.101123218132539,"{'bias_segment_0_end': {'mean': 0.2639362543769057, 'abs_mean': 0.31203168470598214, 'std': 0.33795657262412415}}"
1,459,25.0,True,0.5809748427672956,0.0,2,6,ATTACK,ATTACK,1,25,25,1.0,18,7.915786798177137,7.915786798177137,4.301045437345404,0.6587015595433097,0.6587015595433097,0.3579057154367103,12.017258322062121,"{'bias_segment_0_end': {'mean': 0.6587015595433097, 'abs_mean': 0.6587015595433097, 'std': 0.3579057154367103}}"
1,460,23.0,True,0.453781512605042,0.0,3,6,ATTACK,ATTACK,1,23,23,1.0,15,7.912759625364206,7.912759625364206,2.044634022050906,0.7087486307895491,0.7087486307895491,0.1831385802431231,11.164409046616939,"{'bias_segment_0_end': {'mean': 0.7087486307895491, 'abs_mean': 0.7087486307895491, 'std': 0.1831385802431231}}"
1,461,21.0,True,0.6666666666666666,0.0,2,6,ATTACK,ATTACK,1,21,21,1.0,14,9.30466404120369,9.30466404120369,3.4839240342932696,0.9033408197800586,0.9033408197800586,0.3382358330460257,10.300280732879038,"{'bias_segment_0_end': {'mean': 0.9033408197800586, 'abs_mean': 0.9033408197800586, 'std': 0.3382358330460257}}"
1,462,26.0,True,0.3333333333333333,0.0,4,6,ATTACK,ATTACK,1,26,26,1.0,17,5.073412037178678,5.073412037178678,2.547353336534394,0.4078467612550826,0.4078467612550826,0.20477930837559763,12.439505518116826,"{'bias_segment_0_end': {'mean': 0.4078467612550826, 'abs_mean': 0.4078467612550826, 'std': 0.20477930837559763}}"
1,463,21.0,True,0.215962441314554,0.0,4,6,ATTACK,ATTACK,1,21,21,1.0,12,6.97000587259262,6.97000587259262,2.4584811060152627,0.6766811559168473,0.6766811559168473,0.23868098062295157,10.300280732879038,"{'bias_segment_0_end': {'mean': 0.6766811559168473, 'abs_mean': 0.6766811559168473, 'std': 0.23868098062295157}}"
1,464,29.0,True,0.2795275590551181,0.0,4,6,ATTACK,ATTACK,1,29,29,1.0,20,2.6479561818913653,4.494369800907109,4.991372366364094,0.1934257104431121,0.328301003498324,0.36460563533966406,13.689783926993247,"{'bias_segment_0_end': {'mean': 0.1934257104431121, 'abs_mean': 0.328301003498324, 'std': 0.36460563533966406}}"
1,465,27.0,True,0.3333333333333333,0.0,4,6,ATTACK,ATTACK,1,27,27,1.0,18,6.53985500376794,6.53985500376794,2.750488081102507,0.508582114794278,0.508582114794278,0.2138960335049663,12.858995260604708,"{'bias_segment_0_end': {'mean': 0.508582114794278, 'abs_mean': 0.508582114794278, 'std': 0.2138960335049663}}"
1,466,19.0,True,0.3333333333333333,0.0,4,6,ATTACK,ATTACK,1,19,19,1.0,11,7.584666905677213,7.584666905677213,2.4916464696059912,0.8047644686613084,0.8047644686613084,0.26437397609424124,9.424703998542563,"{'bias_segment_0_end': {'mean': 0.8047644686613084, 'abs_mean': 0.8047644686613084, 'std': 0.26437397609424124}}"
1,467,31.0,False,0.0,0.0033333333333333335,6,5,ATTACK,ATTACK,1,31,31,1.0,21,2.574668897400414,4.168255950907401,5.1144204545367495,0.17744361868305933,0.2872720528348302,0.35248076901692565,14.509785792856013,"{'bias_segment_0_end': {'mean': 0.17744361868305933, 'abs_mean': 0.2872720528348302, 'std': 0.35248076901692565}}"
1,468,28.0,True,0.017543859649122806,0.0,5,6,ATTACK,ATTACK,1,28,28,1.0,19,2.8749294669805217,3.507360525661658,4.053313015838649,0.2165549897656185,0.2641930633299049,0.30531711081722124,13.27574797557014,"{'bias_segment_0_end': {'mean': 0.2165549897656185, 'abs_mean': 0.2641930633299049, 'std': 0.30531711081722124}}"
1,469,29.0,True,0.23873873873873874,0.0,4,6,ATTACK,ATTACK,1,29,29,1.0,19,5.4420559896306235,5.643778709392666,3.893862569001951,0.39752679944787767,0.41226207363758127,0.2844356484928962,13.689783926993247,"{'bias_segment_0_end': {'mean': 0.39752679944787767, 'abs_mean': 0.41226207363758127, 'std': 0.2844356484928962}}"
1,470,18.0,True,0.34027777777777785,0.0,3,6,ATTACK,ATTACK,1,18,18,1.0,10,8.229676931686294,8.229676931686294,1.9746811573368352,0.9161830114713513,0.9161830114713513,0.21983479356994498,8.98256879754819,"{'bias_segment_0_end': {'mean': 0.9161830114713513, 'abs_mean': 0.9161830114713513, 'std': 0.21983479356994498}}"
1,471,21.0,True,0.432192648922687,0.0,3,6,ATTACK,ATTACK,1,21,21,1.0,14,9.05702343146248,9.05702343146248,2.3036183830712305,0.8792986974182158,0.8792986974182158,0.2236461745860925,10.300280732879038,"{'bias_segment_0_end': {'mean': 0.8792986974182158, 'abs_mean': 0.8792986974182158, 'std': 0.2236461745860925}}"
1,472,25.0,True,0.2639455782312925,0.0,4,6,ATTACK,ATTACK,1,25,25,1.0,17,5.345600183186902,5.387666206631493,3.2463928131318043,0.44482693472379436,0.4483274023277373,0.2701442147725035,12.017258322062121,"{'bias_segment_0_end': {'mean': 0.44482693472379436, 'abs_mean': 0.4483274023277373, 'std': 0.2701442147725035}}"
1,473,24.0,True,0.3333333333333333,0.0,4,6,ATTACK,ATTACK,1,24,24,1.0,15,7.092449882300802,7.092449882300802,2.638630373823371,0.6118277497987377,0.6118277497987377,0.2276205416968339,11.59223308297782,"{'bias_segment_0_end': {'mean': 0.6118277497987377, 'abs_mean': 0.6118277497987377, 'std': 0.2276205416968339}}"
1,474,31.0,True,0.2280701754385965,0.0,4,6,ATTACK,ATTACK,1,31,31,1.0,21,2.877758685283557,3.5872470369669207,4.227898910295873,0.1983322652978406,0.2472294965741758,0.2913825862527554,14.509785792856013,"{'bias_segment_0_end': {'mean': 0.1983322652978406, 'abs_mean': 0.2472294965741758, 'std': 0.2913825862527554}}"
1,475,27.0,True,0.0825446898002103,0.0,5,6,ATTACK,ATTACK,1,27,27,1.0,17,4.192506190110533,4.3364397528336935,3.4356973424547745,0.3260368407596237,0.3372300607434681,0.26718240988706976,12.858995260604708,"{'bias_segment_0_end': {'mean': 0.3260368407596237, 'abs_mean': 0.3372300607434681, 'std': 0.26718240988706976}}"
1,476,27.0,False,0.0,0.043333333333333335,6,4,ATTACK,ATTACK,1,27,27,1.0,18,3.083435235611112,4.697201750271398,6.183056089398721,0.23978819286586395,0.3652852851312512,0.4808350857972053,12.858995260604708,"{'bias_segment_0_end': {'mean': 0.23978819286586395, 'abs_mean': 0.3652852851312512, 'std': 0.4808350857972053}}"
1,477,22.0,True,0.23110285006195785,0.0,4,6,ATTACK,ATTACK,1,22,22,1.0,13,7.026498107073641,7.026498107073641,2.3314715607834837,0.6546163359782973,0.6546163359782973,0.2172091057736466,10.733765292570691,"{'bias_segment_0_end': {'mean': 0.6546163359782973, 'abs_mean': 0.6546163359782973, 'std': 0.2172091057736466}}"
1,478,35.0,False,0.0,0.11,6,5,ATTACK,ATTACK,1,35,35,1.0,23,0.10469275078097132,4.72644704463841,5.460800365287283,0.006495368291371007,0.2932391596894451,0.33880005323769885,16.118062299878208,"{'bias_segment_0_end': {'mean': 0.006495368291371007, 'abs_mean': 0.2932391596894451, 'std': 0.33880005323769885}}"
1,479,26.0,True,0.5,0.0,3,6,ATTACK,ATTACK,1,26,26,1.0,19,6.614853184322699,6.628037884716566,3.6645519819587764,0.5317617468547174,0.5328216523609824,0.2945898433520322,12.439505518116826,"{'bias_segment_0_end': {'mean': 0.5317617468547174, 'abs_mean': 0.5328216523609824, 'std': 0.2945898433520322}}"
1,480,31.0,True,0.31392235609103075,0.0,4,6,ATTACK,ATTACK,1,31,31,1.0,21,2.3011025283129483,5.00772419771173,5.735976914448052,0.15858969671667458,0.34512736915642933,0.3953178218021797,14.509785792856013,"{'bias_segment_0_end': {'mean': 0.15858969671667458, 'abs_mean': 0.34512736915642933, 'std': 0.3953178218021797}}"
1,481,26.0,True,0.3800959232613909,0.0,3,6,SWITCH,SWITCH,1,26,26,1.0,18,7.195692158028285,7.195692158028285,3.256149605211534,0.5784548387030755,0.5784548387030755,0.26175876528767933,12.439505518116826,"{'bias_segment_0_end': {'mean': 0.5784548387030755, 'abs_mean': 0.5784548387030755, 'std': 0.26175876528767933}}"
1,482,25.0,True,0.07717041800643086,0.0,5,6,ATTACK,ATTACK,1,25,25,1.0,16,4.316796930013074,4.628318496542476,4.244349814431652,0.3592164547289457,0.38513930320075473,0.3531878653752144,12.017258322062121,"{'bias_segment_0_end': {'mean': 0.3592164547289457, 'abs_mean': 0.38513930320075473, 'std': 0.3531878653752144}}"
1,483,28.0,True,0.19110275689223058,0.0,4,6,ATTACK,ATTACK,1,28,28,1.0,19,3.3511423091043713,5.287037799957514,5.3245840266183135,0.25242587576015296,0.398247828272023,0.401076009910443,13.27574797557014,"{'bias_segment_0_end': {'mean': 0.25242587576015296, 'abs_mean': 0.398247828272023, 'std': 0.401076009910443}}"
1,484,24.0,True,0.46124031007751937,0.0,3,6,ATTACK,ATTACK,1,24,24,1.0,16,4.594111143223554,5.173453947345082,4.9065621270613216,0.396309417722941,0.4462862254677959,0.4232628943828069,11.59223308297782,"{'bias_segment_0_end': {'mean': 0.396309417722941, 'abs_mean': 0.4462862254677959, 'std': 0.4232628943828069}}"
1,485,23.0,True,0.5398009950248756,0.0,2,6,ATTACK,ATTACK,1,23,23,1.0,16,11.042842336293747,11.042842336293747,2.2522503807648433,0.9891112274894632,0.9891112274894632,0.20173484967816763,11.164409046616939,"{'bias_segment_0_end': {'mean': 0.9891112274894632, 'abs_mean': 0.9891112274894632, 'std': 0.20173484967816763}}"
1,486,30.0,True,0.16666666666666666,0.0,5,6,ATTACK,ATTACK,1,30,30,1.0,20,2.7074523484771618,3.6331964715003093,4.268688368592051,0.19200260196263427,0.2576529837586559,0.30271974101346577,14.101123218132539,"{'bias_segment_0_end': {'mean': 0.19200260196263427, 'abs_mean': 0.2576529837586559, 'std': 0.30271974101346577}}"
1,487,44.0,True,0.1745796241345203,0.0,4,6,ATTACK,ATTACK,1,44,44,1.0,35,-3.917423602648176,7.991988722805849,7.989626633844854,-0.1999949717621602,0.4080124390583062,0.4078918480875633,19.587610469061637,"{'bias_segment_0_end': {'mean': -0.1999949717621602, 'abs_mean': 0.4080124390583062, 'std': 0.4078918480875633}}"
1,488,26.0,True,0.5,0.0,3,6,ATTACK,ATTACK,1,26,26,1.0,18,6.167731050627538,6.187634196946165,3.8750522252468476,0.4958180244098039,0.4974180193846556,0.31151175740894543,12.439505518116826,"{'bias_segment_0_end': {'mean': 0.4958180244098039, 'abs_mean': 0.4974180193846556, 'std': 0.31151175740894543}}"
1,489,43.0,False,0.0,0.049999999999999996,6,5,ATTACK,ATTACK,1,43,43,1.0,25,-2.973386114161663,8.597774977461633,9.055677186726147,-0.1547671267503507,0.44752106810822706,0.47135524454531175,19.212000484818233,"{'bias_segment_0_end': {'mean': -0.1547671267503507, 'abs_mean': 0.44752106810822706, 'std': 0.47135524454531175}}"
1,490,35.0,False,0.0,0.0,6,5,ATTACK,ATTACK,1,35,35,1.0,23,0.7473594040053714,3.9051467766173005,5.02183637013378,0.04636781953690665,0.24228388648471771,0.311565762478268,16.118062299878208,"{'bias_segment_0_end': {'mean': 0.04636781953690665, 'abs_mean': 0.24228388648471771, 'std': 0.311565762478268}}"
1,491,29.0,False,0.0,0.13,6,5,ATTACK,ATTACK,1,29,29,1.0,20,2.3042506757310246,3.5702202015221887,4.680484663815826,0.1683189952463419,0.2607944888364891,0.3418961678852315,13.689783926993247,"{'bias_segment_0_end': {'mean': 0.1683189952463419, 'abs_mean': 0.2607944888364891, 'std': 0.3418961678852315}}"
1,492,24.0,False,0.0,0.028333333333333335,6,5,ATTACK,ATTACK,1,24,24,1.0,16,5.407259363603701,5.407259363603701,4.689024484493901,0.466455369288924,0.466455369288924,0.4044970844641938,11.59223308297782,"{'bias_segment_0_end': {'mean': 0.466455369288924, 'abs_mean': 0.466455369288924, 'std': 0.4044970844641938}}"
1,493,25.0,False,0.0,0.14333333333333334,6,5,ATTACK,ATTACK,1,25,25,1.0,15,4.625600679097547,4.625600679097547,2.6658917058530656,0.38491314367483853,0.38491314367483853,0.2218385953274247,12.017258322062121,"{'bias_segment_0_end': {'mean': 0.38491314367483853, 'abs_mean': 0.38491314367483853, 'std': 0.2218385953274247}}"
1,494,31.0,True,0.3333333333333333,0.0,4,6,ATTACK,ATTACK,1,31,31,1.0,22,6.328631875640395,6.720734622600406,4.120345067897072,0.43616301205193114,0.4631863432408081,0.28397008244778843,14.509785792856013,"{'bias_segment_0_end': {'mean': 0.43616301205193114, 'abs_mean': 0.4631863432408081, 'std': 0.28397008244778843}}"
1,495,25.0,False,0.0,0.05833333333333333,6,5,ATTACK,ATTACK,1,25,25,1.0,15,5.240322358785047,5.240322358785047,3.2341292285231775,0.4360663820602489,0.4360663820602489,0.269123717061631,12.017258322062121,"{'bias_segment_0_end': {'mean': 0.4360663820602489, 'abs_mean': 0.4360663820602489, 'std': 0.269123717061631}}"
1,496,44.0,False,0.0,0.008333333333333333,6,4,ATTACK,ATTACK,1,44,44,1.0,35,-2.988695715754642,7.640910020041985,8.51226530618869,-0.15258092458369266,0.3900889305569304,0.4345739527357712,19.587610469061637,"{'bias_segment_0_end': {'mean': -0.15258092458369266, 'abs_mean': 0.3900889305569304, 'std': 0.4345739527357712}}"
1,497,24.0,False,0.0,0.09166666666666667,6,5,ATTACK,ATTACK,1,24,24,1.0,15,4.039550879271935,4.138076872609821,5.795492607670955,0.34847046728241354,0.3569697782117774,0.4999461765637829,11.59223308297782,"{'bias_segment_0_end': {'mean': 0.34847046728241354, 'abs_mean': 0.3569697782117774, 'std': 0.4999461765637829}}"
1,498,25.0,True,0.3988648090815274,0.0,3,6,ATTACK,ATTACK,1,25,25,1.0,18,7.080961854634657,7.2613698038813,3.7817165506059167,0.5892327238763714,0.604245128903518,0.31469046010795804,12.017258322062121,"{'bias_segment_0_end': {'mean': 0.5892327238763714, 'abs_mean': 0.604245128903518, 'std': 0.31469046010795804}}"
1,499,25.0,True,0.5,0.0,3,6,ATTACK,ATTACK,1,25,25,1.0,17,6.155065400777235,6.214802574636071,3.527798953508389,0.512185494879255,0.5171564435147826,0.293561048532327,12.017258322062121,"{'bias_segment_0_end': {'mean': 0.512185494879255, 'abs_mean': 0.5171564435147826, 'std': 0.293561048532327}}"
1,500,26.0,True,0.5,0.0,3,6,ATTACK,ATTACK,1,26,26,1.0,19,6.415574536239673,6.415574536239673,4.1781603862346675,0.5157419261477931,0.5157419261477931,0.3358783337609054,12.439505518116826,"{'bias_segment_0_end': {'mean': 0.5157419261477931, 'abs_mean': 0.5157419261477931, 'std': 0.3358783337609054}}"
1,501,24.0,True,0.5,0.0,3,6,ATTACK,ATTACK,1,24,24,1.0,16,11.387309847943099,11.387309847943099,3.885416343587663,0.9823223676087367,0.9823223676087367,0.3351741045729193,11.59223308297782,"{'bias_segment_0_end': {'mean': 0.9823223676087367, 'abs_mean': 0.9823223676087367, 'std': 0.3351741045729193}}"
1,502,29.0,True,0.3793532338308458,0.0,3,6,ATTACK,ATTACK,1,29,29,1.0,21,5.433103191116093,5.934942244038599,4.744967688071694,0.39687282283566266,0.43353074640836337,0.3466064704436758,13.689783926993247,"{'bias_segment_0_end': {'mean': 0.39687282283566266, 'abs_mean': 0.43353074640836337, 'std': 0.3466064704436758}}"
1,503,20.0,True,0.6666666666666666,0.0,2,6,ATTACK,ATTACK,1,20,20,1.0,13,10.278310562145986,10.278310562145986,2.970453729301077,1.04200924771691,1.04200924771691,0.3011429005897499,9.863934110629282,"{'bias_segment_0_end': {'mean': 1.04200924771691, 'abs_mean': 1.04200924771691, 'std': 0.3011429005897499}}"
1,504,21.0,True,0.6302910052910052,0.0,2,6,ATTACK,ATTACK,1,21,21,1.0,15,9.946474367552861,9.946474367552861,3.763194687538695,0.9656508036526801,0.9656508036526801,0.3653487497215857,10.300280732879038,"{'bias_segment_0_end': {'mean': 0.9656508036526801, 'abs_mean': 0.9656508036526801, 'std': 0.3653487497215857}}"
1,505,40.0,True,0.53125,0.0,2,6,ATTACK,ATTACK,1,40,40,1.0,33,5.558236931128099,7.533408399909905,7.747319120043552,0.30758605349064216,0.4168896338485606,0.4287271922363238,18.070510245995923,"{'bias_segment_0_end': {'mean': 0.30758605349064216, 'abs_mean': 0.4168896338485606, 'std': 0.4287271922363238}}"
1,506,33.0,False,0.0,0.034999999999999996,6,5,ATTACK,ATTACK,1,33,33,1.0,23,0.9356497156919934,3.3680878349583967,4.465222189582287,0.06107709098674855,0.2198611336027313,0.29147957550274456,15.319159779482533,"{'bias_segment_0_end': {'mean': 0.06107709098674855, 'abs_mean': 0.2198611336027313, 'std': 0.29147957550274456}}"
1,507,26.0,False,0.0,0.16666666666666666,6,5,ATTACK,ATTACK,1,26,26,1.0,16,2.1908298128463075,4.116644481413649,5.351913365494209,0.17611872189417782,0.33093312876610653,0.4302352177664709,12.439505518116826,"{'bias_segment_0_end': {'mean': 0.17611872189417782, 'abs_mean': 0.33093312876610653, 'std': 0.4302352177664709}}"
1,508,20.0,False,0.0,0.04833333333333333,6,5,ATTACK,ATTACK,1,20,20,1.0,11,5.707786870968619,5.707786870968619,3.205334564463413,0.5786521693021005,0.5786521693021005,0.3249549853551206,9.863934110629282,"{'bias_segment_0_end': {'mean': 0.5786521693021005, 'abs_mean': 0.5786521693021005, 'std': 0.3249549853551206}}"
1,509,34.0,False,0.0,0.14666666666666667,6,5,ATTACK,ATTACK,1,34,34,1.0,21,-0.3512519757519075,4.441144949294384,5.603293388754623,-0.022344400774740723,0.28251719419747756,0.35644563384668304,15.71991029399101,"{'bias_segment_0_end': {'mean': -0.022344400774740723, 'abs_mean': 0.28251719419747756, 'std': 0.35644563384668304}}"
1,510,28.0,True,0.05246913580246914,0.0,5,6,ATTACK,ATTACK,1,28,28,1.0,18,3.9993223170389416,4.05682834232308,2.9623530262271665,0.3012502440087325,0.30558190391896595,0.22314019757519127,13.27574797557014,"{'bias_segment_0_end': {'mean': 0.3012502440087325, 'abs_mean': 0.30558190391896595, 'std': 0.22314019757519127}}"
1,511,20.0,True,0.5024875621890548,0.0,2,6,ATTACK,ATTACK,1,20,20,1.0,13,8.598216129315176,8.598216129315176,3.3813297308532273,0.8716822347839711,0.8716822347839711,0.3427972746907888,9.863934110629282,"{'bias_segment_0_end': {'mean': 0.8716822347839711, 'abs_mean': 0.8716822347839711, 'std': 0.3427972746907888}}"
1,512,33.0,True,0.27436379056931365,0.0,3,6,ATTACK,ATTACK,1,33,33,1.0,22,1.6384070597934082,4.214514728805392,5.112983994419373,0.10695149625554412,0.27511396117494863,0.3337639967217631,15.319159779482533,"{'bias_segment_0_end': {'mean': 0.10695149625554412, 'abs_mean': 0.27511396117494863, 'std': 0.3337639967217631}}"
1,513,29.0,True,0.510976430976431,0.0,2,6,ATTACK,ATTACK,1,29,29,1.0,22,6.325122890475854,6.6245377751493235,4.5898782525343345,0.46203233916673464,0.48390374972151257,0.33527762578371323,13.689783926993247,"{'bias_segment_0_end': {'mean': 0.46203233916673464, 'abs_mean': 0.48390374972151257, 'std': 0.33527762578371323}}"
1,514,32.0,True,0.31699346405228757,0.0,4,6,ATTACK,ATTACK,1,32,32,1.0,24,3.7784554810020587,4.483371823920461,3.895646166999559,0.25331914145964374,0.30057887594289995,0.2611759612933607,14.91579143696097,"{'bias_segment_0_end': {'mean': 0.25331914145964374, 'abs_mean': 0.30057887594289995, 'std': 0.2611759612933607}}"
1,515,21.0,True,0.181924882629108,0.0,4,6,ATTACK,ATTACK,1,21,21,1.0,13,6.803383302009822,6.803383302009822,2.9998382894447126,0.6605046482173116,0.6605046482173116,0.29123849798278517,10.300280732879038,"{'bias_segment_0_end': {'mean': 0.6605046482173116, 'abs_mean': 0.6605046482173116, 'std': 0.29123849798278517}}"
1,516,27.0,True,0.2898009950248756,0.0,4,6,ATTACK,ATTACK,1,27,27,1.0,18,4.726233659378202,4.908859684366978,4.129233869551554,0.36754299722449274,0.38174519741880153,0.3211163691927025,12.858995260604708,"{'bias_segment_0_end': {'mean': 0.36754299722449274, 'abs_mean': 0.38174519741880153, 'std': 0.3211163691927025}}"
1,517,27.0,True,0.16666666666666666,0.0,5,6,ATTACK,ATTACK,1,27,27,1.0,17,4.6711717362452,4.883288548269031,3.4545744750282776,0.3632610201324184,0.3797566177841013,0.26865041980471366,12.858995260604708,"{'bias_segment_0_end': {'mean': 0.3632610201324184, 'abs_mean': 0.3797566177841013, 'std': 0.26865041980471366}}"
1,518,27.0,True,0.3973880597014925,0.0,3,6,ATTACK,ATTACK,1,27,27,1.0,19,4.008758898545592,4.789257840229471,4.430665617606184,0.3117474435057126,0.37244417181659745,0.3445576833813863,12.858995260604708,"{'bias_segment_0_end': {'mean': 0.3117474435057126, 'abs_mean': 0.37244417181659745, 'std': 0.3445576833813863}}"
1,519,39.0,True,0.304257528556594,0.0,4,6,ATTACK,ATTACK,1,39,39,1.0,30,2.0076980801212354,4.060635178133842,4.7273879327475035,0.11352505249757168,0.2296081399566284,0.2673095962761192,17.685066299918077,"{'bias_segment_0_end': {'mean': 0.11352505249757168, 'abs_mean': 0.2296081399566284, 'std': 0.2673095962761192}}"
1,520,30.0,False,0.0,0.08833333333333333,6,4,ATTACK,ATTACK,1,30,30,1.0,21,2.544308999783314,3.915923499739117,5.128297835462003,0.18043307333926453,0.277702948847625,0.3636800952754997,14.101123218132539,"{'bias_segment_0_end': {'mean': 0.18043307333926453, 'abs_mean': 0.277702948847625, 'std': 0.3636800952754997}}"
1,521,25.0,True,0.16666666666666666,0.0,5,6,ATTACK,ATTACK,1,25,25,1.0,17,4.058298070607556,4.402172309733191,4.110318890387531,0.33770581956760054,0.3663208522073106,0.34203466216928374,12.017258322062121,"{'bias_segment_0_end': {'mean': 0.33770581956760054, 'abs_mean': 0.3663208522073106, 'std': 0.34203466216928374}}"
1,522,31.0,True,0.4695290858725762,0.0,3,6,ATTACK,ATTACK,1,31,31,1.0,23,4.903510445212598,6.187971061019926,6.012561225735688,0.33794506102404864,0.42646880866198683,0.41437973734222944,14.509785792856013,"{'bias_segment_0_end': {'mean': 0.33794506102404864, 'abs_mean': 0.42646880866198683, 'std': 0.41437973734222944}}"
1,523,27.0,True,0.14242424242424243,0.0,5,6,ATTACK,ATTACK,1,27,27,1.0,18,3.4637623543787446,3.7043563825673824,4.02121591076194,0.26936492969948084,0.2880751028749645,0.3127161826617578,12.858995260604708,"{'bias_segment_0_end': {'mean': 0.26936492969948084, 'abs_mean': 0.2880751028749645, 'std': 0.3127161826617578}}"
1,524,32.0,True,0.23072360616844603,0.0,4,6,ATTACK,ATTACK,1,32,32,1.0,23,2.913780734011855,3.861498280958419,4.4714216781789835,0.19534871792264252,0.2588865832080301,0.2997777018455024,14.91579143696097,"{'bias_segment_0_end': {'mean': 0.19534871792264252, 'abs_mean': 0.2588865832080301, 'std': 0.2997777018455024}}"
1,525,28.0,True,0.10740740740740741,0.0,5,6,ATTACK,ATTACK,1,28,28,1.0,18,0.9223293965721092,4.130220122692644,4.849906214112483,0.06947475940861246,0.31111016345693077,0.3653207505172001,13.27574797557014,"{'bias_segment_0_end': {'mean': 0.06947475940861246, 'abs_mean': 0.31111016345693077, 'std': 0.3653207505172001}}"
1,526,29.0,False,0.0,0.07333333333333333,6,5,ATTACK,ATTACK,1,29,29,1.0,19,2.255788630127239,3.6085082468512426,4.596494436387077,0.16477897986974938,0.26359132226594584,0.33576091930302865,13.689783926993247,"{'bias_segment_0_end': {'mean': 0.16477897986974938, 'abs_mean': 0.26359132226594584, 'std': 0.33576091930302865}}"
1,527,23.0,True,0.5133079847908745,0.0,2,6,ATTACK,ATTACK,1,23,23,1.0,15,8.09595648099218,8.09595648099218,3.168484901370095,0.7251576368428951,0.7251576368428951,0.28380229424952996,11.164409046616939,"{'bias_segment_0_end': {'mean': 0.7251576368428951, 'abs_mean': 0.7251576368428951, 'std': 0.28380229424952996}}"
1,528,30.0,False,0.0,0.011666666666666667,6,3,ATTACK,ATTACK,1,30,30,1.0,22,2.633781611528513,4.804878221274668,7.011176823398667,0.18677814318661873,0.34074436106594036,0.49720697528428387,14.101123218132539,"{'bias_segment_0_end': {'mean': 0.18677814318661873, 'abs_mean': 0.34074436106594036, 'std': 0.49720697528428387}}"
1,529,30.0,True,0.26305220883534136,0.0,4,6,ATTACK,ATTACK,1,30,30,1.0,21,3.3153431451385393,4.103195045805316,4.103885699235686,0.2351119902899197,0.29098356083641946,0.2910325394475334,14.101123218132539,"{'bias_segment_0_end': {'mean': 0.2351119902899197, 'abs_mean': 0.29098356083641946, 'std': 0.2910325394475334}}"
1,530,19.0,True,0.6666666666666666,0.0,2,6,ATTACK,ATTACK,1,19,19,1.0,12,12.173882535656398,12.173882535656398,2.7922422398147564,1.291699191564952,1.291699191564952,0.29626842819111865,9.424703998542563,"{'bias_segment_0_end': {'mean': 1.291699191564952, 'abs_mean': 1.291699191564952, 'std': 0.29626842819111865}}"
1,531,29.0,True,0.40012254901960786,0.0,3,6,ATTACK,ATTACK,1,29,29,1.0,21,4.837042339591477,4.987122623591313,3.578417614103407,0.3533322633422937,0.36429520364874446,0.261393286642571,13.689783926993247,"{'bias_segment_0_end': {'mean': 0.3533322633422937, 'abs_mean': 0.36429520364874446, 'std': 0.261393286642571}}"
1,532,25.0,True,0.4269932756964457,0.0,3,6,ATTACK,ATTACK,1,25,25,1.0,17,4.694180391011608,5.863935395150303,5.4689658546060205,0.39061991223020515,0.4879595027415597,0.45509264326670185,12.017258322062121,"{'bias_segment_0_end': {'mean': 0.39061991223020515, 'abs_mean': 0.4879595027415597, 'std': 0.45509264326670185}}"
1,533,24.0,True,0.1641123882503193,0.0,5,6,ATTACK,ATTACK,1,24,24,1.0,15,5.985271134646841,5.985271134646841,2.259789932324257,0.5163173559230524,0.5163173559230524,0.19494000130506006,11.59223308297782,"{'bias_segment_0_end': {'mean': 0.5163173559230524, 'abs_mean': 0.5163173559230524, 'std': 0.19494000130506006}}"
1,534,22.0,True,0.5694444444444445,0.0,2,6,ATTACK,ATTACK,1,22,22,1.0,15,9.985251909633234,9.985251909633234,3.0459598299634227,0.9302655347368612,0.9302655347368612,0.28377365695443935,10.733765292570691,"{'bias_segment_0_end': {'mean': 0.9302655347368612, 'abs_mean': 0.9302655347368612, 'std': 0.28377365695443935}}"
1,535,21.0,True,0.3333333333333333,0.0,4,6,ATTACK,ATTACK,1,21,21,1.0,13,8.965396174251612,8.965396174251612,1.3278014657214516,0.8704030896588668,0.8704030896588668,0.1289092501608271,10.300280732879038,"{'bias_segment_0_end': {'mean': 0.8704030896588668, 'abs_mean': 0.8704030896588668, 'std': 0.1289092501608271}}"
1,536,22.0,True,0.23739237392373924,0.0,4,6,ATTACK,ATTACK,1,22,22,1.0,13,6.540357249030317,6.540357249030317,2.375608335049495,0.6093255321650441,0.6093255321650441,0.22132106211543098,10.733765292570691,"{'bias_segment_0_end': {'mean': 0.6093255321650441, 'abs_mean': 0.6093255321650441, 'std': 0.22132106211543098}}"
1,537,28.0,True,0.16666666666666666,0.0,5,6,ATTACK,ATTACK,1,28,28,1.0,18,2.5405899845368483,3.4947819816366055,3.9983294813922297,0.19137076036785342,0.2632455804424472,0.3011754583432816,13.27574797557014,"{'bias_segment_0_end': {'mean': 0.19137076036785342, 'abs_mean': 0.2632455804424472, 'std': 0.3011754583432816}}"
1,538,23.0,True,0.6975717439293598,0.0,1,6,ATTACK,ATTACK,1,23,23,1.0,17,11.453505401996766,11.453505401996766,4.170791349656083,1.0258944610657588,1.0258944610657588,0.37357923130915066,11.164409046616939,"{'bias_segment_0_end': {'mean': 1.0258944610657588, 'abs_mean': 1.0258944610657588, 'std': 0.37357923130915066}}"
1,539,22.0,False,0.0,0.10666666666666667,6,4,ATTACK,ATTACK,1,22,22,1.0,13,5.278334320272217,5.278334320272217,2.964220277041655,0.4917504879602298,0.4917504879602298,0.2761584771276228,10.733765292570691,"{'bias_segment_0_end': {'mean': 0.4917504879602298, 'abs_mean': 0.4917504879602298, 'std': 0.2761584771276228}}"
1,540,24.0,True,0.17316945909907822,0.0,4,6,ATTACK,ATTACK,1,24,24,1.0,16,5.308967449935387,5.37196211240704,3.0143353555790675,0.45797625116174895,0.4634104640541861,0.2600306027322169,11.59223308297782,"{'bias_segment_0_end': {'mean': 0.45797625116174895, 'abs_mean': 0.4634104640541861, 'std': 0.2600306027322169}}"
1,541,20.0,True,0.4052044609665428,0.0,3,6,ATTACK,ATTACK,1,20,20,1.0,11,7.772195840847769,7.772195840847769,2.832772351212038,0.7879407702523606,0.7879407702523606,0.2871848412044307,9.863934110629282,"{'bias_segment_0_end': {'mean': 0.7879407702523606, 'abs_mean': 0.7879407702523606, 'std': 0.2871848412044307}}"
1,542,21.0,False,0.0,0.06833333333333333,6,4,ATTACK,ATTACK,1,21,21,1.0,12,6.017188591505381,6.017188591505381,2.796833133432909,0.584177145026562,0.584177145026562,0.27152979670789656,10.300280732879038,"{'bias_segment_0_end': {'mean': 0.584177145026562, 'abs_mean': 0.584177145026562, 'std': 0.27152979670789656}}"
1,543,43.0,True,0.22023809523809523,0.0,4,6,ATTACK,ATTACK,1,43,43,1.0,33,-1.6188324035790183,6.202516239986118,7.36628091821053,-0.08426152210740662,0.32284593397171163,0.38342081679789336,19.212000484818233,"{'bias_segment_0_end': {'mean': -0.08426152210740662, 'abs_mean': 0.32284593397171163, 'std': 0.38342081679789336}}"
1,544,31.0,True,0.31714628297362113,0.0,4,6,ATTACK,ATTACK,1,31,31,1.0,22,1.9748161816312921,4.791589819244504,5.4540961079144195,0.13610236634944714,0.3302316028403172,0.375890877079645,14.509785792856013,"{'bias_segment_0_end': {'mean': 0.13610236634944714, 'abs_mean': 0.3302316028403172, 'std': 0.375890877079645}}"
1,545,31.0,True,0.06277056277056277,0.0,5,6,ATTACK,ATTACK,1,31,31,1.0,21,1.0609584447361309,3.9130976378914597,4.7314932368070695,0.07312020038631449,0.26968679577737803,0.32608980617320005,14.509785792856013,"{'bias_segment_0_end': {'mean': 0.07312020038631449, 'abs_mean': 0.26968679577737803, 'std': 0.32608980617320005}}"
1,546,24.0,True,0.24558303886925795,0.0,4,6,ATTACK,ATTACK,1,24,24,1.0,16,7.306144573958824,7.306144573958824,2.5914481615722322,0.630262048878853,0.630262048878853,0.2235503843843122,11.59223308297782,"{'bias_segment_0_end': {'mean': 0.630262048878853, 'abs_mean': 0.630262048878853, 'std': 0.2235503843843122}}"
1,547,26.0,True,0.19246231304868966,0.0,3,6,ATTACK,ATTACK,1,26,26,1.0,18,4.614799558482294,4.975067163382752,3.746714403769763,0.37097934092004914,0.39994091052390246,0.30119480218189293,12.439505518116826,"{'bias_segment_0_end': {'mean': 0.37097934092004914, 'abs_mean': 0.39994091052390246, 'std': 0.30119480218189293}}"
1,548,18.0,True,0.6742712294043093,0.0,1,6,ATTACK,ATTACK,1,18,18,1.0,12,10.923323786510785,10.923323786510785,4.071526549709282,1.2160579042258302,1.2160579042258302,0.4532697317966118,8.98256879754819,"{'bias_segment_0_end': {'mean': 1.2160579042258302, 'abs_mean': 1.2160579042258302, 'std': 0.4532697317966118}}"
1,549,31.0,False,0.0,0.10666666666666667,6,5,ATTACK,ATTACK,1,31,31,1.0,20,2.188315789209693,3.215214652007281,4.004699083199067,0.150816546877427,0.2215893947648981,0.2759998762470226,14.509785792856013,"{'bias_segment_0_end': {'mean': 0.150816546877427, 'abs_mean': 0.2215893947648981, 'std': 0.2759998762470226}}"
1,550,24.0,True,0.3333333333333333,0.0,4,6,ATTACK,ATTACK,1,24,24,1.0,16,9.63495764997811,9.63495764997811,2.360449680094606,0.8311563079357164,0.8311563079357164,0.20362337982668063,11.59223308297782,"{'bias_segment_0_end': {'mean': 0.8311563079357164, 'abs_mean': 0.8311563079357164, 'std': 0.20362337982668063}}"
1,551,23.0,True,0.4586247086247086,0.0,3,6,ATTACK,ATTACK,1,23,23,1.0,16,7.414114547783217,7.414114547783217,3.11963713096746,0.6640848178193414,0.6640848178193414,0.2794269824709422,11.164409046616939,"{'bias_segment_0_end': {'mean': 0.6640848178193414, 'abs_mean': 0.6640848178193414, 'std': 0.2794269824709422}}"
1,552,34.0,False,0.0,0.075,6,5,ATTACK,ATTACK,1,34,34,1.0,24,1.970053832147119,3.727391013828335,4.78417659981003,0.1253222057444042,0.23711274072938845,0.3043386705354672,15.71991029399101,"{'bias_segment_0_end': {'mean': 0.1253222057444042, 'abs_mean': 0.23711274072938845, 'std': 0.3043386705354672}}"
1,553,28.0,True,0.37545787545787546,0.0,3,6,ATTACK,ATTACK,1,28,28,1.0,20,4.867705179674963,6.475257956941091,5.606738823244232,0.3666614633414592,0.487750895004694,0.4223294110103386,13.27574797557014,"{'bias_segment_0_end': {'mean': 0.3666614633414592, 'abs_mean': 0.487750895004694, 'std': 0.4223294110103386}}"
1,554,21.0,False,0.0,0.05333333333333334,6,3,ATTACK,ATTACK,1,21,21,1.0,14,5.470425307639588,5.511050907761522,6.228871635321526,0.5310947778518019,0.535038903373765,0.6047283367179147,10.300280732879038,"{'bias_segment_0_end': {'mean': 0.5310947778518019, 'abs_mean': 0.535038903373765, 'std': 0.6047283367179147}}"
1,555,25.0,True,0.3333333333333333,0.0,4,6,ATTACK,ATTACK,1,25,25,1.0,17,4.626158197102917,4.6889204997650475,3.470139414686099,0.38495953678634787,0.3901822174494493,0.2887629875040112,12.017258322062121,"{'bias_segment_0_end': {'mean': 0.38495953678634787, 'abs_mean': 0.3901822174494493, 'std': 0.2887629875040112}}"
1,556,27.0,True,0.1277777777777778,0.0,5,6,ATTACK,ATTACK,1,27,27,1.0,18,2.224938357728896,3.6461089700892577,4.230228363134511,0.1730258323171873,0.28354540119161653,0.32897036490046744,12.858995260604708,"{'bias_segment_0_end': {'mean': 0.1730258323171873, 'abs_mean': 0.28354540119161653, 'std': 0.32897036490046744}}"
1,557,29.0,True,0.3333333333333333,0.0,4,6,ATTACK,ATTACK,1,29,29,1.0,20,4.653233815558358,4.883085918577266,4.275154659692316,0.33990557048772724,0.35669561657206966,0.31228795739154436,13.689783926993247,"{'bias_segment_0_end': {'mean': 0.33990557048772724, 'abs_mean': 0.35669561657206966, 'std': 0.31228795739154436}}"
1,558,20.0,True,0.48295747563480623,0.0,2,6,ATTACK,ATTACK,1,20,20,1.0,13,8.834176612866202,8.834176612866202,3.21758312549572,0.8956037736856512,0.8956037736856512,0.3261967374689255,9.863934110629282,"{'bias_segment_0_end': {'mean': 0.8956037736856512, 'abs_mean': 0.8956037736856512, 'std': 0.3261967374689255}}"
1,559,50.0,True,0.15024630541871922,0.0,5,6,ATTACK,ATTACK,1,50,50,1.0,40,1.1783199813343976,5.517749682563603,6.201715146620549,0.054073199796486275,0.2532099817864225,0.28459721257068243,21.791201293232252,"{'bias_segment_0_end': {'mean': 0.054073199796486275, 'abs_mean': 0.2532099817864225, 'std': 0.28459721257068243}}"
1,560,21.0,True,0.3436293436293436,0.0,3,6,ATTACK,ATTACK,1,21,21,1.0,14,7.914140176094293,7.914140176094293,2.3628625753233843,0.7683421822506198,0.7683421822506198,0.22939788114521992,10.300280732879038,"{'bias_segment_0_end': {'mean': 0.7683421822506198, 'abs_mean': 0.7683421822506198, 'std': 0.22939788114521992}}"
1,561,26.0,True,0.26851851851851855,0.0,4,6,ATTACK,ATTACK,1,26,26,1.0,15,4.301451888734134,4.4176614686937645,3.8222567391466735,0.34578962021195486,0.35513159765554253,0.3072675785689359,12.439505518116826,"{'bias_segment_0_end': {'mean': 0.34578962021195486, 'abs_mean': 0.35513159765554253, 'std': 0.3072675785689359}}"
1,562,32.0,True,0.5462962962962963,0.0,2,6,ATTACK,ATTACK,1,32,32,1.0,26,3.2008627206775806,5.254360835468922,5.666722620431165,0.2145955670006166,0.352268322983435,0.37991431057350156,14.91579143696097,"{'bias_segment_0_end': {'mean': 0.2145955670006166, 'abs_mean': 0.352268322983435, 'std': 0.37991431057350156}}"
1,563,24.0,True,0.4588014981273408,0.0,3,6,ATTACK,ATTACK,1,24,24,1.0,16,10.052887418540429,10.052887418540429,2.016193932472838,0.8672088756826511,0.8672088756826511,0.17392627615756298,11.59223308297782,"{'bias_segment_0_end': {'mean': 0.8672088756826511, 'abs_mean': 0.8672088756826511, 'std': 0.17392627615756298}}"
1,564,17.0,True,0.5284414106939704,0.0,2,6,ATTACK,ATTACK,1,17,17,1.0,10,10.657763129802552,10.657763129802552,2.373811634741867,1.2483460874682468,1.2483460874682468,0.27804506729279427,8.537506735345655,"{'bias_segment_0_end': {'mean': 1.2483460874682468, 'abs_mean': 1.2483460874682468, 'std': 0.27804506729279427}}"
1,565,31.0,False,0.0,0.043333333333333335,6,5,ATTACK,ATTACK,1,31,31,1.0,21,2.2536487095302653,3.7638115631742464,4.908440212457911,0.1553192267414357,0.25939814804346617,0.3382848156776107,14.509785792856013,"{'bias_segment_0_end': {'mean': 0.1553192267414357, 'abs_mean': 0.25939814804346617, 'std': 0.3382848156776107}}"
1,566,24.0,True,0.3683127572016461,0.0,3,6,ATTACK,ATTACK,1,24,24,1.0,17,5.848138231706727,5.848138231706727,3.201010816685175,0.5044876332148814,0.5044876332148814,0.27613409718146364,11.59223308297782,"{'bias_segment_0_end': {'mean': 0.5044876332148814, 'abs_mean': 0.5044876332148814, 'std': 0.27613409718146364}}"
1,567,33.0,True,0.24081115335868186,0.0,4,6,ATTACK,ATTACK,1,33,33,1.0,23,2.6634258674068962,5.99228028059936,6.399572686723483,0.1738623988356145,0.3911624636636418,0.41774958802209544,15.319159779482533,"{'bias_segment_0_end': {'mean': 0.1738623988356145, 'abs_mean': 0.3911624636636418, 'std': 0.41774958802209544}}"
1,568,25.0,True,0.28579059829059833,0.0,4,6,ATTACK,ATTACK,1,25,25,1.0,17,5.191969697652235,5.191969697652235,3.2679491560189655,0.43204278035036103,0.43204278035036103,0.2719379968739988,12.017258322062121,"{'bias_segment_0_end': {'mean': 0.43204278035036103, 'abs_mean': 0.43204278035036103, 'std': 0.2719379968739988}}"
1,569,17.0,True,0.5381501496180802,0.0,2,6,ATTACK,ATTACK,1,17,17,1.0,11,11.662410553041868,11.662410553041868,1.9549181778224523,1.3660206562132446,1.3660206562132446,0.22897998659597005,8.537506735345655,"{'bias_segment_0_end': {'mean': 1.3660206562132446, 'abs_mean': 1.3660206562132446, 'std': 0.22897998659597005}}"
1,570,27.0,True,0.022522522522522525,0.0,5,6,ATTACK,ATTACK,1,27,27,1.0,17,3.592174954295556,4.332475040863204,4.757928923887573,0.27935113758853897,0.33692173867863023,0.3700078293413903,12.858995260604708,"{'bias_segment_0_end': {'mean': 0.27935113758853897, 'abs_mean': 0.33692173867863023, 'std': 0.3700078293413903}}"
1,571,24.0,True,0.18627450980392157,0.0,4,6,ATTACK,ATTACK,1,24,24,1.0,15,5.122447866869082,5.122447866869082,2.7773406719030627,0.44188620347799495,0.44188620347799495,0.23958633785420902,11.59223308297782,"{'bias_segment_0_end': {'mean': 0.44188620347799495, 'abs_mean': 0.44188620347799495, 'std': 0.23958633785420902}}"
1,572,25.0,True,0.1700542005420054,0.0,4,6,ATTACK,ATTACK,1,25,25,1.0,16,4.270519693074597,4.566183959576976,3.8049536405609223,0.35536555665400643,0.37996886121637713,0.3166241033177695,12.017258322062121,"{'bias_segment_0_end': {'mean': 0.35536555665400643, 'abs_mean': 0.37996886121637713, 'std': 0.3166241033177695}}"
1,573,74.0,True,0.0400763358778626,0.0,5,6,ATTACK,ATTACK,1,74,74,1.0,64,-13.232659183620079,15.841229815526997,14.480836933120798,-0.4439148139474584,0.5314242956520248,0.48578731937167713,29.809005619682456,"{'bias_segment_0_end': {'mean': -0.4439148139474584, 'abs_mean': 0.5314242956520248, 'std': 0.48578731937167713}}"
1,574,35.0,True,0.03696236559139785,0.0,5,6,ATTACK,ATTACK,1,35,35,1.0,25,0.891620437199777,4.115543300054891,5.119019499026282,0.055318091009395984,0.2553373490860616,0.3175952173273931,16.118062299878208,"{'bias_segment_0_end': {'mean': 0.055318091009395984, 'abs_mean': 0.2553373490860616, 'std': 0.3175952173273931}}"
1,575,31.0,False,0.0,0.04666666666666667,6,5,ATTACK,ATTACK,1,31,31,1.0,21,3.9445979188050493,4.411403818094616,4.025438585582053,0.2718577637960168,0.30402956191583475,0.2774292221160152,14.509785792856013,"{'bias_segment_0_end': {'mean': 0.2718577637960168, 'abs_mean': 0.30402956191583475, 'std': 0.2774292221160152}}"
1,576,22.0,False,0.0,0.16666666666666666,6,4,ATTACK,ATTACK,1,22,22,1.0,13,4.647625062279386,4.669905565069104,4.0268019648750935,0.4329911205992376,0.4350668603030989,0.3751527870338491,10.733765292570691,"{'bias_segment_0_end': {'mean': 0.4329911205992376, 'abs_mean': 0.4350668603030989, 'std': 0.3751527870338491}}"
1,577,19.0,True,0.38660801564027364,0.0,3,6,ATTACK,ATTACK,1,19,19,1.0,12,7.976273286742182,7.976273286742182,2.9369157479835954,0.8463155222673976,0.8463155222673976,0.3116188846289242,9.424703998542563,"{'bias_segment_0_end': {'mean': 0.8463155222673976, 'abs_mean': 0.8463155222673976, 'std': 0.3116188846289242}}"
1,578,21.0,True,0.5533333333333333,0.0,2,6,ATTACK,ATTACK,1,21,21,1.0,14,9.714165071535257,9.714165071535257,2.0286736384608646,0.9430971177831233,0.9430971177831233,0.19695323759334357,10.300280732879038,"{'bias_segment_0_end': {'mean': 0.9430971177831233, 'abs_mean': 0.9430971177831233, 'std': 0.19695323759334357}}"
1,579,40.0,True,0.04695562435500516,0.0,5,6,ATTACK,ATTACK,1,40,40,1.0,30,-2.138177468018934,7.505995238839995,8.593509177206135,-0.11832413356964908,0.4153726229453415,0.4755543180697009,18.070510245995923,"{'bias_segment_0_end': {'mean': -0.11832413356964908, 'abs_mean': 0.4153726229453415, 'std': 0.4755543180697009}}"
1,580,27.0,True,0.27212121212121215,0.0,4,6,SWITCH,SWITCH,1,27,27,1.0,18,2.9184875139178614,3.8867611751487092,4.258816315368353,0.22696077374404572,0.30226009858300007,0.3311935519889194,12.858995260604708,"{'bias_segment_0_end': {'mean': 0.22696077374404572, 'abs_mean': 0.30226009858300007, 'std': 0.3311935519889194}}"
1,581,25.0,True,0.34232613908872905,0.0,3,6,ATTACK,ATTACK,1,25,25,1.0,19,5.269844567952528,5.811644515382954,4.350261026329772,0.438523033018087,0.48360818746098966,0.36200112452798483,12.017258322062121,"{'bias_segment_0_end': {'mean': 0.438523033018087, 'abs_mean': 0.48360818746098966, 'std': 0.36200112452798483}}"
1,582,38.0,False,0.0,0.06833333333333333,6,5,ATTACK,ATTACK,1,38,38,1.0,28,-0.11214217322391225,3.749153406748991,4.855294534857838,-0.006483286527696925,0.21675017590136966,0.28069962210374094,17.297118173758776,"{'bias_segment_0_end': {'mean': -0.006483286527696925, 'abs_mean': 0.21675017590136966, 'std': 0.28069962210374094}}"
1,583,27.0,True,0.5412054120541205,0.0,2,6,ATTACK,ATTACK,1,27,27,1.0,20,5.924517631941769,6.6928866075739375,5.577206571175039,0.4607294358442094,0.5204828582586474,0.43372024471162035,12.858995260604708,"{'bias_segment_0_end': {'mean': 0.4607294358442094, 'abs_mean': 0.5204828582586474, 'std': 0.43372024471162035}}"
1,584,18.0,True,0.6255411255411255,0.0,2,6,ATTACK,ATTACK,1,18,18,1.0,11,11.710641062511762,11.710641062511762,2.577940747558851,1.3037073610511287,1.3037073610511287,0.2869937103362354,8.98256879754819,"{'bias_segment_0_end': {'mean': 1.3037073610511287, 'abs_mean': 1.3037073610511287, 'std': 0.2869937103362354}}"
1,585,27.0,True,0.08888888888888889,0.0,5,6,ATTACK,ATTACK,1,27,27,1.0,17,2.789734240342467,3.7837072191857373,4.268187426921572,0.21694807283187978,0.2942459455427005,0.3319223112242485,12.858995260604708,"{'bias_segment_0_end': {'mean': 0.21694807283187978, 'abs_mean': 0.2942459455427005, 'std': 0.3319223112242485}}"
1,586,31.0,True,0.28762135922330095,0.0,4,6,ATTACK,ATTACK,1,31,31,1.0,22,1.3192625484643945,3.9281006795757185,4.606347391802976,0.0909222622096835,0.27072079048263714,0.31746487905224224,14.509785792856013,"{'bias_segment_0_end': {'mean': 0.0909222622096835, 'abs_mean': 0.27072079048263714, 'std': 0.31746487905224224}}"
1,587,32.0,False,0.0,0.005,6,5,ATTACK,ATTACK,1,32,32,1.0,20,3.337594255873885,3.7207582664233554,3.8987700964250878,0.22376246476626155,0.24945094480225877,0.2613853990183873,14.91579143696097,"{'bias_segment_0_end': {'mean': 0.22376246476626155, 'abs_mean': 0.24945094480225877, 'std': 0.2613853990183873}}"
1,588,30.0,True,0.12109025915996426,0.0,5,6,ATTACK,ATTACK,1,30,30,1.0,19,1.438950430956003,4.33167069309302,5.256461991800648,0.1020450930536985,0.30718621673505797,0.3727690277212385,14.101123218132539,"{'bias_segment_0_end': {'mean': 0.1020450930536985, 'abs_mean': 0.30718621673505797, 'std': 0.3727690277212385}}"
1,589,28.0,False,0.0,0.16666666666666666,6,5,ATTACK,ATTACK,1,28,28,1.0,18,2.446486750382011,5.912139661857327,7.481687216127401,0.18428240389046285,0.4453338277238142,0.5635605037015696,13.27574797557014,"{'bias_segment_0_end': {'mean': 0.18428240389046285, 'abs_mean': 0.4453338277238142, 'std': 0.5635605037015696}}"
1,590,24.0,True,0.22817460317460317,0.0,4,6,ATTACK,ATTACK,1,24,24,1.0,16,4.536135175498436,4.821299906954719,3.7916100426227346,0.3913081408067401,0.41590777828944586,0.3270819362828705,11.59223308297782,"{'bias_segment_0_end': {'mean': 0.3913081408067401, 'abs_mean': 0.41590777828944586, 'std': 0.3270819362828705}}"
1,591,22.0,True,0.422070534698521,0.0,3,6,ATTACK,ATTACK,1,22,22,1.0,15,6.686853458261607,7.168135052767088,3.765364518674902,0.6229736980451652,0.6678117936609318,0.3507962412110013,10.733765292570691,"{'bias_segment_0_end': {'mean': 0.6229736980451652, 'abs_mean': 0.6678117936609318, 'std': 0.3507962412110013}}"
1,592,28.0,False,0.0,0.03833333333333334,6,4,ATTACK,ATTACK,1,28,28,1.0,19,3.057127139960694,3.8890404561707514,4.839809157979676,0.23027908827332214,0.29294322725373473,0.3645601865059378,13.27574797557014,"{'bias_segment_0_end': {'mean': 0.23027908827332214, 'abs_mean': 0.29294322725373473, 'std': 0.3645601865059378}}"
1,593,18.0,True,0.7494004796163068,0.0,1,6,ATTACK,ATTACK,1,18,18,1.0,12,13.908894588139745,13.908894588139745,3.8563923276280323,1.5484317350217465,1.5484317350217465,0.42931954261019883,8.98256879754819,"{'bias_segment_0_end': {'mean': 1.5484317350217465, 'abs_mean': 1.5484317350217465, 'std': 0.42931954261019883}}"
1,594,21.0,True,0.42395437262357416,0.0,3,6,ATTACK,ATTACK,1,21,21,1.0,13,8.132818241802998,8.132818241802998,2.038984254561571,0.7895724837714972,0.7895724837714972,0.19795424099976477,10.300280732879038,"{'bias_segment_0_end': {'mean': 0.7895724837714972, 'abs_mean': 0.7895724837714972, 'std': 0.19795424099976477}}"
1,595,25.0,True,0.3931964763253107,0.0,2,6,ATTACK,ATTACK,1,25,25,1.0,17,7.0502593018392465,7.0502593018392465,3.2752992570406763,0.5866778522099245,0.5866778522099245,0.27254962565193874,12.017258322062121,"{'bias_segment_0_end': {'mean': 0.5866778522099245, 'abs_mean': 0.5866778522099245, 'std': 0.27254962565193874}}"
1,596,24.0,True,0.3512345679012346,0.0,3,6,ATTACK,ATTACK,1,24,24,1.0,16,8.793424704345176,8.793424704345176,2.5266477371266203,0.7585617578081267,0.7585617578081267,0.2179603980562452,11.59223308297782,"{'bias_segment_0_end': {'mean': 0.7585617578081267, 'abs_mean': 0.7585617578081267, 'std': 0.2179603980562452}}"
1,597,23.0,False,0.0,0.12166666666666666,6,5,ATTACK,ATTACK,1,23,23,1.0,14,4.5760479906038904,4.743987201733737,3.8596625382045633,0.4098782095403906,0.4249205830711899,0.34571131549270184,11.164409046616939,"{'bias_segment_0_end': {'mean': 0.4098782095403906, 'abs_mean': 0.4249205830711899, 'std': 0.34571131549270184}}"
1,598,25.0,True,0.26243781094527363,0.0,4,6,ATTACK,ATTACK,1,25,25,1.0,16,5.717168634114637,5.717168634114637,3.090417505464541,0.4757465039774222,0.4757465039774222,0.25716493917676186,12.017258322062121,"{'bias_segment_0_end': {'mean': 0.4757465039774222, 'abs_mean': 0.4757465039774222, 'std': 0.25716493917676186}}"
1,599,31.0,True,0.07586206896551724,0.0,5,6,ATTACK,ATTACK,1,31,31,1.0,21,1.0249689602567806,4.142289650880659,5.226057822054236,0.07063984092455938,0.28548248127275194,0.3601747053100756,14.509785792856013,"{'bias_segment_0_end': {'mean': 0.07063984092455938, 'abs_mean': 0.28548248127275194, 'std': 0.3601747053100756}}"
1,600,34.0,True,0.4065860215053763,0.0,3,6,ATTACK,ATTACK,1,34,34,1.0,23,1.7932878292676957,3.9448373578733356,4.960885362468924,0.11407748490480801,0.25094528429855373,0.315579750118882,15.71991029399101,"{'bias_segment_0_end': {'mean': 0.11407748490480801, 'abs_mean': 0.25094528429855373, 'std': 0.315579750118882}}"
1,601,28.0,False,0.0,0.049999999999999996,6,4,ATTACK,ATTACK,1,28,28,1.0,19,2.8031315170533277,3.719558032301208,4.86137077323969,0.2111467860200129,0.2801769089881708,0.36618432213277335,13.27574797557014,"{'bias_segment_0_end': {'mean': 0.2111467860200129, 'abs_mean': 0.2801769089881708, 'std': 0.36618432213277335}}"
1,602,24.0,True,0.2845528455284553,0.0,4,6,ATTACK,ATTACK,1,24,24,1.0,15,6.12593501674345,6.12593501674345,2.4812182701633914,0.528451677333753,0.528451677333753,0.21404144071316542,11.59223308297782,"{'bias_segment_0_end': {'mean': 0.528451677333753, 'abs_mean': 0.528451677333753, 'std': 0.21404144071316542}}"
1,603,52.0,True,0.2661596958174905,0.0,4,6,ATTACK,ATTACK,1,52,52,1.0,43,-4.699221749833898,7.869520289978452,8.099868118549626,-0.20878866194551346,0.3496465370155702,0.3598810008203756,22.507073449516284,"{'bias_segment_0_end': {'mean': -0.20878866194551346, 'abs_mean': 0.3496465370155702, 'std': 0.3598810008203756}}"
1,604,21.0,True,0.44080459770114944,0.0,3,6,ATTACK,ATTACK,1,21,21,1.0,14,10.010140665828763,10.010140665828763,2.0850319349289608,0.97183182919237,0.97183182919237,0.2024247677321482,10.300280732879038,"{'bias_segment_0_end': {'mean': 0.97183182919237, 'abs_mean': 0.97183182919237, 'std': 0.2024247677321482}}"
1,605,31.0,True,0.07950530035335689,0.0,5,6,ATTACK,ATTACK,1,31,31,1.0,21,1.9383314940722258,3.6357557379347045,4.567560777523869,0.13358787798415164,0.25057266798003264,0.31479174418775613,14.509785792856013,"{'bias_segment_0_end': {'mean': 0.13358787798415164, 'abs_mean': 0.25057266798003264, 'std': 0.31479174418775613}}"
1,606,25.0,True,0.027160493827160497,0.0,5,6,ATTACK,ATTACK,1,25,25,1.0,15,3.6245038010457886,3.908030327211328,4.17265000983238,0.3016082124482314,0.32520149126167097,0.34722146250047226,12.017258322062121,"{'bias_segment_0_end': {'mean': 0.3016082124482314, 'abs_mean': 0.32520149126167097, 'std': 0.34722146250047226}}"
1,607,23.0,True,0.13953488372093023,0.0,5,6,ATTACK,ATTACK,1,23,23,1.0,14,5.146291535804404,5.195500083940003,3.649309581457394,0.4609551221489726,0.46536274891453877,0.3268699280203474,11.164409046616939,"{'bias_segment_0_end': {'mean': 0.4609551221489726, 'abs_mean': 0.46536274891453877, 'std': 0.3268699280203474}}"
1,608,29.0,True,0.2528248587570621,0.0,4,6,ATTACK,ATTACK,1,29,29,1.0,18,2.9696304301592304,3.7332820979081394,4.167938733386211,0.2169231045570976,0.2727056992146477,0.3044561371905915,13.689783926993247,"{'bias_segment_0_end': {'mean': 0.2169231045570976, 'abs_mean': 0.2727056992146477, 'std': 0.3044561371905915}}"
1,609,31.0,True,0.2064676616915423,0.0,4,6,ATTACK,ATTACK,1,31,31,1.0,22,4.594294622685113,4.705377545345359,3.605095687095161,0.3166342141968177,0.3242899387020642,0.24845960778209097,14.509785792856013,"{'bias_segment_0_end': {'mean': 0.3166342141968177, 'abs_mean': 0.3242899387020642, 'std': 0.24845960778209097}}"
1,610,30.0,False,0.0,0.09999999999999999,6,5,ATTACK,ATTACK,1,30,30,1.0,20,0.9827408031687311,3.4343920417260083,4.446666121222352,0.06969237754798364,0.2435545019073195,0.31534127121904826,14.101123218132539,"{'bias_segment_0_end': {'mean': 0.06969237754798364, 'abs_mean': 0.2435545019073195, 'std': 0.31534127121904826}}"
1,611,31.0,True,0.0143184421534937,0.0,5,6,ATTACK,ATTACK,1,31,31,1.0,20,1.4600152946772615,3.2409807285133176,4.12175974851916,0.10062280143350631,0.2233651671211463,0.28406758082869393,14.509785792856013,"{'bias_segment_0_end': {'mean': 0.10062280143350631, 'abs_mean': 0.2233651671211463, 'std': 0.28406758082869393}}"
1,612,46.0,False,0.0,0.16666666666666666,6,3,ATTACK,ATTACK,1,46,46,1.0,38,-3.238972948620653,10.146352481076239,10.768597174755566,-0.15930727243640727,0.499043296927498,0.5296480924940357,20.331607585043518,"{'bias_segment_0_end': {'mean': -0.15930727243640727, 'abs_mean': 0.499043296927498, 'std': 0.5296480924940357}}"
1,613,26.0,False,0.0,0.013333333333333334,6,3,ATTACK,ATTACK,1,26,26,1.0,19,1.9187388276215105,3.8364507391422253,4.7312984328372005,0.15424558675801622,0.3084086207088248,0.3803445744645206,12.439505518116826,"{'bias_segment_0_end': {'mean': 0.15424558675801622, 'abs_mean': 0.3084086207088248, 'std': 0.3803445744645206}}"
1,614,44.0,False,0.0,0.006666666666666667,6,5,ATTACK,ATTACK,1,44,44,1.0,31,-1.208327181753205,5.308811649567952,6.130758817407621,-0.061688340375245954,0.2710290598209081,0.3129916651697291,19.587610469061637,"{'bias_segment_0_end': {'mean': -0.061688340375245954, 'abs_mean': 0.2710290598209081, 'std': 0.3129916651697291}}"
1,615,30.0,False,0.0,0.065,6,4,ATTACK,ATTACK,1,30,30,1.0,21,3.4540966387654515,3.7691085318630524,4.360178047998855,0.24495187974273225,0.2672913691737961,0.3092078539099731,14.101123218132539,"{'bias_segment_0_end': {'mean': 0.24495187974273225, 'abs_mean': 0.2672913691737961, 'std': 0.3092078539099731}}"
1,616,25.0,True,0.16666666666666666,0.0,5,6,ATTACK,ATTACK,1,25,25,1.0,15,3.372872865376843,3.759973902692717,3.943096228390699,0.2806690823300925,0.312881174884116,0.32811945309952173,12.017258322062121,"{'bias_segment_0_end': {'mean': 0.2806690823300925, 'abs_mean': 0.312881174884116, 'std': 0.32811945309952173}}"
1,617,24.0,True,0.4677819083023544,0.0,3,6,ATTACK,ATTACK,1,24,24,1.0,16,8.928074298970012,8.928074298970012,2.28154465028989,0.7701772587785617,0.7701772587785617,0.19681666456829092,11.59223308297782,"{'bias_segment_0_end': {'mean': 0.7701772587785617, 'abs_mean': 0.7701772587785617, 'std': 0.19681666456829092}}"
1,618,26.0,True,0.31666666666666665,0.0,4,6,ATTACK,ATTACK,1,26,26,1.0,17,6.615223686794623,6.615223686794623,2.604001209190694,0.5317915311955328,0.5317915311955328,0.20933317690146455,12.439505518116826,"{'bias_segment_0_end': {'mean': 0.5317915311955328, 'abs_mean': 0.5317915311955328, 'std': 0.20933317690146455}}"
1,619,25.0,True,0.4533582089552239,0.0,3,6,ATTACK,ATTACK,1,25,25,1.0,16,6.655197808919325,6.655197808919325,3.267744318907939,0.5538033410417124,0.5538033410417124,0.2719209516291072,12.017258322062121,"{'bias_segment_0_end': {'mean': 0.5538033410417124, 'abs_mean': 0.5538033410417124, 'std': 0.2719209516291072}}"
1,620,29.0,True,0.33262108262108264,0.0,4,6,ATTACK,ATTACK,1,29,29,1.0,20,2.599014931386247,5.419944688670515,5.832197935472,0.18985069050370917,0.39591163144537117,0.42602556523716834,13.689783926993247,"{'bias_segment_0_end': {'mean': 0.18985069050370917, 'abs_mean': 0.39591163144537117, 'std': 0.42602556523716834}}"
1,621,41.0,True,0.07429718875502007,0.0,5,6,ATTACK,ATTACK,1,41,41,1.0,30,0.16993160416359548,4.657241267272193,5.950532664597612,0.009208653906075817,0.2523775562438387,0.32246147580838047,18.453468432718015,"{'bias_segment_0_end': {'mean': 0.009208653906075817, 'abs_mean': 0.2523775562438387, 'std': 0.32246147580838047}}"
1,622,23.0,True,0.24205267938237965,0.0,4,6,ATTACK,ATTACK,1,23,23,1.0,14,4.945165727420297,4.945165727420297,3.1958982755563943,0.442940213563636,0.442940213563636,0.28625771970660835,11.164409046616939,"{'bias_segment_0_end': {'mean': 0.442940213563636, 'abs_mean': 0.442940213563636, 'std': 0.28625771970660835}}"
1,623,25.0,False,0.0,0.16666666666666666,6,4,ATTACK,ATTACK,1,25,25,1.0,16,2.425550611195935,3.8320501977283303,4.713162153746257,0.20183893415546705,0.318878906904513,0.3921994541045611,12.017258322062121,"{'bias_segment_0_end': {'mean': 0.20183893415546705, 'abs_mean': 0.318878906904513, 'std': 0.3921994541045611}}"
1,624,28.0,False,0.0,0.12833333333333333,6,5,ATTACK,ATTACK,1,28,28,1.0,18,1.4384271806144677,4.621396143534009,5.640654642357798,0.10834999152299689,0.34810815571659265,0.4248841310288248,13.27574797557014,"{'bias_segment_0_end': {'mean': 0.10834999152299689, 'abs_mean': 0.34810815571659265, 'std': 0.4248841310288248}}"
1,625,23.0,True,0.45447530864197533,0.0,3,6,ATTACK,ATTACK,1,23,23,1.0,16,7.027981187957087,7.027981187957087,3.0523971946443735,0.629498718527043,0.629498718527043,0.2734042779961844,11.164409046616939,"{'bias_segment_0_end': {'mean': 0.629498718527043, 'abs_mean': 0.629498718527043, 'std': 0.2734042779961844}}"
1,626,29.0,False,0.0,0.135,6,5,ATTACK,ATTACK,1,29,29,1.0,19,2.3058164774172782,4.29961881175125,5.443635961784488,0.16843337263130317,0.3140749945127582,0.39764221194542254,13.689783926993247,"{'bias_segment_0_end': {'mean': 0.16843337263130317, 'abs_mean': 0.3140749945127582, 'std': 0.39764221194542254}}"
1,627,22.0,True,0.48834498834498835,0.0,3,6,ATTACK,ATTACK,1,22,22,1.0,14,6.7481981685249455,6.7481981685249455,4.0348458064418,0.6286888137190468,0.6286888137190468,0.37590218310758977,10.733765292570691,"{'bias_segment_0_end': {'mean': 0.6286888137190468, 'abs_mean': 0.6286888137190468, 'std': 0.37590218310758977}}"
1,628,25.0,True,0.32303030303030306,0.0,4,6,ATTACK,ATTACK,1,25,25,1.0,16,4.62738424080409,4.683524094804222,3.5953926863520853,0.38506156036513045,0.38973316286343623,0.29918577016451514,12.017258322062121,"{'bias_segment_0_end': {'mean': 0.38506156036513045, 'abs_mean': 0.38973316286343623, 'std': 0.29918577016451514}}"
1,629,26.0,False,0.0,0.05666666666666667,6,4,ATTACK,ATTACK,1,26,26,1.0,17,3.1553292864180853,5.50735540377429,6.4447667396472035,0.25365391589100394,0.44273105516561,0.5180886595742156,12.439505518116826,"{'bias_segment_0_end': {'mean': 0.25365391589100394, 'abs_mean': 0.44273105516561, 'std': 0.5180886595742156}}"
1,630,26.0,True,0.26182432432432434,0.0,4,6,ATTACK,ATTACK,1,26,26,1.0,17,4.694424358063968,5.158949958896386,4.0584420491468745,0.3773803027159749,0.4147230733072887,0.3262542906738682,12.439505518116826,"{'bias_segment_0_end': {'mean': 0.3773803027159749, 'abs_mean': 0.4147230733072887, 'std': 0.3262542906738682}}"
1,631,29.0,True,0.1437007874015748,0.0,5,6,ATTACK,ATTACK,1,29,29,1.0,19,2.3817371907761897,4.13732174050989,4.556877431587493,0.17397916603197278,0.30221965244842175,0.33286700914265943,13.689783926993247,"{'bias_segment_0_end': {'mean': 0.17397916603197278, 'abs_mean': 0.30221965244842175, 'std': 0.33286700914265943}}"
1,632,32.0,True,0.25252525252525254,0.0,4,6,ATTACK,ATTACK,1,32,32,1.0,23,1.5485638827774189,4.345369979554022,5.113044208563426,0.10382043013420764,0.2913268127889144,0.3427940267315233,14.91579143696097,"{'bias_segment_0_end': {'mean': 0.10382043013420764, 'abs_mean': 0.2913268127889144, 'std': 0.3427940267315233}}"
1,633,27.0,True,0.3998968008255934,0.0,3,6,ATTACK,ATTACK,1,27,27,1.0,19,3.7584626943671706,4.318233198914429,4.810947039967942,0.2922827653480622,0.335814199430023,0.3741308665620973,12.858995260604708,"{'bias_segment_0_end': {'mean': 0.2922827653480622, 'abs_mean': 0.335814199430023, 'std': 0.3741308665620973}}"
1,634,34.0,True,0.6666666666666666,0.0,2,6,ATTACK,ATTACK,1,34,34,1.0,27,9.752857984691925,10.201991101888956,8.322504412761122,0.6204143536633279,0.6489853256852683,0.5294244214575721,15.71991029399101,"{'bias_segment_0_end': {'mean': 0.6204143536633279, 'abs_mean': 0.6489853256852683, 'std': 0.5294244214575721}}"
1,635,36.0,True,0.23621103117505995,0.0,4,6,ATTACK,ATTACK,1,36,36,1.0,27,1.9299960760926345,4.8423005189882025,5.4258702116556785,0.11687287991668563,0.2932304443965354,0.3285691020544432,16.513634963632775,"{'bias_segment_0_end': {'mean': 0.11687287991668563, 'abs_mean': 0.2932304443965354, 'std': 0.3285691020544432}}"
1,636,27.0,True,0.19775132275132276,0.0,4,6,ATTACK,ATTACK,1,27,27,1.0,18,2.7829913390702226,3.7898464899027964,4.144289861491144,0.21642370050452528,0.29472337559012174,0.32228722209640615,12.858995260604708,"{'bias_segment_0_end': {'mean': 0.21642370050452528, 'abs_mean': 0.29472337559012174, 'std': 0.32228722209640615}}"
1,637,27.0,True,0.29398148148148145,0.0,4,6,ATTACK,ATTACK,1,27,27,1.0,18,3.6817646383934113,5.407116496032097,5.261604018204332,0.2863182203412891,0.4204929223823217,0.40917691558095337,12.858995260604708,"{'bias_segment_0_end': {'mean': 0.2863182203412891, 'abs_mean': 0.4204929223823217, 'std': 0.40917691558095337}}"
1,638,26.0,True,0.36909090909090914,0.0,3,6,ATTACK,ATTACK,1,26,26,1.0,18,6.691909482211822,6.691909482211822,2.6756081106833958,0.5379562292460712,0.5379562292460712,0.215089587507048,12.439505518116826,"{'bias_segment_0_end': {'mean': 0.5379562292460712, 'abs_mean': 0.5379562292460712, 'std': 0.215089587507048}}"
1,639,25.0,True,0.3333333333333333,0.0,4,6,ATTACK,ATTACK,1,25,25,1.0,16,6.037036378560437,6.037036378560437,2.662044486526477,0.5023638684272289,0.5023638684272289,0.2215184541418495,12.017258322062121,"{'bias_segment_0_end': {'mean': 0.5023638684272289, 'abs_mean': 0.5023638684272289, 'std': 0.2215184541418495}}"
1,640,27.0,True,0.002242152466367713,0.0,5,6,ATTACK,ATTACK,1,27,27,1.0,17,5.20921742515692,5.20921742515692,4.680556402416098,0.4051029897426023,0.4051029897426023,0.36399083346391947,12.858995260604708,"{'bias_segment_0_end': {'mean': 0.4051029897426023, 'abs_mean': 0.4051029897426023, 'std': 0.36399083346391947}}"
1,641,33.0,True,0.06400506970849176,0.0,5,6,ATTACK,ATTACK,1,33,33,1.0,22,2.348131399365274,3.557348970492746,4.480724499567748,0.15328069118452603,0.23221567120523295,0.2924915311327279,15.319159779482533,"{'bias_segment_0_end': {'mean': 0.15328069118452603, 'abs_mean': 0.23221567120523295, 'std': 0.2924915311327279}}"
1,642,21.0,True,0.16666666666666666,0.0,5,6,ATTACK,ATTACK,1,21,21,1.0,12,6.204592066040641,6.204592066040641,2.3362059461741165,0.6023711612281843,0.6023711612281843,0.22680992943394487,10.300280732879038,"{'bias_segment_0_end': {'mean': 0.6023711612281843, 'abs_mean': 0.6023711612281843, 'std': 0.22680992943394487}}"
1,643,26.0,True,0.16666666666666666,0.0,5,6,ATTACK,ATTACK,1,26,26,1.0,16,4.149909481918386,4.1687576292630135,3.1282067883736615,0.33360727047184313,0.33512245508405925,0.251473564107332,12.439505518116826,"{'bias_segment_0_end': {'mean': 0.33360727047184313, 'abs_mean': 0.33512245508405925, 'std': 0.251473564107332}}"
1,644,38.0,True,0.5658761528326746,0.0,2,6,ATTACK,ATTACK,1,38,38,1.0,31,2.3149740702389017,7.463330588987302,8.077841217013022,0.1338358243832153,0.43147826788336446,0.4670050314663286,17.297118173758776,"{'bias_segment_0_end': {'mean': 0.1338358243832153, 'abs_mean': 0.43147826788336446, 'std': 0.4670050314663286}}"
1,645,32.0,False,0.0,0.0,6,6,ATTACK,ATTACK,1,32,32,1.0,22,3.2012858838531635,3.5924096989518866,4.514425973647321,0.21462393714626865,0.24084606667601843,0.3026608405411652,14.91579143696097,"{'bias_segment_0_end': {'mean': 0.21462393714626865, 'abs_mean': 0.24084606667601843, 'std': 0.3026608405411652}}"
1,646,33.0,True,0.5,0.0,3,6,ATTACK,ATTACK,1,33,33,1.0,26,6.048930850095107,6.761952289557677,4.990670480191522,0.3948604843326097,0.4414049064632245,0.3257796479723187,15.319159779482533,"{'bias_segment_0_end': {'mean': 0.3948604843326097, 'abs_mean': 0.4414049064632245, 'std': 0.3257796479723187}}"
1,647,35.0,True,0.16666666666666666,0.0,5,6,ATTACK,ATTACK,1,35,35,1.0,25,-1.803669637829868,5.740566582057982,6.130548374106474,-0.1119036273884794,0.3561573640338492,0.3803526912880091,16.118062299878208,"{'bias_segment_0_end': {'mean': -0.1119036273884794, 'abs_mean': 0.3561573640338492, 'std': 0.3803526912880091}}"
1,648,30.0,True,0.16666666666666666,0.0,5,6,ATTACK,ATTACK,1,30,30,1.0,21,1.6128751472696832,3.4687579767801906,4.327220003494408,0.11437919677176484,0.2459916081237939,0.3068705901335622,14.101123218132539,"{'bias_segment_0_end': {'mean': 0.11437919677176484, 'abs_mean': 0.2459916081237939, 'std': 0.3068705901335622}}"
1,649,26.0,True,0.5382619974059663,0.0,2,6,ATTACK,ATTACK,1,26,26,1.0,19,7.7018682629406765,7.7018682629406765,3.5013055320389226,0.6191458536453655,0.6191458536453655,0.2814666167348567,12.439505518116826,"{'bias_segment_0_end': {'mean': 0.6191458536453655, 'abs_mean': 0.6191458536453655, 'std': 0.2814666167348567}}"
1,650,27.0,True,0.177007299270073,0.0,4,6,ATTACK,ATTACK,1,27,27,1.0,18,2.722970079903647,3.5778790164194723,4.0565192824327045,0.21175605284231175,0.27823939148502475,0.315461604909398,12.858995260604708,"{'bias_segment_0_end': {'mean': 0.21175605284231175, 'abs_mean': 0.27823939148502475, 'std': 0.315461604909398}}"
1,651,25.0,True,0.3171296296296296,0.0,4,6,ATTACK,ATTACK,1,25,25,1.0,16,5.832767503438366,5.832767503438366,2.7481737876110737,0.48536590852259254,0.48536590852259254,0.22868558817328447,12.017258322062121,"{'bias_segment_0_end': {'mean': 0.48536590852259254, 'abs_mean': 0.48536590852259254, 'std': 0.22868558817328447}}"
1,652,46.0,True,0.41480149495804247,0.0,3,6,ATTACK,ATTACK,1,46,46,1.0,38,2.8346668588731374,6.122861519920403,6.5283898460088405,0.1394216786358987,0.3011498965002917,0.32109560538691984,20.331607585043518,"{'bias_segment_0_end': {'mean': 0.1394216786358987, 'abs_mean': 0.3011498965002917, 'std': 0.32109560538691984}}"
1,653,18.0,True,0.5994252873563218,0.0,2,6,ATTACK,ATTACK,1,18,18,1.0,11,9.845650404281509,9.845650404281509,2.879361424382062,1.0960840519216397,1.0960840519216397,0.32054988826447833,8.98256879754819,"{'bias_segment_0_end': {'mean': 1.0960840519216397, 'abs_mean': 1.0960840519216397, 'std': 0.32054988826447833}}"
1,654,17.0,True,0.6666666666666666,0.0,2,6,ATTACK,ATTACK,1,17,17,1.0,10,12.570398708631252,12.570398708631252,1.7907238243750963,1.4723735041507193,1.4723735041507193,0.2097478666647981,8.537506735345655,"{'bias_segment_0_end': {'mean': 1.4723735041507193, 'abs_mean': 1.4723735041507193, 'std': 0.2097478666647981}}"
1,655,21.0,True,0.8333333333333334,0.0,1,6,ATTACK,ATTACK,1,21,21,1.0,16,10.863724092531351,10.863724092531351,6.368080517916801,1.054701747871179,1.054701747871179,0.6182433938513494,10.300280732879038,"{'bias_segment_0_end': {'mean': 1.054701747871179, 'abs_mean': 1.054701747871179, 'std': 0.6182433938513494}}"
1,656,22.0,True,0.43458475540386804,0.0,3,6,ATTACK,ATTACK,1,22,22,1.0,16,8.20248981565574,8.20248981565574,2.257110041135985,0.764176371672021,0.764176371672021,0.21028129268843146,10.733765292570691,"{'bias_segment_0_end': {'mean': 0.764176371672021, 'abs_mean': 0.764176371672021, 'std': 0.21028129268843146}}"
1,657,20.0,True,0.5433070866141733,0.0,2,6,ATTACK,ATTACK,1,20,20,1.0,13,9.487542749417106,9.487542749417106,3.0607648223729,0.9618416590185268,0.9618416590185268,0.3102985875660552,9.863934110629282,"{'bias_segment_0_end': {'mean': 0.9618416590185268, 'abs_mean': 0.9618416590185268, 'std': 0.3102985875660552}}"
1,658,26.0,False,0.0,0.06999999999999999,6,5,ATTACK,ATTACK,1,26,26,1.0,16,2.549619807012755,3.9648896418069977,4.315412023792263,0.20496150777854497,0.3187337017562759,0.3469118621722801,12.439505518116826,"{'bias_segment_0_end': {'mean': 0.20496150777854497, 'abs_mean': 0.3187337017562759, 'std': 0.3469118621722801}}"
1,659,29.0,True,0.546031746031746,0.0,2,6,ATTACK,ATTACK,1,29,29,1.0,22,9.107249251401992,9.107249251401992,3.744369998908212,0.6652588017437217,0.6652588017437217,0.27351563902518117,13.689783926993247,"{'bias_segment_0_end': {'mean': 0.6652588017437217, 'abs_mean': 0.6652588017437217, 'std': 0.27351563902518117}}"
1,660,22.0,False,0.0,0.09666666666666666,6,3,ATTACK,ATTACK,1,22,22,1.0,15,5.0542054670811885,5.098464935099806,3.5959327593072814,0.47086975812480497,0.474993145101531,0.3350113088271256,10.733765292570691,"{'bias_segment_0_end': {'mean': 0.47086975812480497, 'abs_mean': 0.474993145101531, 'std': 0.3350113088271256}}"
1,661,21.0,True,0.48375451263537905,0.0,3,6,ATTACK,ATTACK,1,21,21,1.0,13,8.51989189488789,8.51989189488789,2.2842239359094307,0.8271514258530788,0.8271514258530788,0.22176326987070044,10.300280732879038,"{'bias_segment_0_end': {'mean': 0.8271514258530788, 'abs_mean': 0.8271514258530788, 'std': 0.22176326987070044}}"
1,662,20.0,True,0.4672131147540983,0.0,3,6,ATTACK,ATTACK,1,20,20,1.0,12,7.611362195980826,7.611362195980826,2.338526860670573,0.7716355472994182,0.7716355472994182,0.2370785159798055,9.863934110629282,"{'bias_segment_0_end': {'mean': 0.7716355472994182, 'abs_mean': 0.7716355472994182, 'std': 0.2370785159798055}}"
1,663,28.0,False,0.0,0.16666666666666666,6,3,ATTACK,ATTACK,1,28,28,1.0,19,4.4641103792708225,4.518128195655897,4.124366344372468,0.33626055477142386,0.34032946422078053,0.3106692257161008,13.27574797557014,"{'bias_segment_0_end': {'mean': 0.33626055477142386, 'abs_mean': 0.34032946422078053, 'std': 0.3106692257161008}}"
1,664,23.0,True,0.5,0.0,3,6,ATTACK,ATTACK,1,23,23,1.0,15,6.540405283774321,6.540405283774321,3.136911466891584,0.5858263752666969,0.5858263752666969,0.28097425074568877,11.164409046616939,"{'bias_segment_0_end': {'mean': 0.5858263752666969, 'abs_mean': 0.5858263752666969, 'std': 0.28097425074568877}}"
1,665,23.0,False,0.0,0.023333333333333334,6,5,ATTACK,ATTACK,1,23,23,1.0,13,3.662430669921199,3.779070091626059,4.261241332055607,0.32804518847605246,0.33849262203190233,0.3816808676807535,11.164409046616939,"{'bias_segment_0_end': {'mean': 0.32804518847605246, 'abs_mean': 0.33849262203190233, 'std': 0.3816808676807535}}"
1,666,45.0,True,0.16666666666666666,0.0,5,6,ATTACK,ATTACK,1,45,45,1.0,35,-5.426384970889774,9.745860536336517,9.750250175735065,-0.2718519841816996,0.4882498272006629,0.48846974012367494,19.960806934051664,"{'bias_segment_0_end': {'mean': -0.2718519841816996, 'abs_mean': 0.4882498272006629, 'std': 0.48846974012367494}}"
1,667,24.0,True,0.3333333333333333,0.0,4,6,ATTACK,ATTACK,1,24,24,1.0,15,6.061440049282818,6.061440049282818,2.6663874895583066,0.5228880411474397,0.5228880411474397,0.23001499973923603,11.59223308297782,"{'bias_segment_0_end': {'mean': 0.5228880411474397, 'abs_mean': 0.5228880411474397, 'std': 0.23001499973923603}}"
1,668,27.0,True,0.06745887797861029,0.0,4,6,ATTACK,ATTACK,1,27,27,1.0,17,6.302479002621835,6.302479002621835,2.024154617417574,0.490122196555305,0.490122196555305,0.15741156881975443,12.858995260604708,"{'bias_segment_0_end': {'mean': 0.490122196555305, 'abs_mean': 0.490122196555305, 'std': 0.15741156881975443}}"
1,669,22.0,True,0.6666666666666666,0.0,2,6,ATTACK,ATTACK,1,22,22,1.0,16,9.449074187742697,9.449074187742697,5.241548917014761,0.8803130989162598,0.8803130989162598,0.4883234143979901,10.733765292570691,"{'bias_segment_0_end': {'mean': 0.8803130989162598, 'abs_mean': 0.8803130989162598, 'std': 0.4883234143979901}}"
1,670,26.0,True,0.1270440251572327,0.0,5,6,ATTACK,ATTACK,1,26,26,1.0,16,3.0325818284736554,3.601907914601613,3.9482165357913854,0.24378636466353262,0.289553946445525,0.3173933666447774,12.439505518116826,"{'bias_segment_0_end': {'mean': 0.24378636466353262, 'abs_mean': 0.289553946445525, 'std': 0.3173933666447774}}"
1,671,32.0,False,0.0,0.02666666666666667,6,4,ATTACK,ATTACK,1,32,32,1.0,23,0.6222518385145328,4.915119981324453,6.105021280434648,0.04171765481867813,0.3295245848735122,0.4092991851110597,14.91579143696097,"{'bias_segment_0_end': {'mean': 0.04171765481867813, 'abs_mean': 0.3295245848735122, 'std': 0.4092991851110597}}"
1,672,18.0,True,0.7402159244264507,0.0,1,6,ATTACK,ATTACK,1,18,18,1.0,12,10.976728965428563,10.976728965428563,2.6619243159766457,1.2220033280930376,1.2220033280930376,0.2963433262769135,8.98256879754819,"{'bias_segment_0_end': {'mean': 1.2220033280930376, 'abs_mean': 1.2220033280930376, 'std': 0.2963433262769135}}"
1,673,25.0,True,0.16068139963167588,0.0,5,6,ATTACK,ATTACK,1,25,25,1.0,16,5.57478278893031,5.57478278893031,2.6210728016139653,0.4638980572378755,0.4638980572378755,0.21810905044805579,12.017258322062121,"{'bias_segment_0_end': {'mean': 0.4638980572378755, 'abs_mean': 0.4638980572378755, 'std': 0.21810905044805579}}"
1,674,31.0,False,0.0,0.13,6,5,ATTACK,ATTACK,1,31,31,1.0,19,1.1265465959910925,3.863672879241139,4.720083862766691,0.07764047051237347,0.26628049058749326,0.3253034834663552,14.509785792856013,"{'bias_segment_0_end': {'mean': 0.07764047051237347, 'abs_mean': 0.26628049058749326, 'std': 0.3253034834663552}}"
1,675,18.0,True,0.5423925667828107,0.0,2,6,ATTACK,ATTACK,1,18,18,1.0,11,10.961285693367746,10.961285693367746,2.2611928383751967,1.2202840791333156,1.2202840791333156,0.2517312017685179,8.98256879754819,"{'bias_segment_0_end': {'mean': 1.2202840791333156, 'abs_mean': 1.2202840791333156, 'std': 0.2517312017685179}}"
1,676,30.0,True,0.10616061606160616,0.0,5,6,ATTACK,ATTACK,1,30,30,1.0,20,2.0206185535654595,4.572215284608751,4.993141974790379,0.14329486540243544,0.32424475794448565,0.35409533677216093,14.101123218132539,"{'bias_segment_0_end': {'mean': 0.14329486540243544, 'abs_mean': 0.32424475794448565, 'std': 0.35409533677216093}}"
1,677,27.0,True,0.16666666666666666,0.0,5,6,ATTACK,ATTACK,1,27,27,1.0,18,6.268657402167012,6.268657402167012,2.555489012111351,0.4874920065778313,0.4874920065778313,0.198731624074895,12.858995260604708,"{'bias_segment_0_end': {'mean': 0.4874920065778313, 'abs_mean': 0.4874920065778313, 'std': 0.198731624074895}}"
1,678,31.0,False,0.0,0.16666666666666666,6,5,ATTACK,ATTACK,1,31,31,1.0,21,1.7802250901061225,5.214657143791924,6.839043063972791,0.12269134193439489,0.35938898190760304,0.4713400433065,14.509785792856013,"{'bias_segment_0_end': {'mean': 0.12269134193439489, 'abs_mean': 0.35938898190760304, 'std': 0.4713400433065}}"
1,679,29.0,True,0.3333333333333333,0.0,4,6,ATTACK,ATTACK,1,29,29,1.0,20,3.9064688761515356,4.186472189308488,4.296009228796537,0.2853565035784704,0.3058099537315329,0.3138113246861224,13.689783926993247,"{'bias_segment_0_end': {'mean': 0.2853565035784704, 'abs_mean': 0.3058099537315329, 'std': 0.3138113246861224}}"
1,680,25.0,True,0.8333333333333334,0.0,1,6,ATTACK,ATTACK,1,25,25,1.0,19,12.492896402058973,12.492896402058973,5.276179155349406,1.0395795835663815,1.0395795835663815,0.43905015719459317,12.017258322062121,"{'bias_segment_0_end': {'mean': 1.0395795835663815, 'abs_mean': 1.0395795835663815, 'std': 0.43905015719459317}}"
1,681,30.0,False,0.0,0.07666666666666667,6,5,ATTACK,ATTACK,1,30,30,1.0,21,1.526429768012481,3.898237151104022,4.848824452859666,0.1082488071623724,0.27644869779531506,0.3438608668155311,14.101123218132539,"{'bias_segment_0_end': {'mean': 0.1082488071623724, 'abs_mean': 0.27644869779531506, 'std': 0.3438608668155311}}"
1,682,32.0,True,0.12438725490196079,0.0,5,6,ATTACK,ATTACK,1,32,32,1.0,22,2.518925085732665,3.1722965520219812,3.677659310164645,0.1688763949521867,0.2126804042165076,0.2465614597594529,14.91579143696097,"{'bias_segment_0_end': {'mean': 0.1688763949521867, 'abs_mean': 0.2126804042165076, 'std': 0.2465614597594529}}"
1,683,44.0,True,0.36655011655011654,0.0,3,6,ATTACK,ATTACK,1,44,44,1.0,36,-0.4416628609808608,8.231070038355254,9.321731382626256,-0.022548072501158898,0.42021818084222745,0.4758993649250787,19.587610469061637,"{'bias_segment_0_end': {'mean': -0.022548072501158898, 'abs_mean': 0.42021818084222745, 'std': 0.4758993649250787}}"
1,684,33.0,True,0.11032863849765258,0.0,5,6,ATTACK,ATTACK,1,33,33,1.0,23,0.9325033129283955,3.8534426448942685,4.743822435967066,0.060871700951727704,0.2515439946031057,0.3096659676022589,15.319159779482533,"{'bias_segment_0_end': {'mean': 0.060871700951727704, 'abs_mean': 0.2515439946031057, 'std': 0.3096659676022589}}"
1,685,26.0,True,0.23884976525821597,0.0,4,6,ATTACK,ATTACK,1,26,26,1.0,17,4.291022139612102,4.358428951945421,3.57676294581268,0.3449511826143476,0.35036995205298394,0.28753256635510976,12.439505518116826,"{'bias_segment_0_end': {'mean': 0.3449511826143476, 'abs_mean': 0.35036995205298394, 'std': 0.28753256635510976}}"
1,686,26.0,True,0.22241784037558684,0.0,4,6,ATTACK,ATTACK,1,26,26,1.0,18,4.025400330753084,4.892385875575061,4.535128266315421,0.32359809840435483,0.39329424055078543,0.36457464162948316,12.439505518116826,"{'bias_segment_0_end': {'mean': 0.32359809840435483, 'abs_mean': 0.39329424055078543, 'std': 0.36457464162948316}}"
1,687,24.0,True,0.5,0.0,3,6,ATTACK,ATTACK,1,24,24,1.0,16,8.431440411679057,8.431440411679057,2.863027874705601,0.727335307298116,0.727335307298116,0.2469781149336711,11.59223308297782,"{'bias_segment_0_end': {'mean': 0.727335307298116, 'abs_mean': 0.727335307298116, 'std': 0.2469781149336711}}"
1,688,20.0,True,0.3333333333333333,0.0,4,6,ATTACK,ATTACK,1,20,20,1.0,11,6.1899471531036285,6.1899471531036285,2.77352983933429,0.6275333030087256,0.6275333030087256,0.281178869224761,9.863934110629282,"{'bias_segment_0_end': {'mean': 0.6275333030087256, 'abs_mean': 0.6275333030087256, 'std': 0.281178869224761}}"
1,689,29.0,False,0.0,0.011666666666666667,6,5,ATTACK,ATTACK,1,29,29,1.0,19,2.1581093932876816,4.485998874867859,5.74318904226231,0.15764378786376343,0.32768953102484366,0.4195237173128791,13.689783926993247,"{'bias_segment_0_end': {'mean': 0.15764378786376343, 'abs_mean': 0.32768953102484366, 'std': 0.4195237173128791}}"
1,690,29.0,True,0.5,0.0,3,6,ATTACK,ATTACK,1,29,29,1.0,21,7.749879170782966,7.749879170782966,2.4506022983811957,0.5661067561118995,0.5661067561118995,0.17900956738616935,13.689783926993247,"{'bias_segment_0_end': {'mean': 0.5661067561118995, 'abs_mean': 0.5661067561118995, 'std': 0.17900956738616935}}"
1,691,29.0,False,0.0,0.03,6,4,ATTACK,ATTACK,1,29,29,1.0,20,4.550890289178542,4.778649370834008,4.818745910291008,0.33242966532183077,0.3490668221148152,0.351995760925744,13.689783926993247,"{'bias_segment_0_end': {'mean': 0.33242966532183077, 'abs_mean': 0.3490668221148152, 'std': 0.351995760925744}}"
1,692,21.0,False,0.0,0.03333333333333333,6,4,ATTACK,ATTACK,1,21,21,1.0,12,4.6442668294930805,4.6442668294930805,3.757932043346896,0.45088740296838087,0.45088740296838087,0.3648378273177914,10.300280732879038,"{'bias_segment_0_end': {'mean': 0.45088740296838087, 'abs_mean': 0.45088740296838087, 'std': 0.3648378273177914}}"
1,693,28.0,True,0.3333333333333333,0.0,4,6,ATTACK,ATTACK,1,28,28,1.0,17,4.672088389448435,4.962150756513283,4.287946484830002,0.3519265654971721,0.3737756068919484,0.3229909525791409,13.27574797557014,"{'bias_segment_0_end': {'mean': 0.3519265654971721, 'abs_mean': 0.3737756068919484, 'std': 0.3229909525791409}}"
1,694,27.0,True,0.3439922480620155,0.0,3,6,ATTACK,ATTACK,1,27,27,1.0,20,4.914770515287762,5.2611192363004715,4.458811391346784,0.3822048624860166,0.40913921575339807,0.34674648376354594,12.858995260604708,"{'bias_segment_0_end': {'mean': 0.3822048624860166, 'abs_mean': 0.40913921575339807, 'std': 0.34674648376354594}}"
1,695,26.0,True,0.1829268292682927,0.0,4,6,ATTACK,ATTACK,1,26,26,1.0,17,4.942195547826965,4.942195547826965,3.0881289865710495,0.39729839265951344,0.39729839265951344,0.24825174779443726,12.439505518116826,"{'bias_segment_0_end': {'mean': 0.39729839265951344, 'abs_mean': 0.39729839265951344, 'std': 0.24825174779443726}}"
1,696,35.0,True,0.1251402918069585,0.0,5,6,ATTACK,ATTACK,1,35,35,1.0,25,0.6865758542878769,3.8121064764699293,4.408017210044591,0.042596674557652314,0.23651146183364327,0.2734830730911059,16.118062299878208,"{'bias_segment_0_end': {'mean': 0.042596674557652314, 'abs_mean': 0.23651146183364327, 'std': 0.2734830730911059}}"
1,697,28.0,True,0.24262734584450404,0.0,4,6,ATTACK,ATTACK,1,28,28,1.0,19,2.513594223482946,3.6776622952861553,4.343144305647537,0.189337295955635,0.27702109907884226,0.3271487462431296,13.27574797557014,"{'bias_segment_0_end': {'mean': 0.189337295955635, 'abs_mean': 0.27702109907884226, 'std': 0.3271487462431296}}"
1,698,31.0,False,0.0,0.16666666666666666,6,5,ATTACK,ATTACK,1,31,31,1.0,21,1.7875571535964667,4.203736570233222,5.100611940008424,0.12319666045494498,0.28971734181651104,0.35152909993473114,14.509785792856013,"{'bias_segment_0_end': {'mean': 0.12319666045494498, 'abs_mean': 0.28971734181651104, 'std': 0.35152909993473114}}"
1,699,24.0,True,0.35385572139303484,0.0,3,6,ATTACK,ATTACK,1,24,24,1.0,16,6.09345410135598,6.09345410135598,3.8516417567667913,0.5256497223389758,0.5256497223389758,0.3322605514568707,11.59223308297782,"{'bias_segment_0_end': {'mean': 0.5256497223389758, 'abs_mean': 0.5256497223389758, 'std': 0.3322605514568707}}"
1,700,48.0,True,0.7722222222222221,0.0,1,6,ATTACK,ATTACK,1,48,48,1.0,41,3.043039250291636,8.891075473712819,9.825520623959422,0.14445200906273156,0.4220562435345215,0.4664140280419383,21.066091569346934,"{'bias_segment_0_end': {'mean': 0.14445200906273156, 'abs_mean': 0.4220562435345215, 'std': 0.4664140280419383}}"
1,701,39.0,True,0.3171296296296296,0.0,4,6,ATTACK,ATTACK,1,39,39,1.0,30,1.682377029330595,7.3148389718258455,8.403520371877205,0.0951298118310356,0.4136167118502536,0.47517607394641964,17.685066299918077,"{'bias_segment_0_end': {'mean': 0.0951298118310356, 'abs_mean': 0.4136167118502536, 'std': 0.47517607394641964}}"
1,702,27.0,False,0.0,0.09833333333333333,6,4,ATTACK,ATTACK,1,27,27,1.0,18,3.6136070184932376,4.021672895726223,4.5774912900809746,0.28101783578410805,0.3127517208165686,0.3559758128307851,12.858995260604708,"{'bias_segment_0_end': {'mean': 0.28101783578410805, 'abs_mean': 0.3127517208165686, 'std': 0.3559758128307851}}"
1,703,30.0,True,0.3333333333333333,0.0,4,6,ATTACK,ATTACK,1,30,30,1.0,21,6.744533240404246,7.090682720173904,4.6874475491693355,0.47829758921129745,0.5028452422184386,0.33241660800054407,14.101123218132539,"{'bias_segment_0_end': {'mean': 0.47829758921129745, 'abs_mean': 0.5028452422184386, 'std': 0.33241660800054407}}"
1,704,23.0,True,0.3383647798742138,0.0,3,6,ATTACK,ATTACK,1,23,23,1.0,16,6.277724939814679,6.277724939814679,2.6168346967139318,0.562298005528288,0.562298005528288,0.2343907936181262,11.164409046616939,"{'bias_segment_0_end': {'mean': 0.562298005528288, 'abs_mean': 0.562298005528288, 'std': 0.2343907936181262}}"
1,705,21.0,True,0.55006105006105,0.0,2,6,ATTACK,ATTACK,1,21,21,1.0,15,8.45245517708248,8.45245517708248,3.9318384832354933,0.820604350141817,0.820604350141817,0.38172148752070983,10.300280732879038,"{'bias_segment_0_end': {'mean': 0.820604350141817, 'abs_mean': 0.820604350141817, 'std': 0.38172148752070983}}"
1,706,26.0,True,0.4003378378378379,0.0,3,6,ATTACK,ATTACK,1,26,26,1.0,18,6.462750640565188,6.491595604702116,3.3813128685426936,0.5195343682393866,0.5218531874315898,0.27182052080914054,12.439505518116826,"{'bias_segment_0_end': {'mean': 0.5195343682393866, 'abs_mean': 0.5218531874315898, 'std': 0.27182052080914054}}"
1,707,33.0,False,0.0,0.02,6,5,ATTACK,ATTACK,1,33,33,1.0,23,1.0803925079949053,4.929483389403462,6.282112601934261,0.07052557212973987,0.3217854934841586,0.4100820601367515,15.319159779482533,"{'bias_segment_0_end': {'mean': 0.07052557212973987, 'abs_mean': 0.3217854934841586, 'std': 0.4100820601367515}}"
1,708,27.0,True,0.16666666666666666,0.0,5,6,ATTACK,ATTACK,1,27,27,1.0,18,2.7337322945642915,4.517759448850321,5.438324443879039,0.21259299339968296,0.35133067220975617,0.4229198575521752,12.858995260604708,"{'bias_segment_0_end': {'mean': 0.21259299339968296, 'abs_mean': 0.35133067220975617, 'std': 0.4229198575521752}}"
1,709,23.0,True,0.5699745547073791,0.0,2,6,ATTACK,ATTACK,1,23,23,1.0,16,9.284890599843552,9.284890599843552,2.8161869031358684,0.8316508792426482,0.8316508792426482,0.2522468400590566,11.164409046616939,"{'bias_segment_0_end': {'mean': 0.8316508792426482, 'abs_mean': 0.8316508792426482, 'std': 0.2522468400590566}}"
1,710,25.0,True,0.05513468013468014,0.0,5,6,ATTACK,ATTACK,1,25,25,1.0,16,4.08832921761073,4.1982724402190135,3.250612852030357,0.3402048211034201,0.34935359860838916,0.2704953796376879,12.017258322062121,"{'bias_segment_0_end': {'mean': 0.3402048211034201, 'abs_mean': 0.34935359860838916, 'std': 0.2704953796376879}}"
1,711,30.0,True,0.04993757802746567,0.0,5,6,ATTACK,ATTACK,1,30,30,1.0,20,4.475756855414826,4.475756855414826,3.171304829325318,0.31740427951579625,0.31740427951579625,0.22489732060828735,14.101123218132539,"{'bias_segment_0_end': {'mean': 0.31740427951579625, 'abs_mean': 0.31740427951579625, 'std': 0.22489732060828735}}"
1,712,20.0,True,0.4581646423751687,0.0,3,6,ATTACK,ATTACK,1,20,20,1.0,13,9.226467777264395,9.226467777264395,2.290154605719379,0.9353740276227149,0.9353740276227149,0.23217456443180515,9.863934110629282,"{'bias_segment_0_end': {'mean': 0.9353740276227149, 'abs_mean': 0.9353740276227149, 'std': 0.23217456443180515}}"
1,713,25.0,False,0.0,0.10166666666666667,6,5,ATTACK,ATTACK,1,25,25,1.0,15,3.0919276596883667,4.46233605855778,5.469470980308785,0.25729060463084086,0.3713272977052938,0.4551346766231652,12.017258322062121,"{'bias_segment_0_end': {'mean': 0.25729060463084086, 'abs_mean': 0.3713272977052938, 'std': 0.4551346766231652}}"
1,714,42.0,True,0.061581920903954805,0.0,5,6,ATTACK,ATTACK,1,42,42,1.0,32,-1.5202111162517031,5.8074368191460035,6.268327234702879,-0.0807164922323567,0.3083492311635539,0.33282047548584887,18.83395913533391,"{'bias_segment_0_end': {'mean': -0.0807164922323567, 'abs_mean': 0.3083492311635539, 'std': 0.33282047548584887}}"
1,715,26.0,True,0.17108167770419425,0.0,4,6,ATTACK,ATTACK,1,26,26,1.0,17,4.2417091812615535,4.323855017182736,3.3154275328713734,0.34098696086303043,0.34759058636900786,0.26652406143015916,12.439505518116826,"{'bias_segment_0_end': {'mean': 0.34098696086303043, 'abs_mean': 0.34759058636900786, 'std': 0.26652406143015916}}"
1,716,28.0,False,0.0,0.045000000000000005,6,5,ATTACK,ATTACK,1,28,28,1.0,18,2.030681529778068,3.932878938894091,4.9759357787950105,0.15296174147889083,0.29624537511041366,0.37481396814338924,13.27574797557014,"{'bias_segment_0_end': {'mean': 0.15296174147889083, 'abs_mean': 0.29624537511041366, 'std': 0.37481396814338924}}"
1,717,19.0,True,0.5,0.0,3,6,ATTACK,ATTACK,1,19,19,1.0,12,9.726514415764077,9.726514415764077,2.378799293864449,1.0320233311590672,1.0320233311590672,0.252400424908019,9.424703998542563,"{'bias_segment_0_end': {'mean': 1.0320233311590672, 'abs_mean': 1.0320233311590672, 'std': 0.252400424908019}}"
1,718,28.0,True,0.36331300813008127,0.0,3,6,ATTACK,ATTACK,1,28,28,1.0,20,3.306276769008633,5.2806154047883265,5.570831834573181,0.24904636447549325,0.39776405928356334,0.4196247055024361,13.27574797557014,"{'bias_segment_0_end': {'mean': 0.24904636447549325, 'abs_mean': 0.39776405928356334, 'std': 0.4196247055024361}}"
1,719,25.0,False,0.0,0.013333333333333334,6,5,ATTACK,ATTACK,1,25,25,1.0,15,3.7726308991292847,4.160039771470306,4.083468736271978,0.3139344098315025,0.34617211846341145,0.3398003626813332,12.017258322062121,"{'bias_segment_0_end': {'mean': 0.3139344098315025, 'abs_mean': 0.34617211846341145, 'std': 0.3398003626813332}}"
1,720,27.0,True,0.24002347417840375,0.0,4,6,ATTACK,ATTACK,1,27,27,1.0,18,4.499188246961391,4.60349389669792,3.2632687550802015,0.34988645347317837,0.3579979464493118,0.2537732294744421,12.858995260604708,"{'bias_segment_0_end': {'mean': 0.34988645347317837, 'abs_mean': 0.3579979464493118, 'std': 0.2537732294744421}}"
1,721,27.0,True,0.29754273504273504,0.0,4,6,ATTACK,ATTACK,1,27,27,1.0,18,3.5311204066677893,3.891548539566557,4.0446365974840655,0.2746031346232671,0.30263239550984583,0.314537529217027,12.858995260604708,"{'bias_segment_0_end': {'mean': 0.2746031346232671, 'abs_mean': 0.30263239550984583, 'std': 0.314537529217027}}"
1,722,33.0,True,0.08450704225352113,0.0,5,6,ATTACK,ATTACK,1,33,33,1.0,23,3.0095545334465656,4.393380173636291,5.083887752472169,0.1964568929868702,0.2867898916702007,0.3318646600501675,15.319159779482533,"{'bias_segment_0_end': {'mean': 0.1964568929868702, 'abs_mean': 0.2867898916702007, 'std': 0.3318646600501675}}"
1,723,31.0,True,0.3417312661498708,0.0,3,6,ATTACK,ATTACK,1,31,31,1.0,23,3.3609850922423528,4.065106450301366,4.692881245250126,0.2316357484682617,0.28016309188401994,0.3234287061329807,14.509785792856013,"{'bias_segment_0_end': {'mean': 0.2316357484682617, 'abs_mean': 0.28016309188401994, 'std': 0.3234287061329807}}"
1,724,26.0,True,0.2826797385620915,0.0,4,6,ATTACK,ATTACK,1,26,26,1.0,17,5.337918157126845,5.438583784705472,3.228748148230451,0.4291101562962233,0.43720257021348224,0.25955598826079707,12.439505518116826,"{'bias_segment_0_end': {'mean': 0.4291101562962233, 'abs_mean': 0.43720257021348224, 'std': 0.25955598826079707}}"
1,725,24.0,False,0.0,0.0,6,4,ATTACK,ATTACK,1,24,24,1.0,16,4.869244435103844,5.900946690654112,5.0538264857200925,0.420043696520725,0.5090431367636262,0.4359666036340482,11.59223308297782,"{'bias_segment_0_end': {'mean': 0.420043696520725, 'abs_mean': 0.5090431367636262, 'std': 0.4359666036340482}}"
1,726,24.0,True,0.5,0.0,3,6,ATTACK,ATTACK,1,24,24,1.0,16,6.674226739676901,6.674226739676901,4.291743694704845,0.57574987423928,0.57574987423928,0.3702257937693553,11.59223308297782,"{'bias_segment_0_end': {'mean': 0.57574987423928, 'abs_mean': 0.57574987423928, 'std': 0.3702257937693553}}"
1,727,35.0,False,0.0,0.11166666666666668,6,5,ATTACK,ATTACK,1,35,35,1.0,22,-0.05469848893024525,4.789191326167583,5.993439892248746,-0.0033936144378011513,0.2971319527784535,0.37184617981617024,16.118062299878208,"{'bias_segment_0_end': {'mean': -0.0033936144378011513, 'abs_mean': 0.2971319527784535, 'std': 0.37184617981617024}}"
1,728,21.0,True,0.3626865671641791,0.0,3,6,ATTACK,ATTACK,1,21,21,1.0,13,10.217304022428115,10.217304022428115,1.762038540014977,0.9919442282591332,0.9919442282591332,0.17106704037594403,10.300280732879038,"{'bias_segment_0_end': {'mean': 0.9919442282591332, 'abs_mean': 0.9919442282591332, 'std': 0.17106704037594403}}"
1,729,23.0,True,0.1023489932885906,0.0,5,6,ATTACK,ATTACK,1,23,23,1.0,14,4.20142406999736,4.20142406999736,3.9226151801607525,0.3763230147206479,0.3763230147206479,0.3513500055203899,11.164409046616939,"{'bias_segment_0_end': {'mean': 0.3763230147206479, 'abs_mean': 0.3763230147206479, 'std': 0.3513500055203899}}"
1,730,30.0,False,0.0,0.16666666666666666,6,5,ATTACK,ATTACK,1,30,30,1.0,20,1.3695611035888564,3.9509637551987096,4.741374239743129,0.0971242561605126,0.2801878753969182,0.3362408913387997,14.101123218132539,"{'bias_segment_0_end': {'mean': 0.0971242561605126, 'abs_mean': 0.2801878753969182, 'std': 0.3362408913387997}}"
1,731,36.0,True,0.3333333333333333,0.0,4,6,ATTACK,ATTACK,1,36,36,1.0,26,0.6107248824823371,5.399735177449758,6.108729020196992,0.036983067860426176,0.32698646841481893,0.3699203133440922,16.513634963632775,"{'bias_segment_0_end': {'mean': 0.036983067860426176, 'abs_mean': 0.32698646841481893, 'std': 0.3699203133440922}}"
1,732,27.0,True,0.3333333333333333,0.0,4,6,ATTACK,ATTACK,1,27,27,1.0,18,5.221530596826209,5.272591793265695,3.3892069038958645,0.4060605429121732,0.41003139719780457,0.263567007780084,12.858995260604708,"{'bias_segment_0_end': {'mean': 0.4060605429121732, 'abs_mean': 0.41003139719780457, 'std': 0.263567007780084}}"
1,733,22.0,True,0.5533854166666666,0.0,2,6,ATTACK,ATTACK,1,22,22,1.0,15,10.191628852354514,10.191628852354514,2.8723855003739347,0.9494924264282717,0.9494924264282717,0.26760278635513285,10.733765292570691,"{'bias_segment_0_end': {'mean': 0.9494924264282717, 'abs_mean': 0.9494924264282717, 'std': 0.26760278635513285}}"
1,734,22.0,True,0.3162962962962963,0.0,4,6,ATTACK,ATTACK,1,22,22,1.0,14,5.79420536824585,5.79420536824585,2.9075929651242287,0.5398110737763452,0.5398110737763452,0.2708828529292234,10.733765292570691,"{'bias_segment_0_end': {'mean': 0.5398110737763452, 'abs_mean': 0.5398110737763452, 'std': 0.2708828529292234}}"
1,735,25.0,True,0.31666666666666665,0.0,4,6,ATTACK,ATTACK,1,25,25,1.0,16,6.298009011922254,6.298009011922254,2.958414684940512,0.5240803553635799,0.5240803553635799,0.24618050187947182,12.017258322062121,"{'bias_segment_0_end': {'mean': 0.5240803553635799, 'abs_mean': 0.5240803553635799, 'std': 0.24618050187947182}}"
1,736,21.0,True,0.5,0.0,3,6,ATTACK,ATTACK,1,21,21,1.0,13,8.638191333727756,8.638191333727756,2.2233649629174264,0.8386364952320372,0.8386364952320372,0.21585479275534003,10.300280732879038,"{'bias_segment_0_end': {'mean': 0.8386364952320372, 'abs_mean': 0.8386364952320372, 'std': 0.21585479275534003}}"
1,737,26.0,True,0.4011406844106464,0.0,3,6,ATTACK,ATTACK,1,26,26,1.0,18,5.533515218870947,5.857694215858749,4.837469585698643,0.4448340177840644,0.4708944585721383,0.38887957231526443,12.439505518116826,"{'bias_segment_0_end': {'mean': 0.4448340177840644, 'abs_mean': 0.4708944585721383, 'std': 0.38887957231526443}}"
1,738,24.0,True,0.2684848484848485,0.0,4,6,ATTACK,ATTACK,1,24,24,1.0,15,5.268174468151837,5.268174468151837,2.9290145374646106,0.45445725861807335,0.45445725861807335,0.2526704317018619,11.59223308297782,"{'bias_segment_0_end': {'mean': 0.45445725861807335, 'abs_mean': 0.45445725861807335, 'std': 0.2526704317018619}}"
1,739,26.0,True,0.37230215827338126,0.0,3,6,ATTACK,ATTACK,1,26,26,1.0,18,3.543799495979947,3.8100755683037453,3.1998903783075847,0.28488266602066914,0.3062883458474111,0.2572361396236597,12.439505518116826,"{'bias_segment_0_end': {'mean': 0.28488266602066914, 'abs_mean': 0.3062883458474111, 'std': 0.2572361396236597}}"
1,740,23.0,True,0.2865707434052758,0.0,4,6,ATTACK,ATTACK,1,23,23,1.0,14,4.66396880146921,4.66396880146921,3.365919881219263,0.41775330713832054,0.41775330713832054,0.3014866140397472,11.164409046616939,"{'bias_segment_0_end': {'mean': 0.41775330713832054, 'abs_mean': 0.41775330713832054, 'std': 0.3014866140397472}}"
1,741,23.0,True,0.4744094488188977,0.0,3,6,ATTACK,ATTACK,1,23,23,1.0,14,7.693936316834147,7.693936316834147,2.7869523630366047,0.6891485509629888,0.6891485509629888,0.24962829213796248,11.164409046616939,"{'bias_segment_0_end': {'mean': 0.6891485509629888, 'abs_mean': 0.6891485509629888, 'std': 0.24962829213796248}}"
1,742,28.0,False,0.0,0.13833333333333334,6,4,ATTACK,ATTACK,1,28,28,1.0,19,2.6048459373719313,4.41091867723195,5.224317002053339,0.19621086074888855,0.33225387265176065,0.3935233639315134,13.27574797557014,"{'bias_segment_0_end': {'mean': 0.19621086074888855, 'abs_mean': 0.33225387265176065, 'std': 0.3935233639315134}}"
1,743,24.0,True,0.2541966426858513,0.0,4,6,ATTACK,ATTACK,1,24,24,1.0,15,6.534444628826885,6.534444628826885,3.2225891187311984,0.5636916185219003,0.5636916185219003,0.2779955419860638,11.59223308297782,"{'bias_segment_0_end': {'mean': 0.5636916185219003, 'abs_mean': 0.5636916185219003, 'std': 0.2779955419860638}}"
1,744,25.0,True,0.045283018867924525,0.0,5,6,ATTACK,ATTACK,1,25,25,1.0,15,5.208680284200086,5.208680284200086,3.685221411116566,0.4334333293508077,0.4334333293508077,0.30666074676542315,12.017258322062121,"{'bias_segment_0_end': {'mean': 0.4334333293508077, 'abs_mean': 0.4334333293508077, 'std': 0.30666074676542315}}"
1,745,24.0,True,0.4706572769953052,0.0,3,6,ATTACK,ATTACK,1,24,24,1.0,16,5.570734916798383,5.954914686508194,5.069259190980944,0.4805575316613086,0.5136986673648294,0.4372979006456234,11.59223308297782,"{'bias_segment_0_end': {'mean': 0.4805575316613086, 'abs_mean': 0.5136986673648294, 'std': 0.4372979006456234}}"
1,746,33.0,True,0.36730769230769234,0.0,3,6,ATTACK,ATTACK,1,33,33,1.0,25,3.3177083216952634,4.770106994161744,5.43487972942563,0.21657247325919157,0.31138176393659067,0.3547766201058068,15.319159779482533,"{'bias_segment_0_end': {'mean': 0.21657247325919157, 'abs_mean': 0.31138176393659067, 'std': 0.3547766201058068}}"
1,747,28.0,True,0.16666666666666666,0.0,5,6,ATTACK,ATTACK,1,28,28,1.0,18,3.8277784804453137,4.305968578094714,3.7542113460347832,0.28832864916456247,0.3243484725695684,0.2827871810268796,13.27574797557014,"{'bias_segment_0_end': {'mean': 0.28832864916456247, 'abs_mean': 0.3243484725695684, 'std': 0.2827871810268796}}"
1,748,22.0,False,0.0,0.07333333333333333,6,3,ATTACK,ATTACK,1,22,22,1.0,14,6.122949562970192,6.122949562970192,2.360973387173938,0.5704381823224841,0.5704381823224841,0.21995761252652607,10.733765292570691,"{'bias_segment_0_end': {'mean': 0.5704381823224841, 'abs_mean': 0.5704381823224841, 'std': 0.21995761252652607}}"
1,749,19.0,True,0.5,0.0,3,6,ATTACK,ATTACK,1,19,19,1.0,11,8.525658959863584,8.525658959863584,2.8095508177780673,0.9046076100832443,0.9046076100832443,0.29810493976389457,9.424703998542563,"{'bias_segment_0_end': {'mean': 0.9046076100832443, 'abs_mean': 0.9046076100832443, 'std': 0.29810493976389457}}"
1,750,24.0,True,0.35763888888888884,0.0,3,6,ATTACK,ATTACK,1,24,24,1.0,16,7.638315855137615,7.638315855137615,3.1985258195010577,0.6589166902064637,0.6589166902064637,0.2759197297540379,11.59223308297782,"{'bias_segment_0_end': {'mean': 0.6589166902064637, 'abs_mean': 0.6589166902064637, 'std': 0.2759197297540379}}"
1,751,26.0,False,0.0,0.018333333333333333,6,4,ATTACK,ATTACK,1,26,26,1.0,17,2.8506239967241056,4.211941395459862,5.1197695293424355,0.2291589478836175,0.3385939569161823,0.41157339589471875,12.439505518116826,"{'bias_segment_0_end': {'mean': 0.2291589478836175, 'abs_mean': 0.3385939569161823, 'std': 0.41157339589471875}}"
1,752,31.0,True,0.5,0.0,3,6,ATTACK,ATTACK,1,31,31,1.0,23,3.5967053267748628,4.8546447233219885,5.064286700471166,0.24788135249699716,0.33457728409141674,0.3490256005684522,14.509785792856013,"{'bias_segment_0_end': {'mean': 0.24788135249699716, 'abs_mean': 0.33457728409141674, 'std': 0.3490256005684522}}"
1,753,29.0,True,0.5430711610486891,0.0,2,6,ATTACK,ATTACK,1,29,29,1.0,22,9.298433722795444,9.298433722795444,3.8810798074855604,0.6792242866931576,0.6792242866931576,0.2835019039148546,13.689783926993247,"{'bias_segment_0_end': {'mean': 0.6792242866931576, 'abs_mean': 0.6792242866931576, 'std': 0.2835019039148546}}"
1,754,24.0,True,0.5,0.0,3,6,ATTACK,ATTACK,1,24,24,1.0,16,8.37873726951292,8.37873726951292,3.6372235237157042,0.7227888888652837,0.7227888888652837,0.31376383632732924,11.59223308297782,"{'bias_segment_0_end': {'mean': 0.7227888888652837, 'abs_mean': 0.7227888888652837, 'std': 0.31376383632732924}}"
1,755,27.0,True,0.242296918767507,0.0,4,6,SWITCH,SWITCH,1,27,27,1.0,18,2.9163614912964237,3.8973104711011253,4.52557704268418,0.2267954402496046,0.3030804811819995,0.35193861969518764,12.858995260604708,"{'bias_segment_0_end': {'mean': 0.2267954402496046, 'abs_mean': 0.3030804811819995, 'std': 0.35193861969518764}}"
1,756,20.0,True,0.4641833810888252,0.0,3,6,ATTACK,ATTACK,1,20,20,1.0,12,9.109981370938101,9.109981370938101,2.5480881822004355,0.9235647023555511,0.9235647023555511,0.258323722930655,9.863934110629282,"{'bias_segment_0_end': {'mean': 0.9235647023555511, 'abs_mean': 0.9235647023555511, 'std': 0.258323722930655}}"
1,757,22.0,True,0.150087260034904,0.0,5,6,ATTACK,ATTACK,1,22,22,1.0,13,5.957478529353693,5.957478529353693,2.2177458517492026,0.5550222468044019,0.5550222468044019,0.2066139692176986,10.733765292570691,"{'bias_segment_0_end': {'mean': 0.5550222468044019, 'abs_mean': 0.5550222468044019, 'std': 0.2066139692176986}}"
1,758,29.0,True,0.452054794520548,0.0,3,6,ATTACK,ATTACK,1,29,29,1.0,21,5.064622442972404,5.32603322738249,4.715936845049766,0.3699563462784888,0.3890516647878367,0.34448584946260363,13.689783926993247,"{'bias_segment_0_end': {'mean': 0.3699563462784888, 'abs_mean': 0.3890516647878367, 'std': 0.34448584946260363}}"
1,759,32.0,True,0.03587962962962963,0.0,5,6,ATTACK,ATTACK,1,32,32,1.0,22,1.1932663769218586,4.155138492305387,5.136360697298118,0.08000020528344032,0.2785731156047848,0.3443572350153905,14.91579143696097,"{'bias_segment_0_end': {'mean': 0.08000020528344032, 'abs_mean': 0.2785731156047848, 'std': 0.3443572350153905}}"
1,760,23.0,True,0.23515981735159816,0.0,4,6,ATTACK,ATTACK,1,23,23,1.0,14,5.77893108904033,5.77893108904033,3.228664279582543,0.5176208668914252,0.5176208668914252,0.28919258207946963,11.164409046616939,"{'bias_segment_0_end': {'mean': 0.5176208668914252, 'abs_mean': 0.5176208668914252, 'std': 0.28919258207946963}}"
1,761,24.0,True,0.5,0.0,3,6,ATTACK,ATTACK,1,24,24,1.0,17,10.785849271885665,10.785849271885665,3.4878342492240364,0.9304375778747702,0.9304375778747702,0.3008768219425829,11.59223308297782,"{'bias_segment_0_end': {'mean': 0.9304375778747702, 'abs_mean': 0.9304375778747702, 'std': 0.3008768219425829}}"
1,762,27.0,True,0.20722433460076048,0.0,4,6,ATTACK,ATTACK,1,27,27,1.0,18,3.7081107390946375,3.9870511250549976,3.8965761213914814,0.28836706631776604,0.31005930434315304,0.3030233733213337,12.858995260604708,"{'bias_segment_0_end': {'mean': 0.28836706631776604, 'abs_mean': 0.31005930434315304, 'std': 0.3030233733213337}}"
1,763,25.0,True,0.5,0.0,3,6,ATTACK,ATTACK,1,25,25,1.0,19,8.558062875447645,8.558062875447645,3.31975509362247,0.7121477000903071,0.7121477000903071,0.27624895834417007,12.017258322062121,"{'bias_segment_0_end': {'mean': 0.7121477000903071, 'abs_mean': 0.7121477000903071, 'std': 0.27624895834417007}}"
1,764,23.0,False,0.0,0.10166666666666667,6,4,ATTACK,ATTACK,1,23,23,1.0,14,5.782848368491118,5.782848368491118,3.168246426873631,0.5179717389738107,0.5179717389738107,0.28378093400596777,11.164409046616939,"{'bias_segment_0_end': {'mean': 0.5179717389738107, 'abs_mean': 0.5179717389738107, 'std': 0.28378093400596777}}"
1,765,28.0,True,0.2759784075573549,0.0,4,6,ATTACK,ATTACK,1,28,28,1.0,19,4.045340372546057,4.343132658405643,3.606411640793061,0.3047165688886411,0.3271478689108757,0.2716541205384083,13.27574797557014,"{'bias_segment_0_end': {'mean': 0.3047165688886411, 'abs_mean': 0.3271478689108757, 'std': 0.2716541205384083}}"
1,766,27.0,True,0.3032128514056225,0.0,4,6,ATTACK,ATTACK,1,27,27,1.0,17,3.519427476516874,3.969816664856337,4.198237814287691,0.27369381551131927,0.30871903942747486,0.3264825695324399,12.858995260604708,"{'bias_segment_0_end': {'mean': 0.27369381551131927, 'abs_mean': 0.30871903942747486, 'std': 0.3264825695324399}}"
1,767,23.0,True,0.210562414266118,0.0,4,6,ATTACK,ATTACK,1,23,23,1.0,14,5.715289706739993,5.715289706739993,2.9940615359826053,0.5119204861516474,0.5119204861516474,0.2681791327674322,11.164409046616939,"{'bias_segment_0_end': {'mean': 0.5119204861516474, 'abs_mean': 0.5119204861516474, 'std': 0.2681791327674322}}"
1,768,28.0,True,0.44614779874213834,0.0,3,6,ATTACK,ATTACK,1,28,28,1.0,20,7.845557728546682,7.904136414517628,4.353362251586632,0.5909691674611464,0.5953816258837331,0.32791841631805857,13.27574797557014,"{'bias_segment_0_end': {'mean': 0.5909691674611464, 'abs_mean': 0.5953816258837331, 'std': 0.32791841631805857}}"
1,769,33.0,False,0.0,0.085,6,4,ATTACK,ATTACK,1,33,33,1.0,25,0.3336380928874095,4.651522864019136,5.655081667982635,0.021779137869836852,0.3036408609203931,0.3691509031426565,15.319159779482533,"{'bias_segment_0_end': {'mean': 0.021779137869836852, 'abs_mean': 0.3036408609203931, 'std': 0.3691509031426565}}"
1,770,17.0,True,0.6405895691609977,0.0,2,6,ATTACK,ATTACK,1,17,17,1.0,11,11.582680743561312,11.582680743561312,1.7023574692066337,1.3566818864819752,1.3566818864819752,0.1993974964797156,8.537506735345655,"{'bias_segment_0_end': {'mean': 1.3566818864819752, 'abs_mean': 1.3566818864819752, 'std': 0.1993974964797156}}"
1,771,27.0,False,0.0,0.16666666666666666,6,5,ATTACK,ATTACK,1,27,27,1.0,17,2.8063138683331896,3.829067309876921,4.443533522049188,0.21823741369053273,0.2977734443691563,0.34555837621797414,12.858995260604708,"{'bias_segment_0_end': {'mean': 0.21823741369053273, 'abs_mean': 0.2977734443691563, 'std': 0.34555837621797414}}"
1,772,25.0,True,0.5,0.0,3,6,ATTACK,ATTACK,1,25,25,1.0,17,6.894255235371961,6.925909920915062,3.7806989173781953,0.573696183489291,0.5763302856026647,0.31460577912661863,12.017258322062121,"{'bias_segment_0_end': {'mean': 0.573696183489291, 'abs_mean': 0.5763302856026647, 'std': 0.31460577912661863}}"
1,773,27.0,False,0.0,0.02666666666666667,6,5,ATTACK,ATTACK,1,27,27,1.0,17,3.523407830543386,4.036108475695837,4.413103320234519,0.2740033540052564,0.31387432640721225,0.34319192369209944,12.858995260604708,"{'bias_segment_0_end': {'mean': 0.2740033540052564, 'abs_mean': 0.31387432640721225, 'std': 0.34319192369209944}}"
1,774,25.0,True,0.4691969196919692,0.0,3,6,ATTACK,ATTACK,1,25,25,1.0,17,6.0946160675863155,6.429748597914038,4.206807343421275,0.507155284862055,0.535042887953058,0.3500638191074019,12.017258322062121,"{'bias_segment_0_end': {'mean': 0.507155284862055, 'abs_mean': 0.535042887953058, 'std': 0.3500638191074019}}"
1,775,31.0,False,0.0,0.16666666666666666,6,5,ATTACK,ATTACK,1,31,31,1.0,21,0.9649779850921829,5.154212341875389,6.83564272939824,0.06650532260560976,0.3552231863004552,0.47110569563086263,14.509785792856013,"{'bias_segment_0_end': {'mean': 0.06650532260560976, 'abs_mean': 0.3552231863004552, 'std': 0.47110569563086263}}"
1,776,34.0,True,0.18554327808471457,0.0,4,6,ATTACK,ATTACK,1,34,34,1.0,25,1.7391482712609603,3.667264005650383,4.523686515315585,0.11063347301197742,0.23328784560890325,0.2877679599128998,15.71991029399101,"{'bias_segment_0_end': {'mean': 0.11063347301197742, 'abs_mean': 0.23328784560890325, 'std': 0.2877679599128998}}"
1,777,28.0,True,0.5334412081984897,0.0,2,6,ATTACK,ATTACK,1,28,28,1.0,20,5.938191520878924,5.938191520878924,3.9966453540688067,0.44729619241087654,0.44729619241087654,0.3010486009092205,13.27574797557014,"{'bias_segment_0_end': {'mean': 0.44729619241087654, 'abs_mean': 0.44729619241087654, 'std': 0.3010486009092205}}"
1,778,24.0,False,0.0,0.11166666666666668,6,4,ATTACK,ATTACK,1,24,24,1.0,15,6.046807903719056,6.046807903719056,3.003174818481349,0.5216258041427985,0.5216258041427985,0.2590678428379126,11.59223308297782,"{'bias_segment_0_end': {'mean': 0.5216258041427985, 'abs_mean': 0.5216258041427985, 'std': 0.2590678428379126}}"
1,779,26.0,True,0.1762589928057554,0.0,4,6,ATTACK,ATTACK,1,26,26,1.0,18,4.277894372489393,5.3460230164675275,5.307831639796864,0.3438958539195221,0.4297616982187603,0.4266915298254072,12.439505518116826,"{'bias_segment_0_end': {'mean': 0.3438958539195221, 'abs_mean': 0.4297616982187603, 'std': 0.4266915298254072}}"
1,780,39.0,True,0.2916666666666667,0.0,4,6,ATTACK,ATTACK,1,39,39,1.0,27,-0.49758605809365886,4.991495954384875,5.816830438294985,-0.028135945302956725,0.2822435533876397,0.32891199499330853,17.685066299918077,"{'bias_segment_0_end': {'mean': -0.028135945302956725, 'abs_mean': 0.2822435533876397, 'std': 0.32891199499330853}}"
1,781,30.0,True,0.2727743271221532,0.0,4,6,ATTACK,ATTACK,1,30,30,1.0,21,3.7594205733205053,4.107949538201887,3.852863675285201,0.26660433464522115,0.29132073201938286,0.27323097711328626,14.101123218132539,"{'bias_segment_0_end': {'mean': 0.26660433464522115, 'abs_mean': 0.29132073201938286, 'std': 0.27323097711328626}}"
1,782,31.0,True,0.39826839826839827,0.0,3,6,ATTACK,ATTACK,1,31,31,1.0,23,4.31339351366648,4.484490353115133,4.086772967802923,0.2972747892522443,0.3090666131903272,0.28165632671262947,14.509785792856013,"{'bias_segment_0_end': {'mean': 0.2972747892522443, 'abs_mean': 0.3090666131903272, 'std': 0.28165632671262947}}"
1,783,17.0,False,0.0,0.16666666666666666,6,2,ATTACK,ATTACK,1,17,17,1.0,10,8.646085780487581,8.646085780487581,2.836945613229136,1.0127178869086455,1.0127178869086455,0.332292049795294,8.537506735345655,"{'bias_segment_0_end': {'mean': 1.0127178869086455, 'abs_mean': 1.0127178869086455, 'std': 0.332292049795294}}"
1,784,29.0,True,0.16666666666666666,0.0,5,6,ATTACK,ATTACK,1,29,29,1.0,19,5.743263976001893,5.743263976001893,2.54187918769523,0.4195291910106367,0.4195291910106367,0.18567708601179617,13.689783926993247,"{'bias_segment_0_end': {'mean': 0.4195291910106367, 'abs_mean': 0.4195291910106367, 'std': 0.18567708601179617}}"
1,785,27.0,True,0.07496902106567534,0.0,5,6,ATTACK,ATTACK,1,27,27,1.0,17,1.984684767957484,4.104295696263874,4.803951234798546,0.1543421338708972,0.3191770129069061,0.3735868267652378,12.858995260604708,"{'bias_segment_0_end': {'mean': 0.1543421338708972, 'abs_mean': 0.3191770129069061, 'std': 0.3735868267652378}}"
1,786,22.0,True,0.3333333333333333,0.0,4,6,ATTACK,ATTACK,1,22,22,1.0,14,6.506900273266822,6.506900273266822,2.6941250778966475,0.606208548063794,0.606208548063794,0.2509953408205571,10.733765292570691,"{'bias_segment_0_end': {'mean': 0.606208548063794, 'abs_mean': 0.606208548063794, 'std': 0.2509953408205571}}"
1,787,33.0,True,0.01802600472813239,0.0,5,6,ATTACK,ATTACK,1,33,33,1.0,23,1.0774623003089145,3.7862194109744705,4.917363461974709,0.07033429481896235,0.24715581438385942,0.32099433211478734,15.319159779482533,"{'bias_segment_0_end': {'mean': 0.07033429481896235, 'abs_mean': 0.24715581438385942, 'std': 0.32099433211478734}}"
1,788,35.0,True,0.5673469387755102,0.0,2,6,ATTACK,ATTACK,1,35,35,1.0,28,5.258972514138951,7.1375818262631405,6.6770434674730845,0.3262782098924316,0.44283125933302,0.41425844764997205,16.118062299878208,"{'bias_segment_0_end': {'mean': 0.3262782098924316, 'abs_mean': 0.44283125933302, 'std': 0.41425844764997205}}"
1,789,23.0,True,0.3333333333333333,0.0,4,6,ATTACK,ATTACK,1,23,23,1.0,14,7.884657082321152,7.884657082321152,1.842987216710113,0.7062314762383576,0.7062314762383576,0.16507700577923365,11.164409046616939,"{'bias_segment_0_end': {'mean': 0.7062314762383576, 'abs_mean': 0.7062314762383576, 'std': 0.16507700577923365}}"
1,790,19.0,True,0.5774032459425719,0.0,2,6,ATTACK,ATTACK,1,19,19,1.0,12,10.313757997837088,10.313757997837088,1.8215421003378027,1.0943322993944433,1.0943322993944433,0.19327313628305845,9.424703998542563,"{'bias_segment_0_end': {'mean': 1.0943322993944433, 'abs_mean': 1.0943322993944433, 'std': 0.19327313628305845}}"
1,791,32.0,True,0.17387127761767532,0.0,4,6,ATTACK,ATTACK,1,32,32,1.0,23,2.403207138249602,3.6560042331130456,4.532927817203755,0.1611183119854112,0.24510963756529575,0.30390126037638676,14.91579143696097,"{'bias_segment_0_end': {'mean': 0.1611183119854112, 'abs_mean': 0.24510963756529575, 'std': 0.30390126037638676}}"
1,792,40.0,True,0.12121212121212122,0.0,5,6,ATTACK,ATTACK,1,40,40,1.0,30,0.8106133683152942,4.023097663147048,5.093681466752977,0.044858355258391804,0.2226333185051313,0.28187812061818446,18.070510245995923,"{'bias_segment_0_end': {'mean': 0.044858355258391804, 'abs_mean': 0.2226333185051313, 'std': 0.28187812061818446}}"
1,793,27.0,True,0.38457389428263217,0.0,3,6,ATTACK,ATTACK,1,27,27,1.0,19,7.530234372585306,7.530234372585306,2.004291706540023,0.5856005247669084,0.5856005247669084,0.15586689830117953,12.858995260604708,"{'bias_segment_0_end': {'mean': 0.5856005247669084, 'abs_mean': 0.5856005247669084, 'std': 0.15586689830117953}}"
1,794,78.0,False,0.0,0.023333333333333334,6,5,ATTACK,ATTACK,1,78,78,1.0,69,-9.181541861243119,12.564284319686111,13.122388332896374,-0.29588062499822393,0.4048915044276434,0.422876736836126,31.03123721365072,"{'bias_segment_0_end': {'mean': -0.29588062499822393, 'abs_mean': 0.4048915044276434, 'std': 0.422876736836126}}"
1,795,30.0,True,0.2905982905982906,0.0,4,6,ATTACK,ATTACK,1,30,30,1.0,21,3.2195025003021134,4.149171457949192,4.756865596003898,0.22831532286464792,0.2942440395537996,0.33733948157314714,14.101123218132539,"{'bias_segment_0_end': {'mean': 0.22831532286464792, 'abs_mean': 0.2942440395537996, 'std': 0.33733948157314714}}"
1,796,23.0,True,0.5,0.0,3,6,ATTACK,ATTACK,1,23,23,1.0,15,8.895929885917983,8.895929885917983,2.9646686094150017,0.7968115328606349,0.7968115328606349,0.2655463981153003,11.164409046616939,"{'bias_segment_0_end': {'mean': 0.7968115328606349, 'abs_mean': 0.7968115328606349, 'std': 0.2655463981153003}}"
1,797,36.0,True,0.13313896987366375,0.0,5,6,ATTACK,ATTACK,1,36,36,1.0,25,0.6061240661795079,4.598811709942861,5.457231366710946,0.03670446073891952,0.2784857313408354,0.3304682087698534,16.513634963632775,"{'bias_segment_0_end': {'mean': 0.03670446073891952, 'abs_mean': 0.2784857313408354, 'std': 0.3304682087698534}}"
1,798,25.0,True,0.15018315018315018,0.0,5,6,ATTACK,ATTACK,1,25,25,1.0,15,4.5665385224203,4.580079371849772,3.0693665172472784,0.37999836568684986,0.3811251492731369,0.2554132094849223,12.017258322062121,"{'bias_segment_0_end': {'mean': 0.37999836568684986, 'abs_mean': 0.3811251492731369, 'std': 0.2554132094849223}}"
1,799,37.0,True,0.01099537037037037,0.0,5,6,ATTACK,ATTACK,1,37,37,1.0,28,0.4747053693792552,4.784906298035127,5.593164135194252,0.028078031140823342,0.2830192298389941,0.3308263333298277,16.906647300104652,"{'bias_segment_0_end': {'mean': 0.028078031140823342, 'abs_mean': 0.2830192298389941, 'std': 0.3308263333298277}}"
1,800,18.0,True,0.476969696969697,0.0,3,6,ATTACK,ATTACK,1,18,18,1.0,11,8.871444804390695,8.871444804390695,2.339597685886527,0.9876289293561741,0.9876289293561741,0.26045975696007195,8.98256879754819,"{'bias_segment_0_end': {'mean': 0.9876289293561741, 'abs_mean': 0.9876289293561741, 'std': 0.26045975696007195}}"
1,801,26.0,True,0.28635014836795253,0.0,4,6,ATTACK,ATTACK,1,26,26,1.0,17,6.474288926040699,6.474288926040699,3.091954338146491,0.5204619200185716,0.5204619200185716,0.24855926416394816,12.439505518116826,"{'bias_segment_0_end': {'mean': 0.5204619200185716, 'abs_mean': 0.5204619200185716, 'std': 0.24855926416394816}}"
1,802,23.0,True,0.27300995024875624,0.0,4,6,ATTACK,ATTACK,1,23,23,1.0,14,5.225609789694732,5.270849645378282,3.468331863015491,0.4680596857276746,0.47211183533045714,0.3106596908563174,11.164409046616939,"{'bias_segment_0_end': {'mean': 0.4680596857276746, 'abs_mean': 0.47211183533045714, 'std': 0.3106596908563174}}"
1,803,24.0,False,0.0,0.15166666666666667,6,5,ATTACK,ATTACK,1,24,24,1.0,16,7.168969570271282,7.168969570271282,2.613085403424238,0.6184286943641849,0.6184286943641849,0.22541691361100433,11.59223308297782,"{'bias_segment_0_end': {'mean': 0.6184286943641849, 'abs_mean': 0.6184286943641849, 'std': 0.22541691361100433}}"
1,804,27.0,True,0.16666666666666666,0.0,5,6,ATTACK,ATTACK,1,27,27,1.0,17,3.8163230511572186,3.9914481332558758,3.407207781654713,0.2967823670367969,0.31040124460456275,0.2649668743632841,12.858995260604708,"{'bias_segment_0_end': {'mean': 0.2967823670367969, 'abs_mean': 0.31040124460456275, 'std': 0.2649668743632841}}"
1,805,28.0,True,0.3530646515533165,0.0,3,6,ATTACK,ATTACK,1,28,28,1.0,20,3.8332121761022258,4.686752924711732,5.0683408093263855,0.2887379440432323,0.35303117634774583,0.3817744068848761,13.27574797557014,"{'bias_segment_0_end': {'mean': 0.2887379440432323, 'abs_mean': 0.35303117634774583, 'std': 0.3817744068848761}}"
1,806,24.0,True,0.44918699186991873,0.0,3,6,ATTACK,ATTACK,1,24,24,1.0,15,6.0380788829645615,6.0380788829645615,3.534288154773651,0.5208727981695737,0.5208727981695737,0.30488415212798337,11.59223308297782,"{'bias_segment_0_end': {'mean': 0.5208727981695737, 'abs_mean': 0.5208727981695737, 'std': 0.30488415212798337}}"
1,807,25.0,False,0.0,0.11833333333333333,6,5,ATTACK,ATTACK,1,25,25,1.0,15,3.903395593343152,4.231231133574363,4.129430418874546,0.32481581811194205,0.3520962119792644,0.34362500232631676,12.017258322062121,"{'bias_segment_0_end': {'mean': 0.32481581811194205, 'abs_mean': 0.3520962119792644, 'std': 0.34362500232631676}}"
1,808,20.0,True,0.6022067363530778,0.0,2,6,ATTACK,ATTACK,1,20,20,1.0,13,9.426800466549674,9.426800466549674,3.8823583868437908,0.9556836411134825,0.9556836411134825,0.3935912733500721,9.863934110629282,"{'bias_segment_0_end': {'mean': 0.9556836411134825, 'abs_mean': 0.9556836411134825, 'std': 0.3935912733500721}}"
1,809,23.0,True,0.4577546296296296,0.0,3,6,ATTACK,ATTACK,1,23,23,1.0,16,6.972672555728401,6.972672555728401,2.665026755692661,0.6245447051083528,0.6245447051083528,0.23870737309649387,11.164409046616939,"{'bias_segment_0_end': {'mean': 0.6245447051083528, 'abs_mean': 0.6245447051083528, 'std': 0.23870737309649387}}"
1,810,35.0,True,0.05663430420711974,0.0,5,6,ATTACK,ATTACK,1,35,35,1.0,25,1.5967305784089707,5.244417674739205,6.789828434716628,0.09906467345153744,0.32537519567589923,0.4212558748310542,16.118062299878208,"{'bias_segment_0_end': {'mean': 0.09906467345153744, 'abs_mean': 0.32537519567589923, 'std': 0.4212558748310542}}"
1,811,26.0,True,0.16477987421383647,0.0,5,6,ATTACK,ATTACK,1,26,26,1.0,17,3.8856238441362154,4.1232542701696175,3.649906047976382,0.3123615997820182,0.3314644833883898,0.2934124706694072,12.439505518116826,"{'bias_segment_0_end': {'mean': 0.3123615997820182, 'abs_mean': 0.3314644833883898, 'std': 0.2934124706694072}}"
1,812,25.0,True,0.375,0.0,3,6,ATTACK,ATTACK,1,25,25,1.0,17,5.38678697365321,5.650120864690928,4.072195553343327,0.4482542381371441,0.4701672139574501,0.3388622799151539,12.017258322062121,"{'bias_segment_0_end': {'mean': 0.4482542381371441, 'abs_mean': 0.4701672139574501, 'std': 0.3388622799151539}}"
1,813,28.0,False,0.0,0.06666666666666667,6,4,ATTACK,ATTACK,1,28,28,1.0,19,3.153117218750541,3.9351900090417504,4.467990626411107,0.23750957193168074,0.2964194572150086,0.3365528356393211,13.27574797557014,"{'bias_segment_0_end': {'mean': 0.23750957193168074, 'abs_mean': 0.2964194572150086, 'std': 0.3365528356393211}}"
1,814,28.0,True,0.27715355805243447,0.0,4,6,ATTACK,ATTACK,1,28,28,1.0,19,7.263065070476527,7.263065070476527,2.4543365817027585,0.547092720036711,0.547092720036711,0.18487369496763553,13.27574797557014,"{'bias_segment_0_end': {'mean': 0.547092720036711, 'abs_mean': 0.547092720036711, 'std': 0.18487369496763553}}"
1,815,23.0,True,0.5,0.0,3,6,ATTACK,ATTACK,1,23,23,1.0,16,7.766805907925135,7.766805907925135,3.7852416412157064,0.6956755055726527,0.6956755055726527,0.3390454098744007,11.164409046616939,"{'bias_segment_0_end': {'mean': 0.6956755055726527, 'abs_mean': 0.6956755055726527, 'std': 0.3390454098744007}}"
1,816,36.0,False,0.0,0.12833333333333333,6,3,ATTACK,ATTACK,1,36,36,1.0,28,2.2838681898502977,3.543840846483045,4.601541929513046,0.13830196651917986,0.21460089521704237,0.2786510625702223,16.513634963632775,"{'bias_segment_0_end': {'mean': 0.13830196651917986, 'abs_mean': 0.21460089521704237, 'std': 0.2786510625702223}}"
1,817,27.0,True,0.023504273504273504,0.0,5,6,ATTACK,ATTACK,1,27,27,1.0,17,3.0818101039334134,3.83712363577049,4.460366194011398,0.2396618119438119,0.29839995722885465,0.3468673954392331,12.858995260604708,"{'bias_segment_0_end': {'mean': 0.2396618119438119, 'abs_mean': 0.29839995722885465, 'std': 0.3468673954392331}}"
1,818,26.0,True,0.5,0.0,3,6,ATTACK,ATTACK,1,26,26,1.0,18,7.7220583551741875,7.7220583551741875,3.3773332505430256,0.6207689159289995,0.6207689159289995,0.27150060310872454,12.439505518116826,"{'bias_segment_0_end': {'mean': 0.6207689159289995, 'abs_mean': 0.6207689159289995, 'std': 0.27150060310872454}}"
1,819,29.0,True,0.23011077542799596,0.0,4,6,ATTACK,ATTACK,1,29,29,1.0,20,2.5816332304101053,4.283572992466995,4.7190305850383725,0.18858100640432254,0.3129028927929775,0.34471183841941294,13.689783926993247,"{'bias_segment_0_end': {'mean': 0.18858100640432254, 'abs_mean': 0.3129028927929775, 'std': 0.34471183841941294}}"
1,820,30.0,True,0.19827586206896552,0.0,4,6,ATTACK,ATTACK,1,30,30,1.0,21,3.1684880133534645,3.8984138967820017,4.203321085170554,0.22469756233880198,0.27646123195129996,0.2980841327423855,14.101123218132539,"{'bias_segment_0_end': {'mean': 0.22469756233880198, 'abs_mean': 0.27646123195129996, 'std': 0.2980841327423855}}"
1,821,27.0,True,0.5504866180048662,0.0,2,6,ATTACK,ATTACK,1,27,27,1.0,20,7.268792117494521,7.268792117494521,3.3215695954422713,0.5652690564218078,0.5652690564218078,0.2583070860612535,12.858995260604708,"{'bias_segment_0_end': {'mean': 0.5652690564218078, 'abs_mean': 0.5652690564218078, 'std': 0.2583070860612535}}"
1,822,25.0,False,0.0,0.07166666666666667,6,4,ATTACK,ATTACK,1,25,25,1.0,16,3.937445008931531,4.101441946438694,4.2159295874583735,0.32764919446750135,0.34129597920924937,0.350822914384596,12.017258322062121,"{'bias_segment_0_end': {'mean': 0.32764919446750135, 'abs_mean': 0.34129597920924937, 'std': 0.350822914384596}}"
1,823,47.0,False,0.0,0.17666666666666667,6,3,ATTACK,ATTACK,1,47,47,1.0,38,-6.32336024602946,9.99746776168597,10.148653233393254,-0.30547589785041046,0.48296875741805195,0.49027239281360285,20.700029987720885,"{'bias_segment_0_end': {'mean': -0.30547589785041046, 'abs_mean': 0.48296875741805195, 'std': 0.49027239281360285}}"
1,824,28.0,False,0.0,0.06,6,5,ATTACK,ATTACK,1,28,28,1.0,18,2.71606912413733,4.350850327156051,5.247297212742863,0.20458878318083512,0.327729204799792,0.3952543557168207,13.27574797557014,"{'bias_segment_0_end': {'mean': 0.20458878318083512, 'abs_mean': 0.327729204799792, 'std': 0.3952543557168207}}"
1,825,18.0,True,0.49398315282791816,0.0,3,6,ATTACK,ATTACK,1,18,18,1.0,11,8.426762312240493,8.426762312240493,2.4947704916810434,0.9381238821728363,0.9381238821728363,0.27773463782008506,8.98256879754819,"{'bias_segment_0_end': {'mean': 0.9381238821728363, 'abs_mean': 0.9381238821728363, 'std': 0.27773463782008506}}"
1,826,30.0,True,0.3333333333333333,0.0,4,6,ATTACK,ATTACK,1,30,30,1.0,19,4.950398941443877,4.950831839101083,3.773915240892651,0.3510641574337988,0.3510948569497529,0.2676322433690813,14.101123218132539,"{'bias_segment_0_end': {'mean': 0.3510641574337988, 'abs_mean': 0.3510948569497529, 'std': 0.2676322433690813}}"
1,827,28.0,True,0.30952380952380953,0.0,4,6,ATTACK,ATTACK,1,28,28,1.0,19,4.870651488355906,5.2406104703459935,3.8089899259282016,0.3668833949935487,0.3947506746881379,0.28691339523298093,13.27574797557014,"{'bias_segment_0_end': {'mean': 0.3668833949935487, 'abs_mean': 0.3947506746881379, 'std': 0.28691339523298093}}"
1,828,21.0,True,0.3333333333333333,0.0,4,6,ATTACK,ATTACK,1,21,21,1.0,14,8.594144250554276,8.594144250554276,1.8564613801417926,0.8343601959431375,0.8343601959431375,0.18023405655497043,10.300280732879038,"{'bias_segment_0_end': {'mean': 0.8343601959431375, 'abs_mean': 0.8343601959431375, 'std': 0.18023405655497043}}"
1,829,24.0,True,0.2533557046979866,0.0,4,6,ATTACK,ATTACK,1,24,24,1.0,15,5.697818536234011,5.697818536234011,3.4035805220373487,0.49152035638420344,0.49152035638420344,0.2936087031441085,11.59223308297782,"{'bias_segment_0_end': {'mean': 0.49152035638420344, 'abs_mean': 0.49152035638420344, 'std': 0.2936087031441085}}"
1,830,27.0,True,0.30492424242424243,0.0,4,6,ATTACK,ATTACK,1,27,27,1.0,18,5.0396721102268165,5.098285550127842,3.5772656974589077,0.39191803154843224,0.39647619793026423,0.2781916957710025,12.858995260604708,"{'bias_segment_0_end': {'mean': 0.39191803154843224, 'abs_mean': 0.39647619793026423, 'std': 0.2781916957710025}}"
1,831,29.0,True,0.20052083333333334,0.0,4,6,ATTACK,ATTACK,1,29,29,1.0,19,4.026402399132325,4.065257029427309,3.748137428298632,0.2941173082500698,0.2969555291089377,0.27379083908754237,13.689783926993247,"{'bias_segment_0_end': {'mean': 0.2941173082500698, 'abs_mean': 0.2969555291089377, 'std': 0.27379083908754237}}"
1,832,29.0,False,0.0,0.09666666666666666,6,5,ATTACK,ATTACK,1,29,29,1.0,19,0.7352642927533084,3.7202615198270648,4.560632419949887,0.05370897719601905,0.2717545828091213,0.3331413004231076,13.689783926993247,"{'bias_segment_0_end': {'mean': 0.05370897719601905, 'abs_mean': 0.2717545828091213, 'std': 0.3331413004231076}}"
1,833,21.0,True,0.4237938596491228,0.0,3,6,SWITCH,SWITCH,1,21,21,1.0,13,6.808463615919441,6.808463615919441,2.839769267268362,0.6609978691344274,0.6609978691344274,0.2756982397774527,10.300280732879038,"{'bias_segment_0_end': {'mean': 0.6609978691344274, 'abs_mean': 0.6609978691344274, 'std': 0.2756982397774527}}"
1,834,25.0,True,0.2865853658536585,0.0,4,6,ATTACK,ATTACK,1,25,25,1.0,16,6.882022531209364,6.882022531209364,2.285684800947132,0.5726782554532315,0.5726782554532315,0.1902001887361373,12.017258322062121,"{'bias_segment_0_end': {'mean': 0.5726782554532315, 'abs_mean': 0.5726782554532315, 'std': 0.1902001887361373}}"
1,835,24.0,True,0.44166666666666665,0.0,3,6,ATTACK,ATTACK,1,24,24,1.0,16,6.708726980956503,6.769166026048574,4.147715937094371,0.5787260256876376,0.5839397791257754,0.35780128879438494,11.59223308297782,"{'bias_segment_0_end': {'mean': 0.5787260256876376, 'abs_mean': 0.5839397791257754, 'std': 0.35780128879438494}}"
1,836,22.0,True,0.5645833333333333,0.0,2,6,ATTACK,ATTACK,1,22,22,1.0,16,6.2463659867678,6.39576295923255,4.7321489591702965,0.5819361441684573,0.5958545566167109,0.44086570091537447,10.733765292570691,"{'bias_segment_0_end': {'mean': 0.5819361441684573, 'abs_mean': 0.5958545566167109, 'std': 0.44086570091537447}}"
1,837,30.0,True,0.3333333333333333,0.0,4,6,ATTACK,ATTACK,1,30,30,1.0,20,3.6776634411081845,3.916000089312663,3.7692248333833107,0.2608064183411362,0.2777083802995995,0.26729961685154907,14.101123218132539,"{'bias_segment_0_end': {'mean': 0.2608064183411362, 'abs_mean': 0.2777083802995995, 'std': 0.26729961685154907}}"
1,838,22.0,True,0.5903307888040713,0.0,2,6,ATTACK,ATTACK,1,22,22,1.0,15,8.641621422364613,8.641621422364613,4.086725309142803,0.8050876078262916,0.8050876078262916,0.38073548263361084,10.733765292570691,"{'bias_segment_0_end': {'mean': 0.8050876078262916, 'abs_mean': 0.8050876078262916, 'std': 0.38073548263361084}}"
1,839,26.0,True,0.18159203980099503,0.0,4,6,ATTACK,ATTACK,1,26,26,1.0,17,4.930383337743957,5.090242039641326,3.0671792299161216,0.3963488203420444,0.4091997091225151,0.24656761681154438,12.439505518116826,"{'bias_segment_0_end': {'mean': 0.3963488203420444, 'abs_mean': 0.4091997091225151, 'std': 0.24656761681154438}}"
1,840,28.0,True,0.3471615720524017,0.0,3,6,ATTACK,ATTACK,1,28,28,1.0,20,2.7415182298088037,4.735827001285206,5.306348134242643,0.20650574527730645,0.35672769700057677,0.3997023854329952,13.27574797557014,"{'bias_segment_0_end': {'mean': 0.20650574527730645, 'abs_mean': 0.35672769700057677, 'std': 0.3997023854329952}}"
1,841,26.0,True,0.5451263537906138,0.0,2,6,ATTACK,ATTACK,1,26,26,1.0,19,7.447438665819657,7.447438665819657,3.1426076555983817,0.5986925006764336,0.5986925006764336,0.25263123610673316,12.439505518116826,"{'bias_segment_0_end': {'mean': 0.5986925006764336, 'abs_mean': 0.5986925006764336, 'std': 0.25263123610673316}}"
1,842,23.0,True,0.19056603773584904,0.0,4,6,ATTACK,ATTACK,1,23,23,1.0,14,5.871578890315167,5.871578890315167,2.891603842002982,0.525919362663838,0.525919362663838,0.2590019614947019,11.164409046616939,"{'bias_segment_0_end': {'mean': 0.525919362663838, 'abs_mean': 0.525919362663838, 'std': 0.2590019614947019}}"
1,843,26.0,False,0.0,0.13333333333333333,6,4,ATTACK,ATTACK,1,26,26,1.0,17,5.680622489918685,5.680622489918685,2.2897155850110913,0.4566598311842428,0.4566598311842428,0.18406805493002615,12.439505518116826,"{'bias_segment_0_end': {'mean': 0.4566598311842428, 'abs_mean': 0.4566598311842428, 'std': 0.18406805493002615}}"
1,844,26.0,True,0.31712062256809337,0.0,4,6,ATTACK,ATTACK,1,26,26,1.0,18,3.445715779807508,5.112152754935338,5.231172505091662,0.27699780950208885,0.41096109065509295,0.4205289750041118,12.439505518116826,"{'bias_segment_0_end': {'mean': 0.27699780950208885, 'abs_mean': 0.41096109065509295, 'std': 0.4205289750041118}}"
1,845,27.0,True,0.16666666666666666,0.0,5,6,ATTACK,ATTACK,1,27,27,1.0,17,3.414249526540836,4.183443862217426,4.04622522865531,0.2655144867345007,0.3253320945714926,0.3146610716197614,12.858995260604708,"{'bias_segment_0_end': {'mean': 0.2655144867345007, 'abs_mean': 0.3253320945714926, 'std': 0.3146610716197614}}"
1,846,17.0,True,0.9172374429223744,0.0,0,6,ATTACK,ATTACK,1,17,17,1.0,12,16.677239515480114,16.677239515480114,4.514413992085656,1.953408651080251,1.953408651080251,0.5287742817696157,8.537506735345655,"{'bias_segment_0_end': {'mean': 1.953408651080251, 'abs_mean': 1.953408651080251, 'std': 0.5287742817696157}}"
1,847,30.0,True,0.3782924613987284,0.0,3,6,ATTACK,ATTACK,1,30,30,1.0,22,5.215454470720407,5.215454470720407,2.9410945503976618,0.3698609245548532,0.3698609245548532,0.20857165098846367,14.101123218132539,"{'bias_segment_0_end': {'mean': 0.3698609245548532, 'abs_mean': 0.3698609245548532, 'std': 0.20857165098846367}}"
1,848,25.0,False,0.0,0.16666666666666666,6,4,ATTACK,ATTACK,1,25,25,1.0,16,3.7387172486165894,4.299590141397481,4.92901274014942,0.3111123309842472,0.35778461494033065,0.4101611705475611,12.017258322062121,"{'bias_segment_0_end': {'mean': 0.3111123309842472, 'abs_mean': 0.35778461494033065, 'std': 0.4101611705475611}}"
1,849,25.0,True,0.3333333333333333,0.0,4,6,ATTACK,ATTACK,1,25,25,1.0,16,3.7008025147298707,4.384939455976409,4.169029941153986,0.3079573073615035,0.36488684344300326,0.34692022335079453,12.017258322062121,"{'bias_segment_0_end': {'mean': 0.3079573073615035, 'abs_mean': 0.36488684344300326, 'std': 0.34692022335079453}}"
1,850,25.0,True,0.43908969210174026,0.0,3,6,ATTACK,ATTACK,1,25,25,1.0,17,3.848183267293347,4.67572997057163,4.4655599654028615,0.3202213986054193,0.38908458529077294,0.37159557078045624,12.017258322062121,"{'bias_segment_0_end': {'mean': 0.3202213986054193, 'abs_mean': 0.38908458529077294, 'std': 0.37159557078045624}}"
1,851,36.0,True,0.16348600508905853,0.0,5,6,ATTACK,ATTACK,1,36,36,1.0,25,-1.1636102634679804,5.241344640405127,5.786381745550709,-0.07046360574340817,0.3173949679733082,0.35040024551189325,16.513634963632775,"{'bias_segment_0_end': {'mean': -0.07046360574340817, 'abs_mean': 0.3173949679733082, 'std': 0.35040024551189325}}"
1,852,37.0,True,0.23700887198986056,0.0,4,6,ATTACK,ATTACK,1,37,37,1.0,28,2.45577711218453,3.8871988331014777,4.392140570581592,0.1452551217632208,0.22992133000121298,0.2597877919032714,16.906647300104652,"{'bias_segment_0_end': {'mean': 0.1452551217632208, 'abs_mean': 0.22992133000121298, 'std': 0.2597877919032714}}"
1,853,16.0,True,0.7621654501216545,0.0,1,6,ATTACK,ATTACK,1,16,16,1.0,10,14.788332017812422,14.788332017812422,2.942243633767585,1.8280906826195606,1.8280906826195606,0.36371161848467126,8.089495864954301,"{'bias_segment_0_end': {'mean': 1.8280906826195606, 'abs_mean': 1.8280906826195606, 'std': 0.36371161848467126}}"
1,854,29.0,True,0.28969696969696973,0.0,4,6,ATTACK,ATTACK,1,29,29,1.0,20,2.2927652142000103,3.273747626395567,4.016125827622705,0.167480014763358,0.23913800567300816,0.2933666337643056,13.689783926993247,"{'bias_segment_0_end': {'mean': 0.167480014763358, 'abs_mean': 0.23913800567300816, 'std': 0.2933666337643056}}"
1,855,30.0,False,0.0,0.16666666666666666,6,5,ATTACK,ATTACK,1,30,30,1.0,20,2.391605205939727,3.4491673135329473,4.320471535165981,0.16960387970118426,0.24460231005553418,0.30639201348232425,14.101123218132539,"{'bias_segment_0_end': {'mean': 0.16960387970118426, 'abs_mean': 0.24460231005553418, 'std': 0.30639201348232425}}"
1,856,24.0,False,0.0,0.05666666666666667,6,5,ATTACK,ATTACK,1,24,24,1.0,15,3.9599503066858746,4.70333920645167,5.354678265763396,0.34160375126520837,0.40573193903063515,0.46191947896788527,11.59223308297782,"{'bias_segment_0_end': {'mean': 0.34160375126520837, 'abs_mean': 0.40573193903063515, 'std': 0.46191947896788527}}"
1,857,33.0,True,0.027465667915106115,0.0,5,6,ATTACK,ATTACK,1,33,33,1.0,23,0.6840404625311123,5.7050358996488715,7.305579354058143,0.044652609697776686,0.3724118020682713,0.47689164805518586,15.319159779482533,"{'bias_segment_0_end': {'mean': 0.044652609697776686, 'abs_mean': 0.3724118020682713, 'std': 0.47689164805518586}}"
1,858,28.0,True,0.10984848484848485,0.0,5,6,ATTACK,ATTACK,1,28,28,1.0,18,2.6362865359960246,4.723727551914122,6.45100151179414,0.19857913398531554,0.3558163020725208,0.48592377044707313,13.27574797557014,"{'bias_segment_0_end': {'mean': 0.19857913398531554, 'abs_mean': 0.3558163020725208, 'std': 0.48592377044707313}}"
1,859,28.0,True,0.13069544364508393,0.0,5,6,ATTACK,ATTACK,1,28,28,1.0,16,3.6035737698936425,3.9554838597218653,3.982523106519846,0.27144035699720215,0.2979480980657884,0.29998483805571136,13.27574797557014,"{'bias_segment_0_end': {'mean': 0.27144035699720215, 'abs_mean': 0.2979480980657884, 'std': 0.29998483805571136}}"
1,860,26.0,False,0.0,0.008333333333333333,6,5,ATTACK,ATTACK,1,26,26,1.0,16,3.7961351177403886,4.339802566361237,4.031865751485504,0.30516768630487107,0.34887259465746234,0.3241178474187352,12.439505518116826,"{'bias_segment_0_end': {'mean': 0.30516768630487107, 'abs_mean': 0.34887259465746234, 'std': 0.3241178474187352}}"
1,861,28.0,False,0.0,0.12666666666666668,6,4,ATTACK,ATTACK,1,28,28,1.0,20,4.00801921372822,4.092316573861844,3.305745702014187,0.30190534055811585,0.3082550664107568,0.24900636168277507,13.27574797557014,"{'bias_segment_0_end': {'mean': 0.30190534055811585, 'abs_mean': 0.3082550664107568, 'std': 0.24900636168277507}}"
1,862,27.0,True,0.3333333333333333,0.0,4,6,ATTACK,ATTACK,1,27,27,1.0,18,5.616106069057474,5.616106069057474,2.9411670011733073,0.43674532537259597,0.43674532537259597,0.22872447975651525,12.858995260604708,"{'bias_segment_0_end': {'mean': 0.43674532537259597, 'abs_mean': 0.43674532537259597, 'std': 0.22872447975651525}}"
1,863,29.0,True,0.16666666666666666,0.0,5,6,ATTACK,ATTACK,1,29,29,1.0,19,2.7904991853682652,4.402388672752485,4.881517680257789,0.20383807372342913,0.32158204221703907,0.3565810611979426,13.689783926993247,"{'bias_segment_0_end': {'mean': 0.20383807372342913, 'abs_mean': 0.32158204221703907, 'std': 0.3565810611979426}}"
1,864,23.0,True,0.3359133126934985,0.0,3,6,ATTACK,ATTACK,1,23,23,1.0,16,6.706374137268717,6.706374137268717,2.116808874076096,0.6006922631790257,0.6006922631790257,0.18960330683311322,11.164409046616939,"{'bias_segment_0_end': {'mean': 0.6006922631790257, 'abs_mean': 0.6006922631790257, 'std': 0.18960330683311322}}"
1,865,21.0,True,0.3904569892473118,0.0,3,6,ATTACK,ATTACK,1,21,21,1.0,13,7.264352681979827,7.264352681979827,2.382142231813284,0.7052577371791072,0.7052577371791072,0.2312696414389329,10.300280732879038,"{'bias_segment_0_end': {'mean': 0.7052577371791072, 'abs_mean': 0.7052577371791072, 'std': 0.2312696414389329}}"
1,866,23.0,True,0.279874213836478,0.0,4,6,ATTACK,ATTACK,1,23,23,1.0,14,6.330808069365778,7.460452785994063,4.739959225026377,0.5670526798983734,0.6682353499269846,0.42455979579704567,11.164409046616939,"{'bias_segment_0_end': {'mean': 0.5670526798983734, 'abs_mean': 0.6682353499269846, 'std': 0.42455979579704567}}"
1,867,25.0,True,0.27628635346756153,0.0,4,6,ATTACK,ATTACK,1,25,25,1.0,16,5.777114274678601,5.777114274678601,3.071125622055955,0.48073479988963636,0.48073479988963636,0.2555595910273285,12.017258322062121,"{'bias_segment_0_end': {'mean': 0.48073479988963636, 'abs_mean': 0.48073479988963636, 'std': 0.2555595910273285}}"
1,868,24.0,False,0.0,0.043333333333333335,6,5,ATTACK,ATTACK,1,24,24,1.0,15,3.9911963131746746,4.121852062380831,4.019754138672759,0.3442991772685624,0.3555701505375535,0.3467627082632954,11.59223308297782,"{'bias_segment_0_end': {'mean': 0.3442991772685624, 'abs_mean': 0.3555701505375535, 'std': 0.3467627082632954}}"
1,869,27.0,True,0.3688172043010753,0.0,3,6,ATTACK,ATTACK,1,27,27,1.0,19,2.3532352804832546,4.568515449294234,5.134919111899331,0.18300304438968987,0.35527779244856766,0.39932506450413413,12.858995260604708,"{'bias_segment_0_end': {'mean': 0.18300304438968987, 'abs_mean': 0.35527779244856766, 'std': 0.39932506450413413}}"
1,870,32.0,False,0.0,0.13,6,5,ATTACK,ATTACK,1,32,32,1.0,21,1.37137296802732,4.727344820680701,6.591767374574025,0.09194101257202424,0.3169355672918873,0.4419321229069874,14.91579143696097,"{'bias_segment_0_end': {'mean': 0.09194101257202424, 'abs_mean': 0.3169355672918873, 'std': 0.4419321229069874}}"
1,871,27.0,True,0.0730593607305936,0.0,5,6,ATTACK,ATTACK,1,27,27,1.0,17,4.914935924799751,4.920996390582561,3.5224471080103594,0.38221772581698743,0.38268902747469763,0.2739286419057839,12.858995260604708,"{'bias_segment_0_end': {'mean': 0.38221772581698743, 'abs_mean': 0.38268902747469763, 'std': 0.2739286419057839}}"
1,872,30.0,True,0.24823943661971834,0.0,4,6,ATTACK,ATTACK,1,30,30,1.0,21,4.609965343879181,5.775107872313786,5.039287471443672,0.32692185385283756,0.4095494935387569,0.35736780634351784,14.101123218132539,"{'bias_segment_0_end': {'mean': 0.32692185385283756, 'abs_mean': 0.4095494935387569, 'std': 0.35736780634351784}}"
1,873,36.0,False,0.0,0.12666666666666668,6,5,ATTACK,ATTACK,1,36,36,1.0,26,1.8378520768869393,2.8104353264088497,4.040835369843039,0.1112930061088523,0.1701887762808215,0.24469690523873072,16.513634963632775,"{'bias_segment_0_end': {'mean': 0.1112930061088523, 'abs_mean': 0.1701887762808215, 'std': 0.24469690523873072}}"
1,874,37.0,True,0.7705956907477821,0.0,1,6,ATTACK,ATTACK,1,37,37,1.0,31,8.385711510732554,10.123784273002915,9.5491205852158,0.4960008546863486,0.5988049607529371,0.564814561734939,16.906647300104652,"{'bias_segment_0_end': {'mean': 0.4960008546863486, 'abs_mean': 0.5988049607529371, 'std': 0.564814561734939}}"
1,875,25.0,False,0.0,0.10833333333333334,6,5,ATTACK,ATTACK,1,25,25,1.0,16,4.678818929372205,4.740619713249678,3.96529111956279,0.3893416288457828,0.3944842980155064,0.3299663711383346,12.017258322062121,"{'bias_segment_0_end': {'mean': 0.3893416288457828, 'abs_mean': 0.3944842980155064, 'std': 0.3299663711383346}}"
1,876,31.0,True,0.48732572877059566,0.0,3,6,ATTACK,ATTACK,1,31,31,1.0,23,5.8485367506266135,6.439926738212669,4.776460211215015,0.4030753337176197,0.44383334324504015,0.3291888853084748,14.509785792856013,"{'bias_segment_0_end': {'mean': 0.4030753337176197, 'abs_mean': 0.44383334324504015, 'std': 0.3291888853084748}}"
1,877,41.0,True,0.4765957446808511,0.0,3,6,ATTACK,ATTACK,1,41,41,1.0,33,4.282541839610433,7.20238701780696,6.444120838884816,0.23207246134918907,0.39029990725413566,0.349209194053698,18.453468432718015,"{'bias_segment_0_end': {'mean': 0.23207246134918907, 'abs_mean': 0.39029990725413566, 'std': 0.349209194053698}}"
1,878,38.0,True,0.16666666666666666,0.0,5,6,ATTACK,ATTACK,1,38,38,1.0,28,-2.4775897195303203,6.910757992078918,7.289929580407692,-0.14323713896393675,0.3995323338059362,0.42145341826172783,17.297118173758776,"{'bias_segment_0_end': {'mean': -0.14323713896393675, 'abs_mean': 0.3995323338059362, 'std': 0.42145341826172783}}"
1,879,25.0,True,0.3841145833333333,0.0,3,6,ATTACK,ATTACK,1,25,25,1.0,17,7.10689351814784,7.10689351814784,3.365738082057176,0.5913905924033029,0.5913905924033029,0.28007537092533985,12.017258322062121,"{'bias_segment_0_end': {'mean': 0.5913905924033029, 'abs_mean': 0.5913905924033029, 'std': 0.28007537092533985}}"
1,880,28.0,True,0.37325728770595684,0.0,3,6,ATTACK,ATTACK,1,28,28,1.0,20,3.9715542500877348,4.494934901056776,4.485796656947303,0.2991586054055965,0.33858242182122594,0.3378940806350051,13.27574797557014,"{'bias_segment_0_end': {'mean': 0.2991586054055965, 'abs_mean': 0.33858242182122594, 'std': 0.3378940806350051}}"
1,881,30.0,True,0.1671826625386997,0.0,4,6,SWITCH,SWITCH,1,30,30,1.0,21,4.111277949419138,4.228962021881994,3.2349079440697053,0.29155677074947295,0.2999024940399075,0.22940782049971448,14.101123218132539,"{'bias_segment_0_end': {'mean': 0.29155677074947295, 'abs_mean': 0.2999024940399075, 'std': 0.22940782049971448}}"
1,882,25.0,True,0.20112781954887218,0.0,4,6,ATTACK,ATTACK,1,25,25,1.0,17,5.152610948262586,5.152610948262586,3.292901888782889,0.42876759491830696,0.42876759491830696,0.2740144049943197,12.017258322062121,"{'bias_segment_0_end': {'mean': 0.42876759491830696, 'abs_mean': 0.42876759491830696, 'std': 0.2740144049943197}}"
1,883,24.0,True,0.4059343434343434,0.0,3,6,ATTACK,ATTACK,1,24,24,1.0,16,6.281275211445599,6.281275211445599,3.511643729456992,0.5418520458037634,0.5418520458037634,0.3029307385661123,11.59223308297782,"{'bias_segment_0_end': {'mean': 0.5418520458037634, 'abs_mean': 0.5418520458037634, 'std': 0.3029307385661123}}"
1,884,25.0,False,0.0,0.16666666666666666,6,4,ATTACK,ATTACK,1,25,25,1.0,16,3.551116883931531,3.8260408569717788,3.8935378306766824,0.2955014187730443,0.3183788476900481,0.32399551764054657,12.017258322062121,"{'bias_segment_0_end': {'mean': 0.2955014187730443, 'abs_mean': 0.3183788476900481, 'std': 0.32399551764054657}}"
1,885,22.0,True,0.3671775223499361,0.0,3,6,ATTACK,ATTACK,1,22,22,1.0,14,7.094376396729846,7.094376396729846,2.4031654840884267,0.6609401457324743,0.6609401457324743,0.22388839503988062,10.733765292570691,"{'bias_segment_0_end': {'mean': 0.6609401457324743, 'abs_mean': 0.6609401457324743, 'std': 0.22388839503988062}}"
1,886,20.0,True,0.5,0.0,3,6,ATTACK,ATTACK,1,20,20,1.0,13,8.500802351010122,8.500802351010122,2.7024541778247375,0.8618064816399919,0.8618064816399919,0.2739732593015396,9.863934110629282,"{'bias_segment_0_end': {'mean': 0.8618064816399919, 'abs_mean': 0.8618064816399919, 'std': 0.2739732593015396}}"
1,887,32.0,True,0.05925925925925926,0.0,5,6,ATTACK,ATTACK,1,32,32,1.0,22,1.2122433931324146,4.579353219608668,5.644517179235032,0.08127248213785726,0.30701376048079776,0.3784255902940595,14.91579143696097,"{'bias_segment_0_end': {'mean': 0.08127248213785726, 'abs_mean': 0.30701376048079776, 'std': 0.3784255902940595}}"
1,888,25.0,True,0.20790960451977403,0.0,4,6,ATTACK,ATTACK,1,25,25,1.0,16,6.028215463338269,6.071771804550641,2.9144435244950584,0.5016298478223814,0.5052543302163738,0.24252150086051824,12.017258322062121,"{'bias_segment_0_end': {'mean': 0.5016298478223814, 'abs_mean': 0.5052543302163738, 'std': 0.24252150086051824}}"
1,889,23.0,True,0.48333333333333334,0.0,3,6,ATTACK,ATTACK,1,23,23,1.0,15,8.006823342750204,8.006823342750204,2.9132435196803064,0.7171739506603305,0.7171739506603305,0.2609402349480453,11.164409046616939,"{'bias_segment_0_end': {'mean': 0.7171739506603305, 'abs_mean': 0.7171739506603305, 'std': 0.2609402349480453}}"
1,890,26.0,True,0.22802197802197802,0.0,4,6,ATTACK,ATTACK,1,26,26,1.0,16,3.684165683442387,5.08319026928287,5.088647113603807,0.2961665701322925,0.40863282402019424,0.40907149453752245,12.439505518116826,"{'bias_segment_0_end': {'mean': 0.2961665701322925, 'abs_mean': 0.40863282402019424, 'std': 0.40907149453752245}}"
1,891,56.0,True,0.03286384976525821,0.0,5,6,ATTACK,ATTACK,1,56,56,1.0,46,-7.0126972341202025,10.538356574063483,10.514599282532329,-0.29327544644385245,0.4407207563454322,0.4397272113444878,23.911641152212116,"{'bias_segment_0_end': {'mean': -0.29327544644385245, 'abs_mean': 0.4407207563454322, 'std': 0.4397272113444878}}"
1,892,23.0,True,0.37453874538745385,0.0,3,6,ATTACK,ATTACK,1,23,23,1.0,16,5.457230080699742,5.470924330339775,3.9690081434116355,0.4888059957238313,0.49003259442537045,0.3555054393688963,11.164409046616939,"{'bias_segment_0_end': {'mean': 0.4888059957238313, 'abs_mean': 0.49003259442537045, 'std': 0.3555054393688963}}"
1,893,21.0,True,0.3333333333333333,0.0,4,6,ATTACK,ATTACK,1,21,21,1.0,12,6.348393096699182,6.348393096699182,2.6041921934340877,0.6163320458281081,0.6163320458281081,0.2528273025725764,10.300280732879038,"{'bias_segment_0_end': {'mean': 0.6163320458281081, 'abs_mean': 0.6163320458281081, 'std': 0.2528273025725764}}"
1,894,21.0,True,0.41633199464524767,0.0,3,6,SWITCH,SWITCH,1,21,21,1.0,13,6.6151004262221775,6.6151004262221775,3.567450738686023,0.6422252555803094,0.6422252555803094,0.3463450008016318,10.300280732879038,"{'bias_segment_0_end': {'mean': 0.6422252555803094, 'abs_mean': 0.6422252555803094, 'std': 0.3463450008016318}}"
1,895,23.0,True,0.2770114942528736,0.0,4,6,ATTACK,ATTACK,1,23,23,1.0,14,6.934255071279098,6.934255071279098,2.3507424203687393,0.6211036376690561,0.6211036376690561,0.21055681590966663,11.164409046616939,"{'bias_segment_0_end': {'mean': 0.6211036376690561, 'abs_mean': 0.6211036376690561, 'std': 0.21055681590966663}}"
1,896,40.0,True,0.16666666666666666,0.0,5,6,ATTACK,ATTACK,1,40,40,1.0,30,0.2759175284333973,4.862374236791814,5.844970517490716,0.015268939541678715,0.26907786059163563,0.3234535404879256,18.070510245995923,"{'bias_segment_0_end': {'mean': 0.015268939541678715, 'abs_mean': 0.26907786059163563, 'std': 0.3234535404879256}}"
1,897,33.0,False,0.0,0.16666666666666666,6,5,ATTACK,ATTACK,1,33,33,1.0,23,1.503672082418031,3.4327846151819816,4.900977976519241,0.09815630256901879,0.22408439265576602,0.3199247247935416,15.319159779482533,"{'bias_segment_0_end': {'mean': 0.09815630256901879, 'abs_mean': 0.22408439265576602, 'std': 0.3199247247935416}}"
1,898,22.0,True,0.3333333333333333,0.0,4,6,ATTACK,ATTACK,1,22,22,1.0,14,6.2732275677031915,6.2732275677031915,3.8364819383171618,0.5844386752191392,0.5844386752191392,0.3574218211173817,10.733765292570691,"{'bias_segment_0_end': {'mean': 0.5844386752191392, 'abs_mean': 0.5844386752191392, 'std': 0.3574218211173817}}"
1,899,19.0,False,0.0,0.13666666666666666,6,4,ATTACK,ATTACK,1,19,19,1.0,11,6.762453682571231,6.762453682571231,3.844520588513937,0.7175242515432823,0.7175242515432823,0.4079195048574951,9.424703998542563,"{'bias_segment_0_end': {'mean': 0.7175242515432823, 'abs_mean': 0.7175242515432823, 'std': 0.4079195048574951}}"
1,900,21.0,True,0.5998774509803921,0.0,2,6,ATTACK,ATTACK,1,21,21,1.0,14,8.829466249150467,8.829466249150467,2.639880811018343,0.8572063692367478,0.8572063692367478,0.2562921224653329,10.300280732879038,"{'bias_segment_0_end': {'mean': 0.8572063692367478, 'abs_mean': 0.8572063692367478, 'std': 0.2562921224653329}}"
1,901,20.0,True,0.6150793650793651,0.0,2,6,ATTACK,ATTACK,1,20,20,1.0,13,9.773634363186636,9.773634363186636,2.3300042064251167,0.9908454632370933,0.9908454632370933,0.23621449416560136,9.863934110629282,"{'bias_segment_0_end': {'mean': 0.9908454632370933, 'abs_mean': 0.9908454632370933, 'std': 0.23621449416560136}}"
1,902,31.0,True,0.16666666666666666,0.0,5,6,ATTACK,ATTACK,1,31,31,1.0,21,2.359520986820855,3.100116464627905,3.655846768082619,0.16261583875225652,0.21365694221028872,0.2519573217877964,14.509785792856013,"{'bias_segment_0_end': {'mean': 0.16261583875225652, 'abs_mean': 0.21365694221028872, 'std': 0.2519573217877964}}"
1,903,23.0,True,0.2452471482889734,0.0,4,6,ATTACK,ATTACK,1,23,23,1.0,14,8.006271579962014,8.006271579962014,1.8903119796184833,0.7171245290755529,0.7171245290755529,0.1693159012470337,11.164409046616939,"{'bias_segment_0_end': {'mean': 0.7171245290755529, 'abs_mean': 0.7171245290755529, 'std': 0.1693159012470337}}"
1,904,27.0,True,0.471875,0.0,3,6,ATTACK,ATTACK,1,27,27,1.0,20,7.756321201029045,7.756321201029045,4.458836277861457,0.6031825227272302,0.6031825227272302,0.34674841910251825,12.858995260604708,"{'bias_segment_0_end': {'mean': 0.6031825227272302, 'abs_mean': 0.6031825227272302, 'std': 0.34674841910251825}}"
1,905,29.0,True,0.08213429256594725,0.0,5,6,ATTACK,ATTACK,1,29,29,1.0,18,3.4521038035723164,3.847791039232866,4.2149259156392915,0.25216642000941486,0.2810702535374475,0.30788841797045335,13.689783926993247,"{'bias_segment_0_end': {'mean': 0.25216642000941486, 'abs_mean': 0.2810702535374475, 'std': 0.30788841797045335}}"
1,906,34.0,False,0.0,0.09166666666666667,6,4,ATTACK,ATTACK,1,34,34,1.0,26,0.8327057973445138,5.306753853992677,6.258645203274216,0.05297140898207405,0.33758168811059963,0.3981349184712972,15.71991029399101,"{'bias_segment_0_end': {'mean': 0.05297140898207405, 'abs_mean': 0.33758168811059963, 'std': 0.3981349184712972}}"
1,907,29.0,True,0.03167185877466251,0.0,5,6,ATTACK,ATTACK,1,29,29,1.0,19,2.8201158865601346,4.068207622478232,5.567800809985753,0.2060014899869592,0.29717106158678075,0.4067121029578321,13.689783926993247,"{'bias_segment_0_end': {'mean': 0.2060014899869592, 'abs_mean': 0.29717106158678075, 'std': 0.4067121029578321}}"
1,908,22.0,True,0.2470657276995305,0.0,4,6,ATTACK,ATTACK,1,22,22,1.0,14,6.320538787005282,6.320538787005282,3.014292037237609,0.5888463754075194,0.5888463754075194,0.28082336021674825,10.733765292570691,"{'bias_segment_0_end': {'mean': 0.5888463754075194, 'abs_mean': 0.5888463754075194, 'std': 0.28082336021674825}}"
1,909,44.0,False,0.0,0.2683333333333333,6,4,ATTACK,ATTACK,1,44,44,1.0,35,-3.6717147035836772,7.922235980412998,8.152508836625602,-0.18745087408099625,0.40445137465471154,0.4162074209869743,19.587610469061637,"{'bias_segment_0_end': {'mean': -0.18745087408099625, 'abs_mean': 0.40445137465471154, 'std': 0.4162074209869743}}"
1,910,31.0,False,0.0,0.06166666666666667,6,5,ATTACK,ATTACK,1,31,31,1.0,21,2.3382594947377062,4.02900233566373,5.046414852704918,0.16115051787249426,0.27767483222580974,0.34779389060240656,14.509785792856013,"{'bias_segment_0_end': {'mean': 0.16115051787249426, 'abs_mean': 0.27767483222580974, 'std': 0.34779389060240656}}"
1,911,31.0,True,0.050647820965842166,0.0,5,6,ATTACK,ATTACK,1,31,31,1.0,21,0.8613563791883112,4.7032676407147385,5.877082014422469,0.059363824627404596,0.32414452617421985,0.4050426448966661,14.509785792856013,"{'bias_segment_0_end': {'mean': 0.059363824627404596, 'abs_mean': 0.32414452617421985, 'std': 0.4050426448966661}}"
1,912,30.0,True,0.13596491228070176,0.0,5,6,ATTACK,ATTACK,1,30,30,1.0,20,2.223322554038482,3.7315836165087584,4.433492474810721,0.15766989052187888,0.2646302396471751,0.31440704447640905,14.101123218132539,"{'bias_segment_0_end': {'mean': 0.15766989052187888, 'abs_mean': 0.2646302396471751, 'std': 0.31440704447640905}}"
1,913,29.0,True,0.2074074074074074,0.0,4,6,ATTACK,ATTACK,1,29,29,1.0,20,2.8941030416851934,4.419874583515859,4.459615650731078,0.21140604242691205,0.3228593385466688,0.3257623111156412,13.689783926993247,"{'bias_segment_0_end': {'mean': 0.21140604242691205, 'abs_mean': 0.3228593385466688, 'std': 0.3257623111156412}}"
1,914,26.0,True,0.09881422924901186,0.0,5,6,ATTACK,ATTACK,1,26,26,1.0,16,3.8715755612194864,3.9005732259658847,3.1438802839526074,0.3112322716993007,0.31356336634805226,0.2527335414879537,12.439505518116826,"{'bias_segment_0_end': {'mean': 0.3112322716993007, 'abs_mean': 0.31356336634805226, 'std': 0.2527335414879537}}"
1,915,27.0,True,0.31718346253229973,0.0,4,6,ATTACK,ATTACK,1,27,27,1.0,18,4.486092815103752,4.498220551022221,4.045746196807172,0.34886806660917835,0.3498111990758045,0.3146238189543369,12.858995260604708,"{'bias_segment_0_end': {'mean': 0.34886806660917835, 'abs_mean': 0.3498111990758045, 'std': 0.3146238189543369}}"
1,916,29.0,True,0.2707622298065984,0.0,4,6,ATTACK,ATTACK,1,29,29,1.0,20,4.84526172967137,4.880516834569495,2.997757459814087,0.35393266654249955,0.356507952250889,0.21897770452776594,13.689783926993247,"{'bias_segment_0_end': {'mean': 0.35393266654249955, 'abs_mean': 0.356507952250889, 'std': 0.21897770452776594}}"
1,917,36.0,False,0.0,0.006666666666666667,6,5,ATTACK,ATTACK,1,36,36,1.0,26,-0.6613899374681905,5.337305786114019,6.186356069132219,-0.04005114191543771,0.3232059929790216,0.37462109842903446,16.513634963632775,"{'bias_segment_0_end': {'mean': -0.04005114191543771, 'abs_mean': 0.3232059929790216, 'std': 0.37462109842903446}}"
1,918,23.0,True,0.2112403100775194,0.0,4,6,ATTACK,ATTACK,1,23,23,1.0,15,3.33965124251721,3.83334425741567,4.206144806314532,0.29913372293799984,0.3433539779319764,0.3767458527139048,11.164409046616939,"{'bias_segment_0_end': {'mean': 0.29913372293799984, 'abs_mean': 0.3433539779319764, 'std': 0.3767458527139048}}"
1,919,26.0,True,0.45194274028629855,0.0,3,6,ATTACK,ATTACK,1,26,26,1.0,18,7.649038703907943,7.649038703907943,2.8271802827481807,0.6148989357147618,0.6148989357147618,0.2272743300471784,12.439505518116826,"{'bias_segment_0_end': {'mean': 0.6148989357147618, 'abs_mean': 0.6148989357147618, 'std': 0.2272743300471784}}"
1,920,30.0,True,0.13624841571609633,0.0,5,6,ATTACK,ATTACK,1,30,30,1.0,21,2.990790545549509,3.6993089552265586,3.8199148315104394,0.21209590890629706,0.26234143890535205,0.27089436581891835,14.101123218132539,"{'bias_segment_0_end': {'mean': 0.21209590890629706, 'abs_mean': 0.26234143890535205, 'std': 0.27089436581891835}}"
1,921,28.0,True,0.5,0.0,3,6,ATTACK,ATTACK,1,28,28,1.0,20,4.823869812199725,5.247261178823415,5.188871212025998,0.3633595501418488,0.3952516414502111,0.39085339836026506,13.27574797557014,"{'bias_segment_0_end': {'mean': 0.3633595501418488, 'abs_mean': 0.3952516414502111, 'std': 0.39085339836026506}}"
1,922,39.0,False,0.0,0.16666666666666666,6,5,ATTACK,ATTACK,1,39,39,1.0,29,0.14098702602843674,5.557925766688955,6.410082730960476,0.007972094853220315,0.3142722606991132,0.3624573763113441,17.685066299918077,"{'bias_segment_0_end': {'mean': 0.007972094853220315, 'abs_mean': 0.3142722606991132, 'std': 0.3624573763113441}}"
1,923,24.0,True,0.2865296803652968,0.0,4,6,ATTACK,ATTACK,1,24,24,1.0,15,5.101856131029238,5.101856131029238,2.5842075247950125,0.44010986446786227,0.44010986446786227,0.22292577334298902,11.59223308297782,"{'bias_segment_0_end': {'mean': 0.44010986446786227, 'abs_mean': 0.44010986446786227, 'std': 0.22292577334298902}}"
1,924,28.0,False,0.0,0.16666666666666666,6,5,ATTACK,ATTACK,1,28,28,1.0,18,2.1387627854183706,5.939825026380121,7.5414490205385185,0.16110299693501973,0.447419236739844,0.5680620809024242,13.27574797557014,"{'bias_segment_0_end': {'mean': 0.16110299693501973, 'abs_mean': 0.447419236739844, 'std': 0.5680620809024242}}"
1,925,23.0,True,0.2145922746781116,0.0,4,6,ATTACK,ATTACK,1,23,23,1.0,14,5.8994071897961025,5.8994071897961025,2.7420131894872406,0.5284119531238202,0.5284119531238202,0.24560307473848167,11.164409046616939,"{'bias_segment_0_end': {'mean': 0.5284119531238202, 'abs_mean': 0.5284119531238202, 'std': 0.24560307473848167}}"
1,926,28.0,True,0.04256854256854257,0.0,5,6,ATTACK,ATTACK,1,28,28,1.0,19,1.1940447310556646,4.042796572285019,4.96814148294346,0.08994180465409032,0.30452495631316,0.37422686029335367,13.27574797557014,"{'bias_segment_0_end': {'mean': 0.08994180465409032, 'abs_mean': 0.30452495631316, 'std': 0.37422686029335367}}"
1,927,31.0,False,0.0,0.15666666666666665,6,5,ATTACK,ATTACK,1,31,31,1.0,22,1.412918396198415,4.637993731271932,5.633133520543752,0.09737693005048184,0.3196459132811925,0.3882299574206852,14.509785792856013,"{'bias_segment_0_end': {'mean': 0.09737693005048184, 'abs_mean': 0.3196459132811925, 'std': 0.3882299574206852}}"
1,928,27.0,True,0.15040650406504066,0.0,5,6,ATTACK,ATTACK,1,27,27,1.0,17,4.596679228734485,4.70299626213983,3.1914761558776994,0.3574679930722924,0.3657359044643326,0.24819016503219526,12.858995260604708,"{'bias_segment_0_end': {'mean': 0.3574679930722924, 'abs_mean': 0.3657359044643326, 'std': 0.24819016503219526}}"
1,929,28.0,True,0.04152637485970819,0.0,5,6,ATTACK,ATTACK,1,28,28,1.0,18,2.3311884792028117,3.4646005422457518,4.166060997478435,0.17559752441012247,0.2609721537815621,0.31380988891509287,13.27574797557014,"{'bias_segment_0_end': {'mean': 0.17559752441012247, 'abs_mean': 0.2609721537815621, 'std': 0.31380988891509287}}"
1,930,28.0,True,0.38685636856368566,0.0,3,6,ATTACK,ATTACK,1,28,28,1.0,20,4.200373518178119,4.272624052539216,3.8842396642457193,0.3163944906085587,0.32183678542268535,0.29258160605289035,13.27574797557014,"{'bias_segment_0_end': {'mean': 0.3163944906085587, 'abs_mean': 0.32183678542268535, 'std': 0.29258160605289035}}"
1,931,21.0,False,0.0,0.075,6,4,ATTACK,ATTACK,1,21,21,1.0,12,5.071509244785002,5.102526583148011,4.362147306184655,0.49236611858514484,0.4953774285841043,0.42349790450472397,10.300280732879038,"{'bias_segment_0_end': {'mean': 0.49236611858514484, 'abs_mean': 0.4953774285841043, 'std': 0.42349790450472397}}"
1,932,25.0,True,0.3475452196382429,0.0,3,6,ATTACK,ATTACK,1,25,25,1.0,18,6.161465394673719,6.204080315812522,4.2284676168363715,0.5127180617697192,0.516264205157564,0.3518662496480961,12.017258322062121,"{'bias_segment_0_end': {'mean': 0.5127180617697192, 'abs_mean': 0.516264205157564, 'std': 0.3518662496480961}}"
1,933,32.0,True,0.38850574712643676,0.0,3,6,ATTACK,ATTACK,1,32,32,1.0,23,4.985442712971892,5.86113767398571,5.310358039355519,0.33423923457511523,0.392948486760277,0.35602254575620984,14.91579143696097,"{'bias_segment_0_end': {'mean': 0.33423923457511523, 'abs_mean': 0.392948486760277, 'std': 0.35602254575620984}}"
1,934,36.0,True,0.3624091381100727,0.0,3,6,ATTACK,ATTACK,1,36,36,1.0,28,5.53116317212467,6.3837021103386276,4.835744083120329,0.3349452246162459,0.3865715891381372,0.2928334127386168,16.513634963632775,"{'bias_segment_0_end': {'mean': 0.3349452246162459, 'abs_mean': 0.3865715891381372, 'std': 0.2928334127386168}}"
1,935,35.0,True,0.09124087591240876,0.0,5,6,ATTACK,ATTACK,1,35,35,1.0,25,0.9296343450410508,3.9380784850678747,5.345158646484161,0.05767655737675585,0.2443270420351727,0.3316253869129511,16.118062299878208,"{'bias_segment_0_end': {'mean': 0.05767655737675585, 'abs_mean': 0.2443270420351727, 'std': 0.3316253869129511}}"
1,936,24.0,True,0.37747747747747745,0.0,3,6,ATTACK,ATTACK,1,24,24,1.0,16,7.129772920084108,7.129772920084108,2.4388046702043438,0.6150474088166461,0.6150474088166461,0.21038264609995763,11.59223308297782,"{'bias_segment_0_end': {'mean': 0.6150474088166461, 'abs_mean': 0.6150474088166461, 'std': 0.21038264609995763}}"
1,937,40.0,False,0.0,0.12666666666666668,6,5,ATTACK,ATTACK,1,40,40,1.0,30,-1.8883425013593882,7.59330786565165,8.180702978699621,-0.10449857118881349,0.42020439723522357,0.45271012646210723,18.070510245995923,"{'bias_segment_0_end': {'mean': -0.10449857118881349, 'abs_mean': 0.42020439723522357, 'std': 0.45271012646210723}}"
1,938,30.0,True,0.05555555555555555,0.0,5,6,ATTACK,ATTACK,1,30,30,1.0,20,1.1700041965708308,4.931890924553185,5.788473160851245,0.08297241137970698,0.34975163667893494,0.41049731083889024,14.101123218132539,"{'bias_segment_0_end': {'mean': 0.08297241137970698, 'abs_mean': 0.34975163667893494, 'std': 0.41049731083889024}}"
1,939,20.0,False,0.0,0.03666666666666667,6,2,ATTACK,ATTACK,1,20,20,1.0,14,6.213624287617483,6.213624287617483,4.476080127152176,0.6299336773673032,0.6299336773673032,0.45378244389617267,9.863934110629282,"{'bias_segment_0_end': {'mean': 0.6299336773673032, 'abs_mean': 0.6299336773673032, 'std': 0.45378244389617267}}"
1,940,23.0,True,0.2362421383647799,0.0,4,6,ATTACK,ATTACK,1,23,23,1.0,14,6.49106088925634,6.49106088925634,2.886079677222692,0.5814065806934291,0.5814065806934291,0.2585071601346637,11.164409046616939,"{'bias_segment_0_end': {'mean': 0.5814065806934291, 'abs_mean': 0.5814065806934291, 'std': 0.2585071601346637}}"
1,941,28.0,False,0.0,0.11166666666666668,6,5,ATTACK,ATTACK,1,28,28,1.0,18,2.273560426627564,3.9884275637221047,5.542634670886666,0.17125667275481132,0.300429593199687,0.41750074504925455,13.27574797557014,"{'bias_segment_0_end': {'mean': 0.17125667275481132, 'abs_mean': 0.300429593199687, 'std': 0.41750074504925455}}"
1,942,18.0,True,0.6666666666666666,0.0,2,6,ATTACK,ATTACK,1,18,18,1.0,12,12.824948466076215,12.824948466076215,3.0127537385450056,1.4277595591115104,1.4277595591115104,0.3354000182405886,8.98256879754819,"{'bias_segment_0_end': {'mean': 1.4277595591115104, 'abs_mean': 1.4277595591115104, 'std': 0.3354000182405886}}"
1,943,15.0,True,0.5830081382162631,0.0,1,6,ATTACK,ATTACK,1,15,15,1.0,9,12.637073463706766,12.637073463706766,2.4415432855931876,1.6543889765818272,1.6543889765818272,0.31963589585305213,7.638514063250427,"{'bias_segment_0_end': {'mean': 1.6543889765818272, 'abs_mean': 1.6543889765818272, 'std': 0.31963589585305213}}"
1,944,24.0,True,0.2503293807641634,0.0,4,6,ATTACK,ATTACK,1,24,24,1.0,16,4.362640002044151,4.376318758234066,3.1855433199363645,0.3763416393386971,0.3775216325369016,0.27479979889414546,11.59223308297782,"{'bias_segment_0_end': {'mean': 0.3763416393386971, 'abs_mean': 0.3775216325369016, 'std': 0.27479979889414546}}"
1,945,28.0,True,0.27901785714285715,0.0,4,6,ATTACK,ATTACK,1,28,28,1.0,19,4.864365173800329,5.032184740296059,3.4806731204343295,0.366409876321219,0.3790509393185393,0.26218282591982156,13.27574797557014,"{'bias_segment_0_end': {'mean': 0.366409876321219, 'abs_mean': 0.3790509393185393, 'std': 0.26218282591982156}}"
1,946,33.0,True,0.3333333333333333,0.0,4,6,ATTACK,ATTACK,1,33,33,1.0,22,3.33453908392264,5.398705297414751,5.388934997717775,0.21767114723802938,0.35241523524321616,0.3517774522422148,15.319159779482533,"{'bias_segment_0_end': {'mean': 0.21767114723802938, 'abs_mean': 0.35241523524321616, 'std': 0.3517774522422148}}"
1,947,26.0,True,0.061258278145695365,0.0,5,6,ATTACK,ATTACK,1,26,26,1.0,16,4.587624608836298,5.773412955414036,4.486755080682714,0.3687947726020867,0.4641191683227015,0.36068596731182195,12.439505518116826,"{'bias_segment_0_end': {'mean': 0.3687947726020867, 'abs_mean': 0.4641191683227015, 'std': 0.36068596731182195}}"
1,948,35.0,True,0.3333333333333333,0.0,4,6,ATTACK,ATTACK,1,35,35,1.0,26,1.5661940630368307,4.034566797929957,4.843196511788733,0.09717012094243271,0.2503133889711075,0.30048255315561906,16.118062299878208,"{'bias_segment_0_end': {'mean': 0.09717012094243271, 'abs_mean': 0.2503133889711075, 'std': 0.30048255315561906}}"
1,949,28.0,True,0.16666666666666666,0.0,5,6,ATTACK,ATTACK,1,28,28,1.0,18,3.297458244784216,3.44081267768789,3.2119940694206845,0.24838210629277951,0.25918032520801304,0.24194448970644475,13.27574797557014,"{'bias_segment_0_end': {'mean': 0.24838210629277951, 'abs_mean': 0.25918032520801304, 'std': 0.24194448970644475}}"
1,950,27.0,True,0.4413145539906103,0.0,3,6,ATTACK,ATTACK,1,27,27,1.0,19,6.862643913397481,6.862643913397481,3.3370575152832482,0.5336843022582121,0.5336843022582121,0.2595115285178447,12.858995260604708,"{'bias_segment_0_end': {'mean': 0.5336843022582121, 'abs_mean': 0.5336843022582121, 'std': 0.2595115285178447}}"
1,951,26.0,True,0.28327228327228327,0.0,4,6,ATTACK,ATTACK,1,26,26,1.0,17,4.212100051282493,5.013377552912884,4.437552164271461,0.3386067111066444,0.40302064624766865,0.35673059172719,12.439505518116826,"{'bias_segment_0_end': {'mean': 0.3386067111066444, 'abs_mean': 0.40302064624766865, 'std': 0.35673059172719}}"
1,952,31.0,True,0.211340206185567,0.0,4,6,ATTACK,ATTACK,1,31,31,1.0,22,4.89055373365884,5.072854329444324,3.0333161950487857,0.3370520973553404,0.34961607303272374,0.20905313409535367,14.509785792856013,"{'bias_segment_0_end': {'mean': 0.3370520973553404, 'abs_mean': 0.34961607303272374, 'std': 0.20905313409535367}}"
1,953,26.0,True,0.5921717171717171,0.0,2,6,ATTACK,ATTACK,1,26,26,1.0,19,7.397144670035778,7.397144670035778,4.133356322190523,0.5946494142602871,0.5946494142602871,0.33227657772816827,12.439505518116826,"{'bias_segment_0_end': {'mean': 0.5946494142602871, 'abs_mean': 0.5946494142602871, 'std': 0.33227657772816827}}"
1,954,23.0,True,0.5,0.0,3,6,ATTACK,ATTACK,1,23,23,1.0,16,6.515415741020521,6.515415741020521,3.6761790048539247,0.583588053233757,0.583588053233757,0.3292766316160628,11.164409046616939,"{'bias_segment_0_end': {'mean': 0.583588053233757, 'abs_mean': 0.583588053233757, 'std': 0.3292766316160628}}"
1,955,40.0,False,0.0,0.15166666666666667,6,5,ATTACK,ATTACK,1,40,40,1.0,26,-0.8996682898573131,5.258020917590449,6.028043592710724,-0.04978654601392135,0.2909724654153319,0.3335845812127204,18.070510245995923,"{'bias_segment_0_end': {'mean': -0.04978654601392135, 'abs_mean': 0.2909724654153319, 'std': 0.3335845812127204}}"
1,956,32.0,False,0.0,0.023333333333333334,6,5,ATTACK,ATTACK,1,32,32,1.0,22,2.0115927607509754,4.143187628346978,5.1546822397938765,0.13486329366112598,0.2777718933559409,0.34558556691941256,14.91579143696097,"{'bias_segment_0_end': {'mean': 0.13486329366112598, 'abs_mean': 0.2777718933559409, 'std': 0.34558556691941256}}"
1,957,31.0,False,0.0,0.09666666666666666,6,4,ATTACK,ATTACK,1,31,31,1.0,22,2.145975649020799,4.2469799421045655,4.556087326311135,0.14789850654290046,0.292697631979901,0.31400100534594755,14.509785792856013,"{'bias_segment_0_end': {'mean': 0.14789850654290046, 'abs_mean': 0.292697631979901, 'std': 0.31400100534594755}}"
1,958,24.0,True,0.1881127450980392,0.0,4,6,ATTACK,ATTACK,1,24,24,1.0,15,3.695550500027448,4.12554827744837,3.8220604343645226,0.3187953928785335,0.3558890032591198,0.32970872885370844,11.59223308297782,"{'bias_segment_0_end': {'mean': 0.3187953928785335, 'abs_mean': 0.3558890032591198, 'std': 0.32970872885370844}}"
1,959,23.0,True,0.41254752851711024,0.0,3,6,ATTACK,ATTACK,1,23,23,1.0,15,6.430878898342617,6.430878898342617,3.5244214194744417,0.5760160588429277,0.5760160588429277,0.3156836519298278,11.164409046616939,"{'bias_segment_0_end': {'mean': 0.5760160588429277, 'abs_mean': 0.5760160588429277, 'std': 0.3156836519298278}}"
1,960,48.0,True,0.27891156462585037,0.0,4,6,ATTACK,ATTACK,1,48,48,1.0,39,-1.636908503455668,5.83755723276862,7.135327472463654,-0.07770347423332756,0.27710680045000813,0.33871149989902255,21.066091569346934,"{'bias_segment_0_end': {'mean': -0.07770347423332756, 'abs_mean': 0.27710680045000813, 'std': 0.33871149989902255}}"
1,961,27.0,True,0.25534591194968553,0.0,4,6,ATTACK,ATTACK,1,27,27,1.0,18,4.359970693646051,4.426082421265998,3.42024127754175,0.33905998138154836,0.34420126390635725,0.26598044467907433,12.858995260604708,"{'bias_segment_0_end': {'mean': 0.33905998138154836, 'abs_mean': 0.34420126390635725, 'std': 0.26598044467907433}}"
1,962,26.0,True,0.20693928128872366,0.0,4,6,ATTACK,ATTACK,1,26,26,1.0,18,8.040987110420863,8.040987110420863,2.252722657528097,0.6464072947843478,0.6464072947843478,0.1810942287253496,12.439505518116826,"{'bias_segment_0_end': {'mean': 0.6464072947843478, 'abs_mean': 0.6464072947843478, 'std': 0.1810942287253496}}"
1,963,32.0,True,0.23482032218091697,0.0,4,6,ATTACK,ATTACK,1,32,32,1.0,23,3.2004607767555378,4.69004429490979,5.4197466729784685,0.21456861945822558,0.3144348266554582,0.36335629228151234,14.91579143696097,"{'bias_segment_0_end': {'mean': 0.21456861945822558, 'abs_mean': 0.3144348266554582, 'std': 0.36335629228151234}}"
1,964,25.0,True,0.1474558670820353,0.0,5,6,ATTACK,ATTACK,1,25,25,1.0,15,4.996159761128797,4.996159761128797,3.793126661449107,0.4157487196523435,0.4157487196523435,0.3156399371465137,12.017258322062121,"{'bias_segment_0_end': {'mean': 0.4157487196523435, 'abs_mean': 0.4157487196523435, 'std': 0.3156399371465137}}"
1,965,25.0,True,0.08654797230464888,0.0,5,6,ATTACK,ATTACK,1,25,25,1.0,15,3.76624145287074,4.1977322191034,4.498796689977149,0.31340272064855346,0.3493086448343138,0.37436132014553963,12.017258322062121,"{'bias_segment_0_end': {'mean': 0.31340272064855346, 'abs_mean': 0.3493086448343138, 'std': 0.37436132014553963}}"
1,966,24.0,False,0.0,0.03333333333333333,6,4,ATTACK,ATTACK,1,24,24,1.0,15,4.990749457152794,5.138640976747747,3.2762610293818213,0.43052528545869845,0.44328309653240083,0.2826255308990227,11.59223308297782,"{'bias_segment_0_end': {'mean': 0.43052528545869845, 'abs_mean': 0.44328309653240083, 'std': 0.2826255308990227}}"
1,967,24.0,True,0.3333333333333333,0.0,4,6,ATTACK,ATTACK,1,24,24,1.0,15,4.65985228486072,4.65985228486072,3.320374876296166,0.40198055469599775,0.40198055469599775,0.2864309967310652,11.59223308297782,"{'bias_segment_0_end': {'mean': 0.40198055469599775, 'abs_mean': 0.40198055469599775, 'std': 0.2864309967310652}}"
1,968,34.0,False,0.0,0.16666666666666666,6,5,ATTACK,ATTACK,1,34,34,1.0,24,3.268953651016317,3.516422921557237,3.930889580181119,0.2079498921991868,0.22369230204204166,0.2500580160233939,15.71991029399101,"{'bias_segment_0_end': {'mean': 0.2079498921991868, 'abs_mean': 0.22369230204204166, 'std': 0.2500580160233939}}"
1,969,26.0,True,0.47993138442022715,0.0,2,6,ATTACK,ATTACK,1,26,26,1.0,19,8.188937612963212,8.188937612963212,3.5361704795639604,0.6583008947612018,0.6583008947612018,0.2842693766576092,12.439505518116826,"{'bias_segment_0_end': {'mean': 0.6583008947612018, 'abs_mean': 0.6583008947612018, 'std': 0.2842693766576092}}"
1,970,26.0,True,0.20833333333333334,0.0,4,6,ATTACK,ATTACK,1,26,26,1.0,17,5.003985243860148,5.029207940854565,3.146935112786799,0.4022656074690728,0.40429323605589096,0.2529791162682167,12.439505518116826,"{'bias_segment_0_end': {'mean': 0.4022656074690728, 'abs_mean': 0.40429323605589096, 'std': 0.2529791162682167}}"
1,971,31.0,False,0.0,0.0,6,6,ATTACK,ATTACK,1,31,31,1.0,21,1.3400414505797549,4.203617754889829,5.252359369185662,0.09235432346902964,0.2897091531812626,0.3619873817690469,14.509785792856013,"{'bias_segment_0_end': {'mean': 0.09235432346902964, 'abs_mean': 0.2897091531812626, 'std': 0.3619873817690469}}"
1,972,30.0,True,0.4260700389105058,0.0,3,6,ATTACK,ATTACK,1,30,30,1.0,22,4.913197282559193,5.352733970110237,4.842873432020169,0.3484259520717716,0.3795962837362625,0.34343884221880644,14.101123218132539,"{'bias_segment_0_end': {'mean': 0.3484259520717716, 'abs_mean': 0.3795962837362625, 'std': 0.34343884221880644}}"
1,973,23.0,True,0.3666666666666667,0.0,3,6,ATTACK,ATTACK,1,23,23,1.0,15,5.495604566876606,5.495604566876606,3.183715992354587,0.4922432117929157,0.4922432117929157,0.2851665483646286,11.164409046616939,"{'bias_segment_0_end': {'mean': 0.4922432117929157, 'abs_mean': 0.4922432117929157, 'std': 0.2851665483646286}}"
1,974,32.0,False,0.0,0.02,6,3,ATTACK,ATTACK,1,32,32,1.0,25,1.3022035212013385,4.228585629226981,5.230904765759218,0.08730368259068774,0.2834972349337527,0.35069575676669507,14.91579143696097,"{'bias_segment_0_end': {'mean': 0.08730368259068774, 'abs_mean': 0.2834972349337527, 'std': 0.35069575676669507}}"
1,975,27.0,True,0.28112449799196787,0.0,4,6,ATTACK,ATTACK,1,27,27,1.0,18,3.536697423427591,4.646473886880723,4.607678640309559,0.27503684010699864,0.3613403530146582,0.3583233796209423,12.858995260604708,"{'bias_segment_0_end': {'mean': 0.27503684010699864, 'abs_mean': 0.3613403530146582, 'std': 0.3583233796209423}}"
1,976,25.0,True,0.5775193798449613,0.0,2,6,ATTACK,ATTACK,1,25,25,1.0,18,8.888328225789442,8.888328225789442,3.2817050737629234,0.7396302873403019,0.7396302873403019,0.27308267708102274,12.017258322062121,"{'bias_segment_0_end': {'mean': 0.7396302873403019, 'abs_mean': 0.7396302873403019, 'std': 0.27308267708102274}}"
1,977,25.0,True,0.5459770114942529,0.0,2,6,ATTACK,ATTACK,1,25,25,1.0,18,9.242119729695691,9.242119729695691,3.910346226636893,0.7690705718398649,0.7690705718398649,0.32539420571978606,12.017258322062121,"{'bias_segment_0_end': {'mean': 0.7690705718398649, 'abs_mean': 0.7690705718398649, 'std': 0.32539420571978606}}"
1,978,25.0,True,0.16666666666666666,0.0,5,6,ATTACK,ATTACK,1,25,25,1.0,15,4.189845407185925,4.2508902434431866,3.631119126163564,0.3486523543805258,0.3537321183850318,0.30215869783686866,12.017258322062121,"{'bias_segment_0_end': {'mean': 0.3486523543805258, 'abs_mean': 0.3537321183850318, 'std': 0.30215869783686866}}"
1,979,26.0,True,0.11496149614961497,0.0,5,6,ATTACK,ATTACK,1,26,26,1.0,17,4.67208813182073,4.749692240061973,3.382358999795876,0.37558471476348687,0.3818232351072596,0.2719046183041462,12.439505518116826,"{'bias_segment_0_end': {'mean': 0.37558471476348687, 'abs_mean': 0.3818232351072596, 'std': 0.2719046183041462}}"
1,980,27.0,True,0.11454545454545455,0.0,5,6,ATTACK,ATTACK,1,27,27,1.0,18,2.1205803557373417,3.565713462992178,4.129761468601406,0.16491026808556575,0.27729331808031915,0.3211573987629885,12.858995260604708,"{'bias_segment_0_end': {'mean': 0.16491026808556575, 'abs_mean': 0.27729331808031915, 'std': 0.3211573987629885}}"
1,981,28.0,True,0.35241730279898215,0.0,3,6,ATTACK,ATTACK,1,28,28,1.0,20,3.9462011249242472,4.506574987523029,4.4672101152876555,0.29724887307185976,0.3394592150902511,0.3364940433870964,13.27574797557014,"{'bias_segment_0_end': {'mean': 0.29724887307185976, 'abs_mean': 0.3394592150902511, 'std': 0.3364940433870964}}"
1,982,17.0,True,0.5942822384428225,0.0,2,6,ATTACK,ATTACK,1,17,17,1.0,10,11.299054579854253,11.299054579854253,2.076984441102458,1.3234606929299004,1.3234606929299004,0.2432776342657102,8.537506735345655,"{'bias_segment_0_end': {'mean': 1.3234606929299004, 'abs_mean': 1.3234606929299004, 'std': 0.2432776342657102}}"
1,983,35.0,False,0.0,0.12833333333333333,6,5,ATTACK,ATTACK,1,35,35,1.0,23,-0.8302150261878489,5.529772895955502,6.44772929887128,-0.0515083643890694,0.3430792605881221,0.40003129277642774,16.118062299878208,"{'bias_segment_0_end': {'mean': -0.0515083643890694, 'abs_mean': 0.3430792605881221, 'std': 0.40003129277642774}}"
1,984,25.0,True,0.13777777777777778,0.0,5,6,ATTACK,ATTACK,1,25,25,1.0,16,4.24571431892909,4.691965614527174,3.6317360181849603,0.35330141078306615,0.39043561258172643,0.30221003167732247,12.017258322062121,"{'bias_segment_0_end': {'mean': 0.35330141078306615, 'abs_mean': 0.39043561258172643, 'std': 0.30221003167732247}}"
1,985,25.0,True,0.4567430025445292,0.0,3,6,ATTACK,ATTACK,1,25,25,1.0,17,6.020072114644421,6.020072114644421,3.874642359277021,0.5009522100055345,0.5009522100055345,0.32242315638365554,12.017258322062121,"{'bias_segment_0_end': {'mean': 0.5009522100055345, 'abs_mean': 0.5009522100055345, 'std': 0.32242315638365554}}"
1,986,24.0,True,0.22011661807580174,0.0,4,6,ATTACK,ATTACK,1,24,24,1.0,16,5.718209166002382,5.718209166002382,3.2436549076173273,0.49327934704824666,0.49327934704824666,0.2798127750191937,11.59223308297782,"{'bias_segment_0_end': {'mean': 0.49327934704824666, 'abs_mean': 0.49327934704824666, 'std': 0.2798127750191937}}"
1,987,27.0,True,0.6085858585858586,0.0,2,6,ATTACK,ATTACK,1,27,27,1.0,20,9.594869437452113,9.594869437452113,5.151487373589566,0.7461601192783165,0.7461601192783165,0.400613521444545,12.858995260604708,"{'bias_segment_0_end': {'mean': 0.7461601192783165, 'abs_mean': 0.7461601192783165, 'std': 0.400613521444545}}"
1,988,30.0,True,0.3353413654618474,0.0,3,6,SWITCH,SWITCH,1,30,30,1.0,22,4.120313632097361,4.3340686539703634,4.441168825397366,0.29219754826332395,0.3073562713356914,0.314951423138158,14.101123218132539,"{'bias_segment_0_end': {'mean': 0.29219754826332395, 'abs_mean': 0.3073562713356914, 'std': 0.314951423138158}}"
1,989,26.0,True,0.6341756919374247,0.0,2,6,ATTACK,ATTACK,1,26,26,1.0,19,10.844535593169043,10.844535593169043,4.430532362827205,0.8717818869387632,0.8717818869387632,0.3561662765754316,12.439505518116826,"{'bias_segment_0_end': {'mean': 0.8717818869387632, 'abs_mean': 0.8717818869387632, 'std': 0.3561662765754316}}"
1,990,20.0,True,0.4101068999028183,0.0,3,6,ATTACK,ATTACK,1,20,20,1.0,12,9.209807134640494,9.209807134640494,2.4336658224024412,0.9336849811999546,0.9336849811999546,0.2467236495203213,9.863934110629282,"{'bias_segment_0_end': {'mean': 0.9336849811999546, 'abs_mean': 0.9336849811999546, 'std': 0.2467236495203213}}"
1,991,28.0,True,0.3333333333333333,0.0,4,6,ATTACK,ATTACK,1,28,28,1.0,20,5.521594767622263,5.521594767622263,3.3150423721033526,0.4159159075468312,0.4159159075468312,0.24970663635703624,13.27574797557014,"{'bias_segment_0_end': {'mean': 0.4159159075468312, 'abs_mean': 0.4159159075468312, 'std': 0.24970663635703624}}"
1,992,25.0,True,0.5,0.0,3,6,ATTACK,ATTACK,1,25,25,1.0,17,7.850641267476453,7.850641267476453,3.9973671197253537,0.6532805617620534,0.6532805617620534,0.3326355323815174,12.017258322062121,"{'bias_segment_0_end': {'mean': 0.6532805617620534, 'abs_mean': 0.6532805617620534, 'std': 0.3326355323815174}}"
1,993,27.0,False,0.0,0.06666666666666667,6,4,ATTACK,ATTACK,1,27,27,1.0,19,3.450355000377099,4.53156354795684,4.701916010481098,0.2683222857191443,0.35240416969744953,0.36565189699432127,12.858995260604708,"{'bias_segment_0_end': {'mean': 0.2683222857191443, 'abs_mean': 0.35240416969744953, 'std': 0.36565189699432127}}"
1,994,20.0,True,0.4190782422293677,0.0,3,6,ATTACK,ATTACK,1,20,20,1.0,12,6.485991168988027,6.485991168988027,3.271311724532002,0.6575460760629761,0.6575460760629761,0.33164371211754823,9.863934110629282,"{'bias_segment_0_end': {'mean': 0.6575460760629761, 'abs_mean': 0.6575460760629761, 'std': 0.33164371211754823}}"
1,995,24.0,True,0.2427652733118971,0.0,4,6,ATTACK,ATTACK,1,24,24,1.0,15,3.5583520518462954,3.980160947507946,3.7693124874272224,0.30696001593268724,0.3433472152447024,0.32515844535270155,11.59223308297782,"{'bias_segment_0_end': {'mean': 0.30696001593268724, 'abs_mean': 0.3433472152447024, 'std': 0.32515844535270155}}"
1,996,26.0,True,0.5,0.0,3,6,ATTACK,ATTACK,1,26,26,1.0,19,6.03798032202036,6.03798032202036,3.5600021979416816,0.4853874869243541,0.4853874869243541,0.28618518579833535,12.439505518116826,"{'bias_segment_0_end': {'mean': 0.4853874869243541, 'abs_mean': 0.4853874869243541, 'std': 0.28618518579833535}}"
1,997,24.0,True,0.5,0.0,3,6,ATTACK,ATTACK,1,24,24,1.0,16,7.856744943730145,7.856744943730145,2.993733308509474,0.677759400409839,0.677759400409839,0.25825337422739625,11.59223308297782,"{'bias_segment_0_end': {'mean': 0.677759400409839, 'abs_mean': 0.677759400409839, 'std': 0.25825337422739625}}"
1,998,21.0,True,0.42585034013605444,0.0,3,6,ATTACK,ATTACK,1,21,21,1.0,13,7.150706174716643,7.150706174716643,2.1722305346855397,0.6942243964177804,0.6942243964177804,0.21089042046705248,10.300280732879038,"{'bias_segment_0_end': {'mean': 0.6942243964177804, 'abs_mean': 0.6942243964177804, 'std': 0.21089042046705248}}"
1,999,17.0,True,0.5,0.0,3,6,ATTACK,ATTACK,1,17,17,1.0,10,10.823311959273916,10.823311959273916,1.7172776538896948,1.2677368574674064,1.2677368574674064,0.2011451009203998,8.537506735345655,"{'bias_segment_0_end': {'mean': 1.2677368574674064, 'abs_mean': 1.2677368574674064, 'std': 0.2011451009203998}}"
1,1000,25.0,False,0.0,0.15666666666666665,6,4,ATTACK,ATTACK,1,25,25,1.0,17,3.6148736740926637,3.94305468846166,3.45425821914306,0.300806854376778,0.3281159964101567,0.28744145516132347,12.017258322062121,"{'bias_segment_0_end': {'mean': 0.300806854376778, 'abs_mean': 0.3281159964101567, 'std': 0.28744145516132347}}"
