total_steps,episode,episode_reward,win,team_hp,opp_hp,fainted_self,fainted_opp,intent_agent,intent_expert,intent_match,ep_intent_total,ep_intent_matches,ep_imitation_accuracy,ep_turns,bias_mean,bias_abs_mean,bias_std,bias_mean_normalised,bias_abs_mean_normalised,bias_std_normalised,average_discounted_return,bias_segments
1,1,10.0,True,0.6011299435028249,0.0,2,6,6,6,1,20,15,0.75,13,7.029179861182582,7.029179861182582,2.329744417140167,0.9513725503076393,0.9513725503076393,0.31532197659923467,7.388461921578039,"{'bias_segment_0_end': {'mean': 0.9513725503076393, 'abs_mean': 0.9513725503076393, 'std': 0.31532197659923467}}"
1,2,-12.0,False,0.0,0.08833333333333333,6,3,8,9,0,28,8,0.2857142857142857,18,18.600256549107737,18.600256549107737,4.39480917793239,2.9994946215006673,2.9994946215006673,0.7087110039007677,-6.201130155653323,"{'bias_segment_0_end': {'mean': 2.9994946215006673, 'abs_mean': 2.9994946215006673, 'std': 0.7087110039007677}}"
1,3,1.0,True,0.47010236333901073,0.0,2,6,9,9,1,33,17,0.5151515151515151,25,11.764238020351755,11.764238020351755,3.5065047007512256,5.133788362586236,5.133788362586236,1.530201360677019,2.2915315532067067,"{'bias_segment_0_end': {'mean': 5.133788362586236, 'abs_mean': 5.133788362586236, 'std': 1.530201360677019}}"
1,4,-23.0,True,0.049305555555555554,0.0,5,6,6,9,0,47,12,0.2553191489361702,37,25.046909117590314,25.046909117590314,5.255289111247926,2.0171823630766097,2.0171823630766097,0.42324090602592274,-12.416779749843103,"{'bias_segment_0_end': {'mean': 2.0171823630766097, 'abs_mean': 2.0171823630766097, 'std': 0.42324090602592274}}"
1,5,4.0,True,0.13181242078580482,0.0,5,6,6,7,0,26,15,0.5769230769230769,16,13.963378559211868,13.963378559211868,2.339774443784644,12.817782627159367,12.817782627159367,2.147812586319155,-1.0893755156703249,"{'bias_segment_0_end': {'mean': 12.817782627159367, 'abs_mean': 12.817782627159367, 'std': 2.147812586319155}}"
1,6,3.0,True,0.12992125984251968,0.0,5,6,6,8,0,41,22,0.5365853658536586,31,17.515083068711476,17.515083068711476,3.272759917340473,3.7467475979464333,3.7467475979464333,0.7000940452777922,-4.6747432568746765,"{'bias_segment_0_end': {'mean': 3.7467475979464333, 'abs_mean': 3.7467475979464333, 'std': 0.7000940452777922}}"
1,7,9.0,True,0.511990407673861,0.0,2,6,8,8,1,19,14,0.7368421052631579,13,10.246255827894993,10.246255827894993,2.1947152789991584,2.6708875285856966,2.6708875285856966,0.5720955796864576,3.836273792225406,"{'bias_segment_0_end': {'mean': 2.6708875285856966, 'abs_mean': 2.6708875285856966, 'std': 0.5720955796864576}}"
1,8,8.0,False,0.0,0.04833333333333333,6,5,6,8,0,58,33,0.5689655172413793,48,8.484506295344092,8.546621511857452,4.6143009718856,2.246688854178777,2.2631369019210537,1.2218623220364107,3.776449186349571,"{'bias_segment_0_end': {'mean': 2.246688854178777, 'abs_mean': 2.2631369019210537, 'std': 1.2218623220364107}}"
1,9,5.0,True,0.16666666666666666,0.0,5,6,3,8,0,29,17,0.5862068965517241,19,14.318814523411003,14.318814523411003,3.043258429927091,11.74266186875837,11.74266186875837,2.495734172927142,-1.219384044558632,"{'bias_segment_0_end': {'mean': 11.74266186875837, 'abs_mean': 11.74266186875837, 'std': 2.495734172927142}}"
1,10,7.0,False,0.0,0.05333333333333334,6,5,6,8,0,51,29,0.5686274509803921,38,18.028221006193252,18.028221006193252,2.943821390706318,4.90126770083474,4.90126770083474,0.8003261494486149,-3.6782771533011447,"{'bias_segment_0_end': {'mean': 4.90126770083474, 'abs_mean': 4.90126770083474, 'std': 0.8003261494486149}}"
1,11,-14.0,False,0.0,0.15666666666666665,6,3,6,8,0,42,14,0.3333333333333333,34,27.49961816646922,27.49961816646922,5.445874846312235,2.1257171189308637,2.1257171189308637,0.4209654591668552,-12.93663108866538,"{'bias_segment_0_end': {'mean': 2.1257171189308637, 'abs_mean': 2.1257171189308637, 'std': 0.4209654591668552}}"
1,12,18.0,True,0.2866915422885572,0.0,4,6,3,8,0,28,23,0.8214285714285714,19,4.946160874844596,5.160458552455798,3.5991045321097945,0.579403892328946,0.6045071818633537,0.42160682346764233,8.53663729279282,"{'bias_segment_0_end': {'mean': 0.579403892328946, 'abs_mean': 0.6045071818633537, 'std': 0.42160682346764233}}"
1,13,-1.0,False,0.0,0.04666666666666667,6,3,7,9,0,23,11,0.4782608695652174,15,13.720584383397739,13.720584383397739,2.230267933480666,18.211645042407145,18.211645042407145,2.9602855694076884,-0.7533962116793048,"{'bias_segment_0_end': {'mean': 18.211645042407145, 'abs_mean': 18.211645042407145, 'std': 2.9602855694076884}}"
1,14,12.0,True,0.0737410071942446,0.0,5,6,3,6,0,30,21,0.7,18,8.557674569274234,8.557674569274234,3.139075238513116,2.341155038008132,2.341155038008132,0.858768553284076,3.6553215956834495,"{'bias_segment_0_end': {'mean': 2.341155038008132, 'abs_mean': 2.341155038008132, 'std': 0.858768553284076}}"
1,15,-6.0,False,0.0,0.0,6,5,3,9,0,28,11,0.39285714285714285,19,15.699476798757791,15.699476798757791,2.458983977206761,4.57790099223869,4.57790099223869,0.7170293210054345,-3.429405053838969,"{'bias_segment_0_end': {'mean': 4.57790099223869, 'abs_mean': 4.57790099223869, 'std': 0.7170293210054345}}"
1,16,13.0,False,0.0,0.06999999999999999,6,4,6,6,1,29,21,0.7241379310344828,20,8.309447748459435,8.309447748459435,1.875423033857414,1.599540962076698,1.599540962076698,0.3610126755334915,5.194895251492158,"{'bias_segment_0_end': {'mean': 1.599540962076698, 'abs_mean': 1.599540962076698, 'std': 0.3610126755334915}}"
1,17,-5.0,True,0.04560810810810811,0.0,5,6,3,7,0,37,16,0.43243243243243246,27,19.53673500827845,19.53673500827845,3.4736836794497936,2.683892832447903,2.683892832447903,0.47720331598478744,-7.2792530208665385,"{'bias_segment_0_end': {'mean': 2.683892832447903, 'abs_mean': 2.683892832447903, 'std': 0.47720331598478744}}"
1,18,-2.0,False,0.0,0.06666666666666667,6,5,6,7,0,30,14,0.4666666666666667,20,16.66105081111405,16.66105081111405,3.093652222026679,3.978070479544238,3.978070479544238,0.7386548854536426,-4.188224139513708,"{'bias_segment_0_end': {'mean': 3.978070479544238, 'abs_mean': 3.978070479544238, 'std': 0.7386548854536426}}"
1,19,8.0,True,0.6013189448441247,0.0,2,6,7,6,0,22,15,0.6818181818181818,15,12.374988632909668,12.374988632909668,2.0130040044531867,4.731622446881218,4.731622446881218,0.7696794894665665,2.615379559936458,"{'bias_segment_0_end': {'mean': 4.731622446881218, 'abs_mean': 4.731622446881218, 'std': 0.7696794894665665}}"
1,20,1.0,False,0.0,0.10333333333333333,6,2,6,7,0,19,10,0.5263157894736842,12,14.30586703394008,14.30586703394008,1.3693608428163107,7.285617519177907,7.285617519177907,0.6973809642456182,-1.9635764568044909,"{'bias_segment_0_end': {'mean': 7.285617519177907, 'abs_mean': 7.285617519177907, 'std': 0.6973809642456182}}"
1,21,4.0,False,0.0,0.16333333333333333,6,5,6,8,0,28,16,0.5714285714285714,18,13.084661053638728,13.084661053638728,2.5197894313890523,12.067953790721047,12.067953790721047,2.323996188796496,-1.0842485213772874,"{'bias_segment_0_end': {'mean': 12.067953790721047, 'abs_mean': 12.067953790721047, 'std': 2.323996188796496}}"
1,22,-14.0,False,0.0,0.08166666666666667,6,3,0,9,0,32,9,0.28125,24,21.053099888576597,21.053099888576597,4.217187807845163,2.4331100340038185,2.4331100340038185,0.48738105195207776,-8.652752894176572,"{'bias_segment_0_end': {'mean': 2.4331100340038185, 'abs_mean': 2.4331100340038185, 'std': 0.48738105195207776}}"
1,23,-15.0,True,0.18863879957127547,0.0,4,6,3,6,0,43,14,0.32558139534883723,34,23.99773107629102,23.99773107629102,6.286185565262936,2.223212368587206,2.223212368587206,0.5823686187455565,-10.794169470881883,"{'bias_segment_0_end': {'mean': 2.223212368587206, 'abs_mean': 2.223212368587206, 'std': 0.5823686187455565}}"
1,24,11.0,True,0.5,0.0,3,6,6,6,1,27,19,0.7037037037037037,19,6.106245672806158,6.203663636349065,2.7885009166844106,0.7626371460127894,0.7748041241639648,0.34826872266620557,8.006750923071031,"{'bias_segment_0_end': {'mean': 0.7626371460127894, 'abs_mean': 0.7748041241639648, 'std': 0.34826872266620557}}"
1,25,13.0,True,0.19272727272727272,0.0,4,6,6,6,1,27,20,0.7407407407407407,18,10.189882226596977,10.189882226596977,2.526213619412229,2.5054601392682483,2.5054601392682483,0.6211384377135883,4.0670701827940725,"{'bias_segment_0_end': {'mean': 2.5054601392682483, 'abs_mean': 2.5054601392682483, 'std': 0.6211384377135883}}"
1,26,22.0,False,0.0,0.16666666666666666,6,1,3,9,0,56,39,0.6964285714285714,50,10.42126774527998,10.448568089284546,4.955453798143275,2.2023424079623344,2.2081118313014905,1.0472436096166866,4.731901682319243,"{'bias_segment_0_end': {'mean': 2.2023424079623344, 'abs_mean': 2.2081118313014905, 'std': 1.0472436096166866}}"
1,27,18.0,True,0.3125,0.0,4,6,9,9,1,20,19,0.95,12,4.524851387947352,4.775329076834089,3.5398478238945748,0.49770781365548,0.5252589290882118,0.38936304644093567,9.091381054908483,"{'bias_segment_0_end': {'mean': 0.49770781365548, 'abs_mean': 0.5252589290882118, 'std': 0.38936304644093567}}"
1,28,-7.0,True,0.4669117647058824,0.0,3,6,6,6,1,33,13,0.3939393939393939,25,17.042072821342206,17.042072821342206,4.108502634771741,4.440721632616762,4.440721632616762,1.0705690979706137,-3.837680951710523,"{'bias_segment_0_end': {'mean': 4.440721632616762, 'abs_mean': 4.440721632616762, 'std': 1.0705690979706137}}"
1,29,-2.0,True,0.40476913047387825,0.0,2,6,9,6,0,24,11,0.4583333333333333,17,18.263207453429626,18.263207453429626,3.5769640129066445,3.2639874511323206,3.2639874511323206,0.6392724652036259,-5.595366932888752,"{'bias_segment_0_end': {'mean': 3.2639874511323206, 'abs_mean': 3.2639874511323206, 'std': 0.6392724652036259}}"
1,30,3.0,False,0.0,0.16666666666666666,6,0,3,9,0,17,10,0.5882352941176471,12,11.004251555659076,11.004251555659076,3.273417135701554,5.7797777494078835,5.7797777494078835,1.7193012564065453,1.9039229591114326,"{'bias_segment_0_end': {'mean': 5.7797777494078835, 'abs_mean': 5.7797777494078835, 'std': 1.7193012564065453}}"
1,31,0.0,False,0.0,0.13833333333333334,6,5,6,8,0,28,14,0.5,18,15.332257768288184,15.332257768288184,2.677803484589803,5.351623405721453,5.351623405721453,0.9346696370898046,-2.864973225114528,"{'bias_segment_0_end': {'mean': 5.351623405721453, 'abs_mean': 5.351623405721453, 'std': 0.9346696370898046}}"
1,32,9.0,True,0.24163319946452477,0.0,4,6,6,6,1,29,19,0.6551724137931034,20,11.487632800083691,11.487632800083691,3.2178482187323323,5.631126794992793,5.631126794992793,1.5773581591667385,2.04002382086273,"{'bias_segment_0_end': {'mean': 5.631126794992793, 'abs_mean': 5.631126794992793, 'std': 1.5773581591667385}}"
1,33,3.0,False,0.0,0.02666666666666667,6,5,6,6,1,31,17,0.5483870967741935,22,10.054092924832128,10.054092924832128,4.5137157456220285,2.3124793744722685,2.3124793744722685,1.03817168212178,4.347754637650152,"{'bias_segment_0_end': {'mean': 2.3124793744722685, 'abs_mean': 2.3124793744722685, 'std': 1.03817168212178}}"
1,34,35.0,False,0.0,0.021666666666666667,6,4,4,7,0,109,72,0.6605504587155964,100,3.9295757599330616,10.7077270510129,12.194115960003032,0.3593431807728472,0.9791766166187822,1.115100632607494,10.935439908673477,"{'bias_segment_0_100': {'mean': 0.23880392052527633, 'abs_mean': 0.9144223655973452, 'std': 1.0846043905610285}, 'bias_segment_100_end': {'mean': 1.6986682946347464, 'abs_mean': 1.6986682946347464, 'std': 0.18324885860435186}}"
1,35,-5.0,True,0.3333333333333333,0.0,4,6,8,7,0,39,17,0.4358974358974359,26,18.698973474146243,18.698973474146243,2.3472957555342395,3.035240643591171,3.035240643591171,0.3810159680464418,-6.160623050969163,"{'bias_segment_0_end': {'mean': 3.035240643591171, 'abs_mean': 3.035240643591171, 'std': 0.3810159680464418}}"
1,36,11.0,True,0.6526610644257703,0.0,2,6,7,7,1,21,16,0.7619047619047619,14,11.254497546925435,11.254497546925435,2.5258247460213474,3.0079924583941122,3.0079924583941122,0.6750778304921315,3.741531171568799,"{'bias_segment_0_end': {'mean': 3.0079924583941122, 'abs_mean': 3.0079924583941122, 'std': 0.6750778304921315}}"
1,37,16.0,True,0.022959183673469385,0.0,5,6,6,6,1,32,24,0.75,22,5.62255781260514,5.7168269682961235,4.177762295137731,0.6394149638472495,0.6501355488171232,0.47510827206064254,8.793284690704109,"{'bias_segment_0_end': {'mean': 0.6394149638472495, 'abs_mean': 0.6501355488171232, 'std': 0.47510827206064254}}"
1,38,15.0,True,0.5,0.0,3,6,7,7,1,17,16,0.9411764705882353,9,6.5741199985735115,6.5741199985735115,2.8854774204040505,0.8998011449712887,0.8998011449712887,0.3949358830127434,7.306192079565849,"{'bias_segment_0_end': {'mean': 0.8998011449712887, 'abs_mean': 0.8998011449712887, 'std': 0.3949358830127434}}"
1,39,23.0,False,0.0,0.08166666666666667,6,4,6,6,1,87,55,0.632183908045977,78,0.014767256585535352,6.628101792378377,7.92695665033027,0.0011765059661873352,0.5280602566944279,0.6315399030824127,12.551790649554322,"{'bias_segment_0_end': {'mean': 0.0011765059661873352, 'abs_mean': 0.5280602566944279, 'std': 0.6315399030824127}}"
1,40,14.0,True,0.16666666666666666,0.0,5,6,6,6,1,68,41,0.6029411764705882,58,7.146313824536089,8.62057853159393,8.021968371077174,0.7135056908225372,0.8606999344692432,0.8009332118483509,10.015776911740874,"{'bias_segment_0_end': {'mean': 0.7135056908225372, 'abs_mean': 0.8606999344692432, 'std': 0.8009332118483509}}"
1,41,12.0,True,0.5037756202804746,0.0,2,6,7,7,1,24,18,0.75,16,9.63271622470655,9.63271622470655,2.2097465638003584,1.4042467292999856,1.4042467292999856,0.32213441280868477,6.859703514857707,"{'bias_segment_0_end': {'mean': 1.4042467292999856, 'abs_mean': 1.4042467292999856, 'std': 0.32213441280868477}}"
1,42,-7.0,True,0.14583333333333334,0.0,5,6,6,8,0,33,13,0.3939393939393939,23,16.76842184556162,16.76842184556162,3.3954743517487973,4.495844308157007,4.495844308157007,0.9103733302036123,-3.7297603511620587,"{'bias_segment_0_end': {'mean': 4.495844308157007, 'abs_mean': 4.495844308157007, 'std': 0.9103733302036123}}"
1,43,9.0,False,0.0,0.13833333333333334,6,4,4,7,0,29,19,0.6551724137931034,20,12.45619202492102,12.45619202492102,2.891866060275727,23.927624350693467,23.927624350693467,5.555107421622799,0.5205778828001374,"{'bias_segment_0_end': {'mean': 23.927624350693467, 'abs_mean': 23.927624350693467, 'std': 5.555107421622799}}"
1,44,15.0,True,0.3523489932885906,0.0,3,6,6,6,1,25,20,0.8,17,6.346361242410398,6.346361242410398,2.640725452016269,0.7982068820317865,0.7982068820317865,0.3321344545075581,7.950772394064211,"{'bias_segment_0_end': {'mean': 0.7982068820317865, 'abs_mean': 0.7982068820317865, 'std': 0.3321344545075581}}"
1,45,-6.0,False,0.0,0.11833333333333333,6,4,3,7,0,28,11,0.39285714285714285,19,17.548220429382873,17.548220429382873,3.8102569605013383,3.4303974372849484,3.4303974372849484,0.7448445137385703,-5.115506512059353,"{'bias_segment_0_end': {'mean': 3.4303974372849484, 'abs_mean': 3.4303974372849484, 'std': 0.7448445137385703}}"
1,46,12.0,False,0.0,0.08333333333333333,6,5,6,6,1,32,22,0.6875,22,13.260688688949006,13.260688688949006,2.3998174040772615,6.829503915021343,6.829503915021343,1.235951068675679,1.941676709457976,"{'bias_segment_0_end': {'mean': 6.829503915021343, 'abs_mean': 6.829503915021343, 'std': 1.235951068675679}}"
1,47,1.0,True,0.08043981481481481,0.0,5,6,7,7,1,29,15,0.5172413793103449,19,12.67857621096503,12.67857621096503,3.1788491699974437,48.579314240049655,48.579314240049655,12.180098946557715,-0.26098713844158355,"{'bias_segment_0_end': {'mean': 48.579314240049655, 'abs_mean': 48.579314240049655, 'std': 12.180098946557715}}"
1,48,4.0,False,0.0,0.041666666666666664,6,1,8,8,1,18,11,0.6111111111111112,11,12.12965174985748,12.12965174985748,2.4423938819722664,17.39189981446081,17.39189981446081,3.50198592496382,0.6974310960423118,"{'bias_segment_0_end': {'mean': 17.39189981446081, 'abs_mean': 17.39189981446081, 'std': 3.50198592496382}}"
1,49,-15.0,True,0.22007042253521125,0.0,4,6,6,8,0,37,11,0.2972972972972973,28,23.28223731029777,23.28223731029777,4.835466889326376,2.150551717668249,2.150551717668249,0.44664614856276397,-10.826169451782215,"{'bias_segment_0_end': {'mean': 2.150551717668249, 'abs_mean': 2.150551717668249, 'std': 0.44664614856276397}}"
1,50,10.0,False,0.0,0.125,6,5,8,8,1,32,21,0.65625,22,9.573975447905884,9.642519663441318,4.743266625010772,2.3938592988713867,2.4109979690754377,1.1859977058737865,3.9993893761507406,"{'bias_segment_0_end': {'mean': 2.3938592988713867, 'abs_mean': 2.4109979690754377, 'std': 1.1859977058737865}}"
1,51,-5.0,False,0.0,0.14166666666666666,6,5,8,7,0,45,20,0.4444444444444444,35,19.929606963057946,19.929606963057946,3.106872553109532,3.053157519235718,3.053157519235718,0.47596379168021336,-6.527539715031417,"{'bias_segment_0_end': {'mean': 3.053157519235718, 'abs_mean': 3.053157519235718, 'std': 0.47596379168021336}}"
1,52,1.0,True,0.361198738170347,0.0,3,6,3,6,0,37,19,0.5135135135135135,30,13.621501590277678,13.631048172343924,4.300793588278606,4.9556520024763415,4.959125153965541,1.5646759805983923,2.748680008901151,"{'bias_segment_0_end': {'mean': 4.9556520024763415, 'abs_mean': 4.959125153965541, 'std': 1.5646759805983923}}"
1,53,-16.0,False,0.0,0.09666666666666666,6,5,6,8,0,46,15,0.32608695652173914,36,23.273470084385373,23.273470084385373,5.149721536017053,2.262666190362542,2.262666190362542,0.5006602267336691,-10.285861071118191,"{'bias_segment_0_end': {'mean': 2.262666190362542, 'abs_mean': 2.262666190362542, 'std': 0.5006602267336691}}"
1,54,12.0,True,0.5,0.0,3,6,9,8,0,52,32,0.6153846153846154,44,16.105673110134912,16.105673110134912,6.274999573916669,93.24660869273929,93.24660869273929,36.33020649400303,-0.1727212746493052,"{'bias_segment_0_end': {'mean': 93.24660869273929, 'abs_mean': 93.24660869273929, 'std': 36.33020649400303}}"
1,55,8.0,True,0.4581901489117984,0.0,3,6,7,6,0,26,17,0.6538461538461539,18,10.647014649772016,10.647014649772016,2.8700068816981634,2.3144191478036293,2.3144191478036293,0.6238743065383732,4.600296648891784,"{'bias_segment_0_end': {'mean': 2.3144191478036293, 'abs_mean': 2.3144191478036293, 'std': 0.6238743065383732}}"
1,56,-5.0,False,0.0,0.11333333333333334,6,4,6,9,0,23,9,0.391304347826087,14,18.282881748326467,18.282881748326467,2.450551287410175,3.3155727574407696,3.3155727574407696,0.4444037434083557,-5.514245376548059,"{'bias_segment_0_end': {'mean': 3.3155727574407696, 'abs_mean': 3.3155727574407696, 'std': 0.4444037434083557}}"
1,57,5.0,False,0.0,0.0,6,6,6,8,0,27,16,0.5925925925925926,15,13.166323463227604,13.166323463227604,2.6010662920190395,13.830000643173438,13.830000643173438,2.7321786975710287,-0.9520117751929802,"{'bias_segment_0_end': {'mean': 13.830000643173438, 'abs_mean': 13.830000643173438, 'std': 2.7321786975710287}}"
1,58,6.0,False,0.0,0.16666666666666666,6,3,7,7,1,28,17,0.6071428571428571,20,10.416529359918723,10.416529359918723,2.4025059736209764,3.02268074545808,3.02268074545808,0.6971620101466125,3.44612290780981,"{'bias_segment_0_end': {'mean': 3.02268074545808, 'abs_mean': 3.02268074545808, 'std': 0.6971620101466125}}"
1,59,10.0,True,0.2733333333333334,0.0,4,6,6,9,0,30,20,0.6666666666666666,20,8.134074061866587,8.134074061866587,3.6331320455682423,1.7024568939932199,1.7024568939932199,0.7604123899931603,4.777844355746125,"{'bias_segment_0_end': {'mean': 1.7024568939932199, 'abs_mean': 1.7024568939932199, 'std': 0.7604123899931603}}"
1,60,4.0,False,0.0,0.105,6,5,6,8,0,32,18,0.5625,22,11.989293199390957,11.989293199390957,2.2042403779487123,9.228591791722334,9.228591791722334,1.6966833924750273,1.2991465512804303,"{'bias_segment_0_end': {'mean': 9.228591791722334, 'abs_mean': 9.228591791722334, 'std': 1.6966833924750273}}"
1,61,4.0,False,0.0,0.16666666666666666,6,4,3,9,0,24,14,0.5833333333333334,15,11.966557466841188,11.966557466841188,2.5440023344312546,43.8603125664096,43.8603125664096,9.324380705730608,0.2728333832259502,"{'bias_segment_0_end': {'mean': 43.8603125664096, 'abs_mean': 43.8603125664096, 'std': 9.324380705730608}}"
1,62,13.0,True,0.5031545741324921,0.0,2,6,8,8,1,67,40,0.5970149253731343,60,5.328979247951489,7.745052304603127,7.276893859726781,0.44887299556567467,0.6523847564458906,0.6129506221073503,11.871908759482958,"{'bias_segment_0_end': {'mean': 0.44887299556567467, 'abs_mean': 0.6523847564458906, 'std': 0.6129506221073503}}"
1,63,17.0,True,0.5868725868725869,0.0,2,6,6,0,0,19,18,0.9473684210526315,12,7.2551115858708215,7.2551115858708215,4.135003381513179,0.9552609710061724,0.9552609710061724,0.5444447405923627,7.59490003891716,"{'bias_segment_0_end': {'mean': 0.9552609710061724, 'abs_mean': 0.9552609710061724, 'std': 0.5444447405923627}}"
1,64,4.0,False,0.0,0.07666666666666667,6,4,9,9,1,20,12,0.6,12,12.28323016121022,12.28323016121022,2.0195755659596966,39.34723521935285,39.34723521935285,6.469366265562549,-0.31217517807118356,"{'bias_segment_0_end': {'mean': 39.34723521935285, 'abs_mean': 39.34723521935285, 'std': 6.469366265562549}}"
1,65,-9.0,True,0.3814553990610328,0.0,3,6,8,0,0,37,14,0.3783783783783784,29,20.525980162564778,20.525980162564778,4.21209548369939,2.7369429923530237,2.7369429923530237,0.561642617109125,-7.49960091237342,"{'bias_segment_0_end': {'mean': 2.7369429923530237, 'abs_mean': 2.7369429923530237, 'std': 0.561642617109125}}"
1,66,6.0,True,0.45021645021645024,0.0,3,6,6,6,1,40,23,0.575,32,10.25921389475833,10.25921389475833,4.036791163836732,2.3260509651898076,2.3260509651898076,0.9152535544374966,4.410571414079558,"{'bias_segment_0_end': {'mean': 2.3260509651898076, 'abs_mean': 2.3260509651898076, 'std': 0.9152535544374966}}"
1,67,13.0,False,0.0,0.09166666666666667,6,5,6,6,1,29,21,0.7241379310344828,19,9.006318692802841,9.006318692802841,2.8768474892260416,1.7633919488547725,1.7633919488547725,0.5632722840063642,5.107383357767941,"{'bias_segment_0_end': {'mean': 1.7633919488547725, 'abs_mean': 1.7633919488547725, 'std': 0.5632722840063642}}"
1,68,-10.0,False,0.0,0.05333333333333334,6,3,4,9,0,44,17,0.38636363636363635,32,18.728169234012597,18.728169234012597,3.3614416391234765,4.3423674936579575,4.3423674936579575,0.779393582104593,-4.3128936602821275,"{'bias_segment_0_end': {'mean': 4.3423674936579575, 'abs_mean': 4.3423674936579575, 'std': 0.779393582104593}}"
1,69,-2.0,False,0.0,0.3233333333333333,6,3,6,9,0,30,14,0.4666666666666667,22,17.83581094322646,17.83581094322646,3.6621443324964082,3.1683971406146565,3.1683971406146565,0.6505522887932567,-5.629285140614154,"{'bias_segment_0_end': {'mean': 3.1683971406146565, 'abs_mean': 3.1683971406146565, 'std': 0.6505522887932567}}"
1,70,-3.0,False,0.0,0.16666666666666666,6,5,6,9,0,67,32,0.47761194029850745,57,17.95932438385479,17.95932438385479,8.08366953235352,25.705314406708677,25.705314406708677,11.57021625356255,0.6986619225776789,"{'bias_segment_0_end': {'mean': 25.705314406708677, 'abs_mean': 25.705314406708677, 'std': 11.57021625356255}}"
1,71,6.0,True,0.16666666666666666,0.0,5,6,6,9,0,26,16,0.6153846153846154,16,15.037450832441323,15.037450832441323,2.066402359051377,35.66252215509352,35.66252215509352,4.900639126415231,-0.42165976839901076,"{'bias_segment_0_end': {'mean': 35.66252215509352, 'abs_mean': 35.66252215509352, 'std': 4.900639126415231}}"
1,72,-24.0,True,0.16666666666666666,0.0,5,6,6,0,0,50,13,0.26,41,28.206531671397084,28.206531671397084,6.912304950191799,1.7952273594762238,1.7952273594762238,0.4399391994801969,-15.711955102793572,"{'bias_segment_0_end': {'mean': 1.7952273594762238, 'abs_mean': 1.7952273594762238, 'std': 0.4399391994801969}}"
1,73,8.0,False,0.0,0.03666666666666667,6,3,3,9,0,28,18,0.6428571428571429,20,14.88319709949141,14.88319709949141,2.4644794582666076,49.62901024407342,49.62901024407342,8.217970605576511,0.2998890573536821,"{'bias_segment_0_end': {'mean': 49.62901024407342, 'abs_mean': 49.62901024407342, 'std': 8.217970605576511}}"
1,74,-3.0,False,0.0,0.055,6,3,3,7,0,27,12,0.4444444444444444,19,14.58715642162869,14.58715642162869,3.0603684441474788,7.214903559283633,7.214903559283633,1.513678371725697,-2.0218089267262567,"{'bias_segment_0_end': {'mean': 7.214903559283633, 'abs_mean': 7.214903559283633, 'std': 1.513678371725697}}"
1,75,13.0,False,0.0,0.135,6,5,6,8,0,29,21,0.7241379310344828,19,12.321552791837014,12.321552791837014,3.8626631319484166,7.138524115265612,7.138524115265612,2.2378440755315068,1.7260644627490416,"{'bias_segment_0_end': {'mean': 7.138524115265612, 'abs_mean': 7.138524115265612, 'std': 2.2378440755315068}}"
1,76,6.0,False,0.0,0.10333333333333333,6,5,6,6,1,26,16,0.6153846153846154,16,12.740050901373733,12.740050901373733,1.7643154279927498,12.79127373323403,12.79127373323403,1.771409059973989,0.9959954862253311,"{'bias_segment_0_end': {'mean': 12.79127373323403, 'abs_mean': 12.79127373323403, 'std': 1.771409059973989}}"
1,77,-4.0,False,0.0,0.0,6,5,6,9,0,36,16,0.4444444444444444,27,16.94509041652549,16.94509041652549,3.1962658058395004,4.246799207279953,4.246799207279953,0.8010520308146273,-3.9900851416468774,"{'bias_segment_0_end': {'mean': 4.246799207279953, 'abs_mean': 4.246799207279953, 'std': 0.8010520308146273}}"
1,78,1.0,False,0.0,0.04,6,4,6,9,0,25,13,0.52,16,15.273780393892018,15.273780393892018,2.1925269914812526,5.0180875517179695,5.0180875517179695,0.7203385225544777,-3.0437452986771736,"{'bias_segment_0_end': {'mean': 5.0180875517179695, 'abs_mean': 5.0180875517179695, 'std': 0.7203385225544777}}"
1,79,4.0,False,0.0,0.16666666666666666,6,2,6,6,1,26,15,0.5769230769230769,19,11.736884383989668,11.736884383989668,2.43572210709429,6.7854742560910175,6.7854742560910175,1.4081700996582485,1.7297073043131792,"{'bias_segment_0_end': {'mean': 6.7854742560910175, 'abs_mean': 6.7854742560910175, 'std': 1.4081700996582485}}"
1,80,15.0,True,0.07545045045045044,0.0,5,6,7,7,1,27,21,0.7777777777777778,17,6.21271832002018,6.333416195503961,3.6511434540147047,0.9011949680712048,0.9187029754264321,0.5296219688346472,6.893867076640517,"{'bias_segment_0_end': {'mean': 0.9011949680712048, 'abs_mean': 0.9187029754264321, 'std': 0.5296219688346472}}"
1,81,15.0,False,0.0,0.16666666666666666,6,5,8,8,1,35,25,0.7142857142857143,25,10.209770181446746,10.209770181446746,2.6461783228367315,3.10235769547534,3.10235769547534,0.8040721326294609,3.2909713139581784,"{'bias_segment_0_end': {'mean': 3.10235769547534, 'abs_mean': 3.10235769547534, 'std': 0.8040721326294609}}"
1,82,-21.0,False,0.0,0.08833333333333333,6,5,3,9,0,47,13,0.2765957446808511,39,28.511352738920184,28.511352738920184,7.7879488983396055,1.7591200090803591,1.7591200090803591,0.4805081281907426,-16.207736022413545,"{'bias_segment_0_end': {'mean': 1.7591200090803591, 'abs_mean': 1.7591200090803591, 'std': 0.4805081281907426}}"
1,83,-4.0,False,0.0,0.16666666666666666,6,5,3,6,0,46,21,0.45652173913043476,31,20.049569075792185,20.049569075792185,3.634404766140382,2.8204686511073653,2.8204686511073653,0.5112690786312634,-7.108594902453667,"{'bias_segment_0_end': {'mean': 2.8204686511073653, 'abs_mean': 2.8204686511073653, 'std': 0.5112690786312634}}"
1,84,0.0,False,0.0,0.0033333333333333335,6,4,7,7,1,34,17,0.5,25,17.617642697750092,17.617642697750092,3.2787005870854684,4.704421336028983,4.704421336028983,0.8755081063316966,-3.7449117413920248,"{'bias_segment_0_end': {'mean': 4.704421336028983, 'abs_mean': 4.704421336028983, 'std': 0.8755081063316966}}"
1,85,-19.0,False,0.0,0.14666666666666667,6,3,7,7,1,49,15,0.30612244897959184,41,22.2649064982861,22.2649064982861,6.742659529744157,2.4063872794432926,2.4063872794432926,0.7287454866806841,-9.25242029347703,"{'bias_segment_0_end': {'mean': 2.4063872794432926, 'abs_mean': 2.4063872794432926, 'std': 0.7287454866806841}}"
1,86,16.0,True,0.1098233995584989,0.0,5,6,9,9,1,28,22,0.7857142857142857,19,4.791864344839397,5.2243339146963645,4.558389333851043,0.5690657334571187,0.6204243686892662,0.5413390244330866,8.420581425151797,"{'bias_segment_0_end': {'mean': 0.5690657334571187, 'abs_mean': 0.6204243686892662, 'std': 0.5413390244330866}}"
1,87,2.0,True,0.5416666666666666,0.0,2,6,6,7,0,26,14,0.5384615384615384,19,16.231738674566092,16.231738674566092,3.939605221313167,4.45660936414589,4.45660936414589,1.081663638896136,-3.642172187033698,"{'bias_segment_0_end': {'mean': 4.45660936414589, 'abs_mean': 4.45660936414589, 'std': 1.081663638896136}}"
1,88,1.0,True,0.18656716417910446,0.0,4,6,6,9,0,29,15,0.5172413793103449,20,13.007547512712245,13.007547512712245,1.9750871143877138,29.25506044423476,29.25506044423476,4.44213583364368,0.4446255558933776,"{'bias_segment_0_end': {'mean': 29.25506044423476, 'abs_mean': 29.25506044423476, 'std': 4.44213583364368}}"
1,89,14.0,True,0.5,0.0,3,6,7,8,0,26,20,0.7692307692307693,18,11.951013742161125,11.951013742161125,4.252252468510416,3.6945264640226463,3.6945264640226463,1.314537797006706,3.234789047673707,"{'bias_segment_0_end': {'mean': 3.6945264640226463, 'abs_mean': 3.6945264640226463, 'std': 1.314537797006706}}"
1,90,14.0,True,0.6853112066220949,0.0,1,6,7,7,1,34,24,0.7058823529411765,28,4.048084655430171,5.758973396858433,6.30870745109522,0.38516520739167887,0.5479520246170412,0.6002578554070052,10.509995653147424,"{'bias_segment_0_end': {'mean': 0.38516520739167887, 'abs_mean': 0.5479520246170412, 'std': 0.6002578554070052}}"
1,91,2.0,False,0.0,0.16666666666666666,6,3,8,8,1,26,14,0.5384615384615384,18,11.82661897591497,11.82661897591497,2.8386259781057035,24.044205206781825,24.044205206781825,5.771091946216601,0.491869823693702,"{'bias_segment_0_end': {'mean': 24.044205206781825, 'abs_mean': 24.044205206781825, 'std': 5.771091946216601}}"
1,92,5.0,False,0.0,0.16666666666666666,6,5,3,9,0,35,20,0.5714285714285714,25,10.953982950576242,10.953982950576242,3.475818943364971,4.122685478631472,4.122685478631472,1.3081733236958464,2.657001851669854,"{'bias_segment_0_end': {'mean': 4.122685478631472, 'abs_mean': 4.122685478631472, 'std': 1.3081733236958464}}"
1,93,-1.0,False,0.0,0.085,6,4,4,7,0,23,11,0.4782608695652174,15,16.932622272043524,16.932622272043524,2.352756487735379,4.370261690009737,4.370261690009737,0.6072397635213346,-3.8745099202528066,"{'bias_segment_0_end': {'mean': 4.370261690009737, 'abs_mean': 4.370261690009737, 'std': 0.6072397635213346}}"
1,94,13.0,True,0.4457671957671958,0.0,3,6,9,9,1,35,24,0.6857142857142857,27,9.698578386147794,9.74758515019862,3.1194851227661293,2.9243087095850377,2.93908519550251,0.940585016764428,3.316537120160625,"{'bias_segment_0_end': {'mean': 2.9243087095850377, 'abs_mean': 2.93908519550251, 'std': 0.940585016764428}}"
1,95,-3.0,False,0.0,0.021666666666666667,6,3,6,6,1,47,22,0.46808510638297873,40,11.423005485587117,11.423005485587117,6.529397685833937,10.071902645012843,10.071902645012843,5.757106385466421,1.1341457407000735,"{'bias_segment_0_end': {'mean': 10.071902645012843, 'abs_mean': 10.071902645012843, 'std': 5.757106385466421}}"
1,96,-17.0,True,0.08794326241134752,0.0,5,6,3,6,0,35,9,0.2571428571428571,26,21.162712023152256,21.162712023152256,6.784406255253216,2.2495237029902064,2.2495237029902064,0.7211591153917644,-9.40764126869233,"{'bias_segment_0_end': {'mean': 2.2495237029902064, 'abs_mean': 2.2495237029902064, 'std': 0.7211591153917644}}"
1,97,2.0,True,0.2568027210884354,0.0,4,6,7,7,1,30,16,0.5333333333333333,21,14.483303342808684,14.483303342808684,2.473650318831465,16.550220814857177,16.550220814857177,2.826665852837367,-0.8751123930507915,"{'bias_segment_0_end': {'mean': 16.550220814857177, 'abs_mean': 16.550220814857177, 'std': 2.826665852837367}}"
1,98,-11.0,False,0.0,0.16666666666666666,6,3,6,9,0,45,17,0.37777777777777777,37,24.469721448151024,24.469721448151024,4.647977466269666,2.062098845384486,2.062098845384486,0.39169178884510836,-11.866415377187481,"{'bias_segment_0_end': {'mean': 2.062098845384486, 'abs_mean': 2.062098845384486, 'std': 0.39169178884510836}}"
1,99,12.0,False,0.0,0.09333333333333334,6,3,6,9,0,26,19,0.7307692307692307,18,8.006721925606477,8.12723071416358,4.465647204192905,1.48525410971934,1.507608598250947,0.8283815679138625,5.390809473753593,"{'bias_segment_0_end': {'mean': 1.48525410971934, 'abs_mean': 1.507608598250947, 'std': 0.8283815679138625}}"
1,100,-9.0,False,0.0,0.03666666666666667,6,3,7,9,0,31,11,0.3548387096774194,24,20.58732705230692,20.58732705230692,2.0439130009468385,2.5939556952460854,2.5939556952460854,0.2575283209871324,-7.9366533090897,"{'bias_segment_0_end': {'mean': 2.5939556952460854, 'abs_mean': 2.5939556952460854, 'std': 0.2575283209871324}}"
1,101,-10.0,False,0.0,0.16666666666666666,6,4,0,7,0,48,19,0.3958333333333333,39,19.139829573107093,19.139829573107093,5.416912496392783,2.558078495519686,2.558078495519686,0.7239817531397568,-7.482111908070571,"{'bias_segment_0_end': {'mean': 2.558078495519686, 'abs_mean': 2.558078495519686, 'std': 0.7239817531397568}}"
1,102,6.0,False,0.0,0.16666666666666666,6,5,6,6,1,28,17,0.6071428571428571,18,12.247351052615835,12.247351052615835,3.337808974965128,5.0828910791441135,5.0828910791441135,1.3852562394799495,2.4095245917955244,"{'bias_segment_0_end': {'mean': 5.0828910791441135, 'abs_mean': 5.0828910791441135, 'std': 1.3852562394799495}}"
1,103,-15.0,False,0.0,0.11499999999999999,6,3,6,9,0,31,8,0.25806451612903225,24,22.787659785965914,22.787659785965914,4.988185081801502,2.2912635594110733,2.2912635594110733,0.5015542101681093,-9.945455507450687,"{'bias_segment_0_end': {'mean': 2.2912635594110733, 'abs_mean': 2.2912635594110733, 'std': 0.5015542101681093}}"
1,104,-13.0,False,0.0,0.023333333333333334,6,3,6,8,0,45,16,0.35555555555555557,33,19.86899197906714,19.86899197906714,4.008814638930295,3.230825036528296,3.230825036528296,0.6518588721512599,-6.149819861621941,"{'bias_segment_0_end': {'mean': 3.230825036528296, 'abs_mean': 3.230825036528296, 'std': 0.6518588721512599}}"
1,105,-10.0,True,0.09689922480620156,0.0,5,6,6,9,0,36,13,0.3611111111111111,26,18.59198889706036,18.59198889706036,3.270350126627726,3.5766742368961286,3.5766742368961286,0.6291407072316414,-5.198121960694599,"{'bias_segment_0_end': {'mean': 3.5766742368961286, 'abs_mean': 3.5766742368961286, 'std': 0.6291407072316414}}"
1,106,7.0,True,0.07774049217002237,0.0,5,6,6,8,0,33,20,0.6060606060606061,23,13.039882053045007,13.039882053045007,2.871066821179121,15.819777430626928,15.819777430626928,3.483132586226506,-0.8242772131420717,"{'bias_segment_0_end': {'mean': 15.819777430626928, 'abs_mean': 15.819777430626928, 'std': 3.483132586226506}}"
1,107,27.0,True,0.7164502164502164,0.0,1,6,6,6,1,27,27,1.0,21,4.723597774210197,6.535805796781279,6.021881721793231,0.3673380134668519,0.5082672218415552,0.468301107493374,12.858995260604708,"{'bias_segment_0_end': {'mean': 0.3673380134668519, 'abs_mean': 0.5082672218415552, 'std': 0.468301107493374}}"
1,108,12.0,False,0.0,0.0,6,3,9,8,0,58,35,0.603448275862069,51,6.29204227545296,7.633121736932538,5.881149700708899,0.6473280921439977,0.7852989402738412,0.6050552823246993,9.72002042212205,"{'bias_segment_0_end': {'mean': 0.6473280921439977, 'abs_mean': 0.7852989402738412, 'std': 0.6050552823246993}}"
1,109,1.0,True,0.25689655172413794,0.0,4,6,3,7,0,37,19,0.5135135135135135,28,17.903340548224662,17.903340548224662,3.37798515535787,3.4475688674750655,3.4475688674750655,0.6504839934779402,-5.193033478497772,"{'bias_segment_0_end': {'mean': 3.4475688674750655, 'abs_mean': 3.4475688674750655, 'std': 0.6504839934779402}}"
1,110,15.0,True,0.5365296803652968,0.0,2,6,6,6,1,21,18,0.8571428571428571,14,8.257597229983114,8.257597229983114,3.3432478330020423,1.3080813955333626,1.3080813955333626,0.5296020342489076,6.31275489291408,"{'bias_segment_0_end': {'mean': 1.3080813955333626, 'abs_mean': 1.3080813955333626, 'std': 0.5296020342489076}}"
1,111,-27.0,True,0.09271523178807946,0.0,5,6,3,6,0,81,27,0.3333333333333333,72,22.1364885816843,22.1364885816843,12.231595898311937,2.3679648863655762,2.3679648863655762,1.308427462853374,-9.348317920228983,"{'bias_segment_0_end': {'mean': 2.3679648863655762, 'abs_mean': 2.3679648863655762, 'std': 1.308427462853374}}"
1,112,-12.0,False,0.0,0.09666666666666666,6,4,6,6,1,62,25,0.4032258064516129,52,21.49228091312947,21.49228091312947,6.988058226350137,2.7700262624721845,2.7700262624721845,0.9006538156147755,-7.7588726158675865,"{'bias_segment_0_end': {'mean': 2.7700262624721845, 'abs_mean': 2.7700262624721845, 'std': 0.9006538156147755}}"
1,113,9.0,True,0.5533333333333333,0.0,2,6,6,6,1,19,14,0.7368421052631579,12,11.445978115119685,11.445978115119685,2.1146435232574157,4.312784945697271,4.312784945697271,0.7967866669755078,2.6539644937638203,"{'bias_segment_0_end': {'mean': 4.312784945697271, 'abs_mean': 4.312784945697271, 'std': 0.7967866669755078}}"
1,114,-7.0,False,0.0,0.03333333333333333,6,4,3,7,0,25,9,0.36,16,16.271987288389308,16.271987288389308,3.4064055975944387,3.6790350257998448,3.6790350257998448,0.7701754729474785,-4.422895453367334,"{'bias_segment_0_end': {'mean': 3.6790350257998448, 'abs_mean': 3.6790350257998448, 'std': 0.7701754729474785}}"
1,115,-13.0,True,0.3114942528735632,0.0,4,6,6,7,0,33,10,0.30303030303030304,24,21.515929159608078,21.515929159608078,6.0984624930777125,2.7205173253241823,2.7205173253241823,0.771101854220821,-7.908763880797635,"{'bias_segment_0_end': {'mean': 2.7205173253241823, 'abs_mean': 2.7205173253241823, 'std': 0.771101854220821}}"
1,116,2.0,False,0.0,0.05666666666666667,6,5,6,7,0,34,18,0.5294117647058824,24,18.82861264618023,18.82861264618023,4.016682841868312,3.454057882686275,3.454057882686275,0.7368495646980422,-5.451157243357173,"{'bias_segment_0_end': {'mean': 3.454057882686275, 'abs_mean': 3.454057882686275, 'std': 0.7368495646980422}}"
1,117,17.0,True,0.3333333333333333,0.0,4,6,3,8,0,23,20,0.8695652173913043,15,7.606468241958462,7.606468241958462,3.442454378605465,1.1453300059497493,1.1453300059497493,0.5183412549047582,6.641289586795466,"{'bias_segment_0_end': {'mean': 1.1453300059497493, 'abs_mean': 1.1453300059497493, 'std': 0.5183412549047582}}"
1,118,-14.0,False,0.0,0.13666666666666666,6,4,6,9,0,34,10,0.29411764705882354,25,22.851144658152602,22.851144658152602,3.9858683237171206,2.2996309992732673,2.2996309992732673,0.4011189151949595,-9.936874509594825,"{'bias_segment_0_end': {'mean': 2.2996309992732673, 'abs_mean': 2.2996309992732673, 'std': 0.4011189151949595}}"
1,119,0.0,False,0.0,0.045000000000000005,6,4,6,8,0,38,19,0.5,26,18.497244850193237,18.497244850193237,3.062240137057525,3.323499579424286,3.323499579424286,0.5502091738543717,-5.565592655617976,"{'bias_segment_0_end': {'mean': 3.323499579424286, 'abs_mean': 3.323499579424286, 'std': 0.5502091738543717}}"
1,120,-5.0,False,0.0,0.075,6,3,7,9,0,31,13,0.41935483870967744,23,16.57027865836358,16.57027865836358,2.3118234295540447,5.5785998478656555,5.5785998478656555,0.7783054285507159,-2.970329313851627,"{'bias_segment_0_end': {'mean': 5.5785998478656555, 'abs_mean': 5.5785998478656555, 'std': 0.7783054285507159}}"
1,121,-11.0,False,0.0,0.065,6,5,6,9,0,39,14,0.358974358974359,29,20.08447901573703,20.08447901573703,5.047708432781102,2.555313248860737,2.555313248860737,0.6422111434688008,-7.859889203287117,"{'bias_segment_0_end': {'mean': 2.555313248860737, 'abs_mean': 2.555313248860737, 'std': 0.6422111434688008}}"
1,122,5.0,False,0.0,0.085,6,4,3,7,0,41,23,0.5609756097560976,33,17.97144940134101,17.97144940134101,3.349414030605582,4.5378401762012155,4.5378401762012155,0.8457362127775803,-3.9603530982850828,"{'bias_segment_0_end': {'mean': 4.5378401762012155, 'abs_mean': 4.5378401762012155, 'std': 0.8457362127775803}}"
1,123,-35.0,False,0.0,0.11833333333333333,6,4,8,6,0,61,13,0.21311475409836064,52,33.715372222467686,33.715372222467686,8.93936406467652,1.694534258273829,1.694534258273829,0.4492923451897051,-19.896542107571506,"{'bias_segment_0_end': {'mean': 1.694534258273829, 'abs_mean': 1.694534258273829, 'std': 0.4492923451897051}}"
1,124,-8.0,True,0.18048137339475923,0.0,4,6,6,6,1,52,22,0.4230769230769231,40,23.6631599696064,23.6631599696064,5.523714974256836,2.2812513023139322,2.2812513023139322,0.5325147611231726,-10.372886119825663,"{'bias_segment_0_end': {'mean': 2.2812513023139322, 'abs_mean': 2.2812513023139322, 'std': 0.5325147611231726}}"
1,125,9.0,True,0.5057471264367815,0.0,2,6,8,9,0,15,12,0.8,9,11.29044175376872,11.29044175376872,3.1606316478943595,4.502307340858222,4.502307340858222,1.2603700882929234,2.5077012516023744,"{'bias_segment_0_end': {'mean': 4.502307340858222, 'abs_mean': 4.502307340858222, 'std': 1.2603700882929234}}"
1,126,-63.0,False,0.0,0.12,6,3,6,6,1,89,13,0.14606741573033707,81,43.56333742194723,43.56333742194723,15.526706210422226,1.5357058175388558,1.5357058175388558,0.5473513845738834,-28.366980787871512,"{'bias_segment_0_end': {'mean': 1.5357058175388558, 'abs_mean': 1.5357058175388558, 'std': 0.5473513845738834}}"
1,127,12.0,True,0.4476885644768857,0.0,3,6,6,6,1,32,22,0.6875,24,9.740944882140079,9.740944882140079,3.0804838847019425,2.5663025759641696,2.5663025759641696,0.811569495996356,3.7957117657805295,"{'bias_segment_0_end': {'mean': 2.5663025759641696, 'abs_mean': 2.5663025759641696, 'std': 0.811569495996356}}"
1,128,19.0,True,0.4781609195402299,0.0,3,6,7,9,0,31,25,0.8064516129032258,23,8.563813954103862,8.667077897047548,5.635628404092135,1.3200025683205283,1.3359193865315602,0.8686601562539639,6.487725220868179,"{'bias_segment_0_end': {'mean': 1.3200025683205283, 'abs_mean': 1.3359193865315602, 'std': 0.8686601562539639}}"
1,129,8.0,True,0.5881971465629053,0.0,2,6,6,8,0,26,17,0.6538461538461539,19,13.053348678377754,13.053348678377754,2.188110646487324,9.798491275612507,9.798491275612507,1.642504433762313,1.3321794459179928,"{'bias_segment_0_end': {'mean': 9.798491275612507, 'abs_mean': 9.798491275612507, 'std': 1.642504433762313}}"
1,130,8.0,True,0.04620976116303219,0.0,5,6,6,6,1,28,18,0.6428571428571429,18,10.534832320440412,10.534832320440412,3.6963299518783135,3.7384451604363766,3.7384451604363766,1.3116987911771356,2.8179716080710717,"{'bias_segment_0_end': {'mean': 3.7384451604363766, 'abs_mean': 3.7384451604363766, 'std': 1.3116987911771356}}"
1,131,-12.0,False,0.0,0.04666666666666667,6,4,3,6,0,36,12,0.3333333333333333,27,20.806941900608436,20.806941900608436,4.268520437402361,2.577590388573069,2.577590388573069,0.5287897330339689,-8.072245300436185,"{'bias_segment_0_end': {'mean': 2.577590388573069, 'abs_mean': 2.577590388573069, 'std': 0.5287897330339689}}"
1,132,22.0,True,0.5,0.0,3,6,9,9,1,24,23,0.9583333333333334,16,3.8059383876092725,4.499325583225794,4.649999715839612,0.3451750480067218,0.4080609736731438,0.4217261846307536,11.026110982202738,"{'bias_segment_0_end': {'mean': 0.3451750480067218, 'abs_mean': 0.4080609736731438, 'std': 0.4217261846307536}}"
1,133,-1.0,False,0.0,0.16666666666666666,6,5,6,7,0,31,15,0.4838709677419355,21,18.25533473786924,18.25533473786924,2.8133362004293176,3.804337870665592,3.804337870665592,0.586287877154365,-4.798557688220096,"{'bias_segment_0_end': {'mean': 3.804337870665592, 'abs_mean': 3.804337870665592, 'std': 0.586287877154365}}"
1,134,-1.0,True,0.3333333333333333,0.0,4,6,6,8,0,33,16,0.48484848484848486,24,13.444433465003538,13.444433465003538,3.2125293896022447,1061.1097638910567,1061.1097638910567,253.5507584583089,-0.01267016280738311,"{'bias_segment_0_end': {'mean': 1061.1097638910567, 'abs_mean': 1061.1097638910567, 'std': 253.5507584583089}}"
1,135,19.0,True,0.29949874686716793,0.0,4,6,6,6,1,25,22,0.88,16,1.6729596746244086,4.225374180133925,5.028690905717246,0.14791994146984358,0.37359962161306676,0.4446273725101162,11.309899517270123,"{'bias_segment_0_end': {'mean': 0.14791994146984358, 'abs_mean': 0.37359962161306676, 'std': 0.4446273725101162}}"
1,136,0.0,False,0.0,0.0016666666666666668,6,3,6,6,1,30,15,0.5,21,16.60806903938087,16.60806903938087,3.706313410355414,4.023957334864349,4.023957334864349,0.8980000623517244,-4.127297497785409,"{'bias_segment_0_end': {'mean': 4.023957334864349, 'abs_mean': 4.023957334864349, 'std': 0.8980000623517244}}"
1,137,2.0,False,0.0,0.018333333333333333,6,3,6,8,0,26,14,0.5384615384615384,18,15.67412335124301,15.67412335124301,2.5676052801689178,6.822598391692583,6.822598391692583,1.1176216533725714,-2.2973832624133834,"{'bias_segment_0_end': {'mean': 6.822598391692583, 'abs_mean': 6.822598391692583, 'std': 1.1176216533725714}}"
1,138,10.0,True,0.17695473251028807,0.0,4,6,3,6,0,24,17,0.7083333333333334,15,11.489921228498735,11.489921228498735,2.6743438320329855,7.047471105222627,7.047471105222627,1.6403385634128844,1.6303608850533589,"{'bias_segment_0_end': {'mean': 7.047471105222627, 'abs_mean': 7.047471105222627, 'std': 1.6403385634128844}}"
1,139,13.0,True,0.6666666666666666,0.0,2,6,9,9,1,15,14,0.9333333333333333,9,6.48441475644511,6.48441475644511,2.847221363020933,0.9631198099081366,0.9631198099081366,0.4228932603660975,6.732718702010294,"{'bias_segment_0_end': {'mean': 0.9631198099081366, 'abs_mean': 0.9631198099081366, 'std': 0.4228932603660975}}"
1,140,12.0,False,0.0,0.07666666666666667,6,5,3,6,0,26,19,0.7307692307692307,17,8.342977913526603,8.342977913526603,3.7560217508423146,1.8993672186971318,1.8993672186971318,0.8550981028844301,4.392503898877151,"{'bias_segment_0_end': {'mean': 1.8993672186971318, 'abs_mean': 1.8993672186971318, 'std': 0.8550981028844301}}"
1,141,-2.0,True,0.04770114942528736,0.0,5,6,3,8,0,30,14,0.4666666666666667,21,16.197918971217018,16.197918971217018,2.5756666115813385,4.699029904756556,4.699029904756556,0.7472030483675359,-3.4470772264762144,"{'bias_segment_0_end': {'mean': 4.699029904756556, 'abs_mean': 4.699029904756556, 'std': 0.7472030483675359}}"
1,142,8.0,True,0.3333333333333333,0.0,4,6,6,8,0,20,14,0.7,12,11.017025083812188,11.017025083812188,1.2328263398928936,4.167673117769455,4.167673117769455,0.4663706541976785,2.6434474999585653,"{'bias_segment_0_end': {'mean': 4.167673117769455, 'abs_mean': 4.167673117769455, 'std': 0.4663706541976785}}"
1,143,-1.0,False,0.0,0.10666666666666667,6,3,6,9,0,29,14,0.4827586206896552,21,17.813089213137054,17.813089213137054,2.504520789402339,3.453349729456216,3.453349729456216,0.4855410584325518,-5.158205976416412,"{'bias_segment_0_end': {'mean': 3.453349729456216, 'abs_mean': 3.453349729456216, 'std': 0.4855410584325518}}"
1,144,-15.0,False,0.0,0.13999999999999999,6,3,6,9,0,47,16,0.3404255319148936,40,25.47455242595506,25.47455242595506,6.197523399216572,2.0467466805872783,2.0467466805872783,0.4979385008658479,-12.446363132073369,"{'bias_segment_0_end': {'mean': 2.0467466805872783, 'abs_mean': 2.0467466805872783, 'std': 0.4979385008658479}}"
1,145,-10.0,False,0.0,0.06833333333333333,6,3,6,6,1,38,14,0.3684210526315789,30,14.951175150650242,14.951175150650242,6.096485612581231,6.263841307783845,6.263841307783845,2.5541415994137022,-2.386901968935734,"{'bias_segment_0_end': {'mean': 6.263841307783845, 'abs_mean': 6.263841307783845, 'std': 2.5541415994137022}}"
1,146,14.0,False,0.0,0.15166666666666667,6,5,3,6,0,72,43,0.5972222222222222,62,5.495698959099069,6.913155189024563,6.67481859275848,0.6272684121257538,0.7890541149490543,0.761850838458853,8.761319481200495,"{'bias_segment_0_end': {'mean': 0.6272684121257538, 'abs_mean': 0.7890541149490543, 'std': 0.761850838458853}}"
1,147,5.0,True,0.07684319833852545,0.0,5,6,3,8,0,29,17,0.5862068965517241,18,11.585738202284183,11.585738202284183,2.1565769771024774,7.727989020681741,7.727989020681741,1.4384929911515854,1.4991918558991588,"{'bias_segment_0_end': {'mean': 7.727989020681741, 'abs_mean': 7.727989020681741, 'std': 1.4384929911515854}}"
1,148,15.0,False,0.0,0.065,6,2,6,6,1,21,18,0.8571428571428571,15,5.235952925440873,5.561928370664974,3.376229713486917,0.7697977336173724,0.8177231375546696,0.4963784087869772,6.80172556606071,"{'bias_segment_0_end': {'mean': 0.7697977336173724, 'abs_mean': 0.8177231375546696, 'std': 0.4963784087869772}}"
1,149,-8.0,False,0.0,0.14666666666666667,6,5,3,6,0,40,16,0.4,30,17.473936087301468,17.473936087301468,3.4919600149570282,3.6702307520648345,3.6702307520648345,0.7334523239552097,-4.760991138628221,"{'bias_segment_0_end': {'mean': 3.6702307520648345, 'abs_mean': 3.6702307520648345, 'std': 0.7334523239552097}}"
1,150,-10.0,False,0.0,0.22833333333333336,6,4,6,7,0,32,11,0.34375,20,21.825133184915547,21.825133184915547,3.7544162138466,2.3766864612445042,2.3766864612445042,0.4088437907674832,-9.183009008890156,"{'bias_segment_0_end': {'mean': 2.3766864612445042, 'abs_mean': 2.3766864612445042, 'std': 0.4088437907674832}}"
1,151,11.0,False,0.0,0.16666666666666666,6,4,6,9,0,35,23,0.6571428571428571,25,9.749160488316312,9.749160488316312,3.820001759694987,2.5050325234731003,2.5050325234731003,0.9815438631078508,3.8918299051860603,"{'bias_segment_0_end': {'mean': 2.5050325234731003, 'abs_mean': 2.5050325234731003, 'std': 0.9815438631078508}}"
1,152,10.0,False,0.0,0.06666666666666667,6,2,6,6,1,26,18,0.6923076923076923,16,7.981985620417681,7.981985620417681,2.138639538657913,1.530984849050599,1.530984849050599,0.4102017827356714,5.213628093947178,"{'bias_segment_0_end': {'mean': 1.530984849050599, 'abs_mean': 1.530984849050599, 'std': 0.4102017827356714}}"
1,153,-4.0,True,0.06967213114754099,0.0,5,6,3,8,0,36,16,0.4444444444444444,26,14.556089881003462,14.556089881003462,3.307203748658666,11.520342781955224,11.520342781955224,2.6174694678162145,-1.2635118725636578,"{'bias_segment_0_end': {'mean': 11.520342781955224, 'abs_mean': 11.520342781955224, 'std': 2.6174694678162145}}"
1,154,-1.0,True,0.024081115335868184,0.0,5,6,3,6,0,37,18,0.4864864864864865,27,13.483029541624505,13.483029541624505,3.59320689439977,13.025396577092012,13.025396577092012,3.4712484044189913,-1.0351338987511014,"{'bias_segment_0_end': {'mean': 13.025396577092012, 'abs_mean': 13.025396577092012, 'std': 3.4712484044189913}}"
1,155,10.0,True,0.6275862068965518,0.0,2,6,9,9,1,24,17,0.7083333333333334,14,11.38669236357766,11.38669236357766,2.888927220043422,3.0623373252370265,3.0623373252370265,0.7769481578452474,3.7183011387213285,"{'bias_segment_0_end': {'mean': 3.0623373252370265, 'abs_mean': 3.0623373252370265, 'std': 0.7769481578452474}}"
1,156,-4.0,False,0.0,0.09999999999999999,6,4,6,9,0,26,11,0.4230769230769231,16,17.781490886650946,17.781490886650946,2.567108729547788,3.3782871974578743,3.3782871974578743,0.4877223518993153,-5.263463360969231,"{'bias_segment_0_end': {'mean': 3.3782871974578743, 'abs_mean': 3.3782871974578743, 'std': 0.4877223518993153}}"
1,157,16.0,True,0.05918560606060606,0.0,5,6,7,6,0,34,25,0.7352941176470589,23,7.577648900249177,7.864709888424001,5.203685946150442,1.6056639458914908,1.6664906594344129,1.1026336822231577,4.719324314180788,"{'bias_segment_0_end': {'mean': 1.6056639458914908, 'abs_mean': 1.6664906594344129, 'std': 1.1026336822231577}}"
1,158,-4.0,False,0.0,0.12333333333333334,6,5,3,6,0,30,13,0.43333333333333335,21,14.425166974542247,14.425166974542247,2.868225355467607,23.399226864881246,23.399226864881246,4.652580861672898,-0.6164804956095483,"{'bias_segment_0_end': {'mean': 23.399226864881246, 'abs_mean': 23.399226864881246, 'std': 4.652580861672898}}"
1,159,7.0,True,0.46387832699619774,0.0,3,6,7,7,1,23,15,0.6521739130434783,15,9.497575248560958,9.497575248560958,3.0253566779003354,2.440521053967275,2.440521053967275,0.7774033345295135,3.891617830185008,"{'bias_segment_0_end': {'mean': 2.440521053967275, 'abs_mean': 2.440521053967275, 'std': 0.7774033345295135}}"
1,160,-10.0,True,0.33727034120734906,0.0,3,6,6,6,1,38,14,0.3684210526315789,30,18.964978502747744,18.964978502747744,6.830725469884683,4.294070881341679,4.294070881341679,1.5466202260351127,-4.416549942189626,"{'bias_segment_0_end': {'mean': 4.294070881341679, 'abs_mean': 4.294070881341679, 'std': 1.5466202260351127}}"
1,161,14.0,True,0.5850111856823267,0.0,2,6,6,6,1,32,23,0.71875,24,5.606706830729704,5.695315430201561,3.6028242333875546,0.5503292387311349,0.5590266621143427,0.35363709526866893,10.18791377259328,"{'bias_segment_0_end': {'mean': 0.5503292387311349, 'abs_mean': 0.5590266621143427, 'std': 0.35363709526866893}}"
1,162,11.0,True,0.33505154639175255,0.0,3,6,6,6,1,37,24,0.6486486486486487,27,10.242207189018957,10.242207189018957,1.8641741241464267,3.0927814453353397,3.0927814453353397,0.5629141293114739,3.311649196701784,"{'bias_segment_0_end': {'mean': 3.0927814453353397, 'abs_mean': 3.0927814453353397, 'std': 0.5629141293114739}}"
1,163,16.0,True,0.29961832061068705,0.0,4,6,7,6,0,28,22,0.7857142857142857,19,7.972659736150329,7.972659736150329,3.4648740792127746,1.0949850368487364,1.0949850368487364,0.4758744756282539,7.28106729119778,"{'bias_segment_0_end': {'mean': 1.0949850368487364, 'abs_mean': 1.0949850368487364, 'std': 0.4758744756282539}}"
1,164,10.0,False,0.0,0.10666666666666667,6,5,8,6,0,34,22,0.6470588235294118,25,14.484122252838256,14.484122252838256,3.652825907753822,33.19544669925101,33.19544669925101,8.37173185960399,-0.4363285839791114,"{'bias_segment_0_end': {'mean': 33.19544669925101, 'abs_mean': 33.19544669925101, 'std': 8.37173185960399}}"
1,165,10.0,False,0.0,0.11833333333333333,6,4,6,8,0,30,20,0.6666666666666666,22,14.694708280078652,14.694708280078652,2.5149253787270864,11.469159238300204,11.469159238300204,1.9628888911096518,1.2812367475906188,"{'bias_segment_0_end': {'mean': 11.469159238300204, 'abs_mean': 11.469159238300204, 'std': 1.9628888911096518}}"
1,166,-28.0,False,0.0,0.16666666666666666,6,5,6,6,1,76,24,0.3157894736842105,66,27.82094206342523,27.82094206342523,11.055793150629688,2.1104934848500476,2.1104934848500476,0.8386912046709117,-13.182197558597023,"{'bias_segment_0_end': {'mean': 2.1104934848500476, 'abs_mean': 2.1104934848500476, 'std': 0.8386912046709117}}"
1,167,14.0,True,0.6666666666666666,0.0,2,6,6,6,1,20,17,0.85,13,5.497896284246349,5.499067765403592,3.39287554039131,0.7562053991493658,0.7563665299401825,0.4666713720368841,7.270374279832938,"{'bias_segment_0_end': {'mean': 0.7562053991493658, 'abs_mean': 0.7563665299401825, 'std': 0.4666713720368841}}"
1,168,19.0,True,0.3388480392156863,0.0,3,6,7,7,1,25,22,0.88,17,2.432411616414441,4.533384483697319,5.305999525803555,0.21077267771469438,0.3928256140083852,0.45977404500931507,11.540450322062123,"{'bias_segment_0_end': {'mean': 0.21077267771469438, 'abs_mean': 0.3928256140083852, 'std': 0.45977404500931507}}"
1,169,-17.0,False,0.0,0.06166666666666667,6,3,3,9,0,39,11,0.28205128205128205,31,24.83500766911723,24.83500766911723,5.681582276454048,2.013681262174185,2.013681262174185,0.460676152068333,-12.333137391516823,"{'bias_segment_0_end': {'mean': 2.013681262174185, 'abs_mean': 2.013681262174185, 'std': 0.460676152068333}}"
1,170,-6.0,False,0.0,0.105,6,5,8,7,0,36,15,0.4166666666666667,26,18.0696277406968,18.0696277406968,3.7114337627654614,4.166672025045757,4.166672025045757,0.8558188056799907,-4.336705080716873,"{'bias_segment_0_end': {'mean': 4.166672025045757, 'abs_mean': 4.166672025045757, 'std': 0.8558188056799907}}"
1,171,-2.0,False,0.0,0.11166666666666668,6,4,3,9,0,36,17,0.4722222222222222,28,16.285855064650438,16.285855064650438,2.5016502697353675,5.1593618836623625,5.1593618836623625,0.7925232661527041,-3.1565638216270955,"{'bias_segment_0_end': {'mean': 5.1593618836623625, 'abs_mean': 5.1593618836623625, 'std': 0.7925232661527041}}"
1,172,-10.0,True,0.16666666666666666,0.0,5,6,3,6,0,38,14,0.3684210526315789,29,19.071234261925888,19.071234261925888,5.68937215053654,4.444472130084442,4.444472130084442,1.3258846078578204,-4.291000979133949,"{'bias_segment_0_end': {'mean': 4.444472130084442, 'abs_mean': 4.444472130084442, 'std': 1.3258846078578204}}"
1,173,11.0,True,0.32328605200945626,0.0,4,6,6,6,1,25,18,0.72,16,10.153095176995004,10.153095176995004,2.5275730548281317,2.452662933445832,2.452662933445832,0.6105807771013332,4.1396210781929845,"{'bias_segment_0_end': {'mean': 2.452662933445832, 'abs_mean': 2.452662933445832, 'std': 0.6105807771013332}}"
1,174,4.0,True,0.43705293276108725,0.0,3,6,6,7,0,28,16,0.5714285714285714,20,9.366315401650938,9.366315401650938,3.314291456209694,1.8079461273232114,1.8079461273232114,0.6397457427088716,5.180638548958542,"{'bias_segment_0_end': {'mean': 1.8079461273232114, 'abs_mean': 1.8079461273232114, 'std': 0.6397457427088716}}"
1,175,5.0,True,0.3423611111111111,0.0,3,6,3,6,0,25,15,0.6,14,14.430026006948356,14.430026006948356,2.458161369479392,48.0174653505227,48.0174653505227,8.17979664957873,-0.3005161955469871,"{'bias_segment_0_end': {'mean': 48.0174653505227, 'abs_mean': 48.0174653505227, 'std': 8.17979664957873}}"
1,176,-2.0,False,0.0,0.011666666666666667,6,4,8,8,1,30,14,0.4666666666666667,20,15.734061416227226,15.734061416227226,4.113095901254091,6.292604499716076,6.292604499716076,1.644971701286352,-2.5004052641377905,"{'bias_segment_0_end': {'mean': 6.292604499716076, 'abs_mean': 6.292604499716076, 'std': 1.644971701286352}}"
1,177,-12.0,True,0.1415830546265329,0.0,5,6,7,7,1,32,10,0.3125,25,21.042942512320078,21.042942512320078,5.339525838042003,2.712234523148592,2.712234523148592,0.6882139371289252,-7.758526164577997,"{'bias_segment_0_end': {'mean': 2.712234523148592, 'abs_mean': 2.712234523148592, 'std': 0.6882139371289252}}"
1,178,8.0,True,0.5298850574712644,0.0,2,6,8,8,1,30,19,0.6333333333333333,23,12.829583318644573,12.829583318644573,4.051835957984133,4.6590397053852275,4.6590397053852275,1.4714168137106782,2.7536969268184794,"{'bias_segment_0_end': {'mean': 4.6590397053852275, 'abs_mean': 4.6590397053852275, 'std': 1.4714168137106782}}"
1,179,-18.0,True,0.15748031496062992,0.0,5,6,8,8,1,58,20,0.3448275862068966,46,22.01938293996773,22.01938293996773,6.651436441764725,2.7405755400799956,2.7405755400799956,0.8278508107332019,-8.034583472683625,"{'bias_segment_0_end': {'mean': 2.7405755400799956, 'abs_mean': 2.7405755400799956, 'std': 0.8278508107332019}}"
1,180,-8.0,False,0.0,0.0,6,4,6,6,1,24,8,0.3333333333333333,17,18.00120287603855,18.00120287603855,3.7377695259242296,4.2057665526862325,4.2057665526862325,0.8732853111003588,-4.280124122567179,"{'bias_segment_0_end': {'mean': 4.2057665526862325, 'abs_mean': 4.2057665526862325, 'std': 0.8732853111003588}}"
1,181,-4.0,True,0.16666666666666666,0.0,5,6,3,7,0,32,14,0.4375,22,19.271608482560794,19.271608482560794,3.6648029640710966,2.828672074903807,2.828672074903807,0.537916999189427,-6.8129524993511845,"{'bias_segment_0_end': {'mean': 2.828672074903807, 'abs_mean': 2.828672074903807, 'std': 0.537916999189427}}"
1,182,-4.0,True,0.49073841588678385,0.0,2,6,9,9,1,34,15,0.4411764705882353,24,16.425593073170127,16.425593073170127,4.141356809810763,6.513536847082718,6.513536847082718,1.642246953121018,-2.5217625168616067,"{'bias_segment_0_end': {'mean': 6.513536847082718, 'abs_mean': 6.513536847082718, 'std': 1.642246953121018}}"
1,183,-6.0,True,0.13303659742828883,0.0,5,6,6,6,1,38,16,0.42105263157894735,28,18.20928853665041,18.20928853665041,2.806370166728913,3.7905713631007245,3.7905713631007245,0.5841934113379499,-4.803837414567241,"{'bias_segment_0_end': {'mean': 3.7905713631007245, 'abs_mean': 3.7905713631007245, 'std': 0.5841934113379499}}"
1,184,-4.0,True,0.3,0.0,4,6,9,9,1,30,13,0.43333333333333335,21,16.968306334378752,16.968306334378752,3.147114280645476,3.8334989761533533,3.8334989761533533,0.7109996209962776,-4.426323429308765,"{'bias_segment_0_end': {'mean': 3.8334989761533533, 'abs_mean': 3.8334989761533533, 'std': 0.7109996209962776}}"
1,185,5.0,True,0.028160919540229885,0.0,5,6,6,6,1,49,27,0.5510204081632653,37,12.31628814209388,12.31628814209388,4.310790047791275,12.33728270308605,12.33728270308605,4.318138296187111,0.9982982832202655,"{'bias_segment_0_end': {'mean': 12.33728270308605, 'abs_mean': 12.33728270308605, 'std': 4.318138296187111}}"
1,186,13.0,True,0.11418439716312057,0.0,5,6,6,8,0,27,20,0.7407407407407407,17,7.161670046463381,7.161670046463381,3.8696381873260743,1.3909803896109911,1.3909803896109911,0.751583191984453,5.148649182945166,"{'bias_segment_0_end': {'mean': 1.3909803896109911, 'abs_mean': 1.3909803896109911, 'std': 0.751583191984453}}"
1,187,9.0,True,0.3733850129198966,0.0,3,6,7,7,1,23,16,0.6956521739130435,16,10.850553334563985,10.850553334563985,1.8350914524306126,2.955422459634161,2.955422459634161,0.4998335409052243,3.671405182427669,"{'bias_segment_0_end': {'mean': 2.955422459634161, 'abs_mean': 2.955422459634161, 'std': 0.4998335409052243}}"
1,188,2.0,True,0.25057077625570773,0.0,4,6,6,6,1,26,14,0.5384615384615384,17,13.109236874983939,13.109236874983939,4.018332596135706,25.29017571333226,25.29017571333226,7.752116953871663,0.5183529376616046,"{'bias_segment_0_end': {'mean': 25.29017571333226, 'abs_mean': 25.29017571333226, 'std': 7.752116953871663}}"
1,189,8.0,True,0.023319615912208505,0.0,5,6,3,6,0,46,27,0.5869565217391305,36,8.93961993825513,8.93961993825513,4.483977234096537,3.4649123590147326,3.4649123590147326,1.7379472777669653,2.5800421517146717,"{'bias_segment_0_end': {'mean': 3.4649123590147326, 'abs_mean': 3.4649123590147326, 'std': 1.7379472777669653}}"
1,190,-22.0,False,0.0,0.049999999999999996,6,5,3,8,0,62,20,0.3225806451612903,52,26.31785175532312,26.31785175532312,4.690480859177977,2.358931428769561,2.358931428769561,0.4204189163167181,-11.156683672255255,"{'bias_segment_0_end': {'mean': 2.358931428769561, 'abs_mean': 2.358931428769561, 'std': 0.4204189163167181}}"
1,191,10.0,True,0.37832699619771865,0.0,3,6,9,6,0,22,16,0.7272727272727273,14,7.6611095058107,7.6611095058107,4.216249205462362,1.7445087144490723,1.7445087144490723,0.9600807135884598,4.391557028266339,"{'bias_segment_0_end': {'mean': 1.7445087144490723, 'abs_mean': 1.7445087144490723, 'std': 0.9600807135884598}}"
1,192,23.0,True,0.3333333333333333,0.0,4,6,9,9,1,25,24,0.96,17,3.405596482946166,4.350581467851884,4.5254301430115405,0.3224839756926071,0.41196683616308283,0.4285236702426423,10.560513822839967,"{'bias_segment_0_end': {'mean': 0.3224839756926071, 'abs_mean': 0.41196683616308283, 'std': 0.4285236702426423}}"
1,193,20.0,True,0.3333333333333333,0.0,4,6,7,8,0,30,25,0.8333333333333334,22,8.84194099436227,8.857841869138877,4.265373069617792,1.4154505346127093,1.4179960053094385,0.682816657062368,6.246732597251498,"{'bias_segment_0_end': {'mean': 1.4154505346127093, 'abs_mean': 1.4179960053094385, 'std': 0.682816657062368}}"
1,194,-5.0,False,0.0,0.06666666666666667,6,3,8,7,0,23,9,0.391304347826087,15,17.748099760698157,17.748099760698157,2.103335879094344,3.524155245471069,3.524155245471069,0.4176493411262103,-5.036128809451977,"{'bias_segment_0_end': {'mean': 3.524155245471069, 'abs_mean': 3.524155245471069, 'std': 0.4176493411262103}}"
1,195,1.0,False,0.0,0.03,6,0,6,9,0,23,12,0.5217391304347826,18,12.61850803539969,12.61850803539969,3.5077469787402302,10.954310946164226,10.954310946164226,3.045126334887775,1.1519216587345646,"{'bias_segment_0_end': {'mean': 10.954310946164226, 'abs_mean': 10.954310946164226, 'std': 3.045126334887775}}"
1,196,6.0,True,1.0,0.0,0,6,6,6,1,26,16,0.6153846153846154,21,12.266784314822448,12.266784314822448,3.174192488398406,1.8816929734533234,1.8816929734533234,0.4869129144620532,6.519014785026371,"{'bias_segment_0_end': {'mean': 1.8816929734533234, 'abs_mean': 1.8816929734533234, 'std': 0.4869129144620532}}"
1,197,-17.0,True,0.11335403726708075,0.0,5,6,3,9,0,45,14,0.3111111111111111,35,24.50494931027359,24.50494931027359,6.184969585146974,1.838209731119521,1.838209731119521,0.46395816347716,-13.330877807588035,"{'bias_segment_0_end': {'mean': 1.838209731119521, 'abs_mean': 1.838209731119521, 'std': 0.46395816347716}}"
1,198,-5.0,False,0.0,0.08666666666666667,6,2,7,9,0,23,9,0.391304347826087,16,17.96230797367531,17.96230797367531,2.831256850501948,3.31325961933503,3.31325961933503,0.5222429661311713,-5.421340322639835,"{'bias_segment_0_end': {'mean': 3.31325961933503, 'abs_mean': 3.31325961933503, 'std': 0.5222429661311713}}"
1,199,2.0,True,0.446165191740413,0.0,3,6,9,6,0,22,12,0.5454545454545454,14,9.907046652985597,9.907046652985597,2.980890465106318,2.519479031347469,2.519479031347469,0.7580756692324312,3.9321806332665146,"{'bias_segment_0_end': {'mean': 2.519479031347469, 'abs_mean': 2.519479031347469, 'std': 0.7580756692324312}}"
1,200,-1.0,False,0.0,0.16666666666666666,6,5,3,6,0,27,13,0.48148148148148145,17,17.709069239837586,17.709069239837586,2.992132616122183,3.4903378567883965,3.4903378567883965,0.5897291156945264,-5.07374069974201,"{'bias_segment_0_end': {'mean': 3.4903378567883965, 'abs_mean': 3.4903378567883965, 'std': 0.5897291156945264}}"
1,201,15.0,True,0.28112449799196787,0.0,4,6,3,6,0,39,27,0.6923076923076923,30,7.884771285522198,7.906675506678284,4.47706128939803,1.9387956347172788,1.9441816892801143,1.1008698375544244,4.066839817633476,"{'bias_segment_0_end': {'mean': 1.9387956347172788, 'abs_mean': 1.9441816892801143, 'std': 1.1008698375544244}}"
1,202,-9.0,False,0.0,0.06,6,3,3,9,0,27,9,0.3333333333333333,19,18.45465487678098,18.45465487678098,3.9185450054739084,2.739277686403175,2.739277686403175,0.5816409447009719,-6.73705151120074,"{'bias_segment_0_end': {'mean': 2.739277686403175, 'abs_mean': 2.739277686403175, 'std': 0.5816409447009719}}"
1,203,26.0,True,0.19567690557451647,0.0,4,6,3,6,0,54,40,0.7407407407407407,45,5.959486603929587,6.571120089974261,5.128365826834283,0.6552979882523636,0.722552471665175,0.5639089459704039,9.094315427128265,"{'bias_segment_0_end': {'mean': 0.6552979882523636, 'abs_mean': 0.722552471665175, 'std': 0.5639089459704039}}"
1,204,18.0,True,0.6062500000000001,0.0,2,6,7,7,1,20,19,0.95,13,4.64732363036815,5.027982132346829,4.1777909474212915,0.5270677932013323,0.5702394878279304,0.47381659429201584,8.817316653216446,"{'bias_segment_0_end': {'mean': 0.5270677932013323, 'abs_mean': 0.5702394878279304, 'std': 0.47381659429201584}}"
1,205,15.0,True,0.15060240963855423,0.0,5,6,7,7,1,39,27,0.6923076923076923,29,10.21941276752118,10.33923052538122,5.83283278413086,2.9131208260930763,2.9472757833003214,1.6626930573322547,3.5080634747398776,"{'bias_segment_0_end': {'mean': 2.9131208260930763, 'abs_mean': 2.9472757833003214, 'std': 1.6626930573322547}}"
1,206,11.0,True,0.05354993983152828,0.0,5,6,9,9,1,33,22,0.6666666666666666,23,6.450214508072676,6.450214508072676,3.082621652144455,1.029016698802576,1.029016698802576,0.4917773125493843,6.268328313406889,"{'bias_segment_0_end': {'mean': 1.029016698802576, 'abs_mean': 1.029016698802576, 'std': 0.4917773125493843}}"
1,207,24.0,True,0.061383061383061384,0.0,5,6,6,9,0,50,37,0.74,40,4.807961914642903,7.371427299702545,7.733324333361814,0.5011729332816441,0.7683837575778099,0.8061072256761241,9.593418948546793,"{'bias_segment_0_end': {'mean': 0.5011729332816441, 'abs_mean': 0.7683837575778099, 'std': 0.8061072256761241}}"
1,208,-6.0,False,0.0,0.13,6,2,8,7,0,22,8,0.36363636363636365,15,17.150319869226113,17.150319869226113,3.6337712662252835,3.9175699254414074,3.9175699254414074,0.8300459196706328,-4.377795469035239,"{'bias_segment_0_end': {'mean': 3.9175699254414074, 'abs_mean': 3.9175699254414074, 'std': 0.8300459196706328}}"
1,209,-5.0,False,0.0,0.15,6,5,4,6,0,41,18,0.43902439024390244,32,16.601152219728394,16.601152219728394,4.41929598454826,9.382000144610526,9.382000144610526,2.4975275822624097,-1.7694683397830575,"{'bias_segment_0_end': {'mean': 9.382000144610526, 'abs_mean': 9.382000144610526, 'std': 2.4975275822624097}}"
1,210,-11.0,True,0.29617486338797816,0.0,4,6,7,7,1,35,12,0.34285714285714286,26,19.97860387002885,19.97860387002885,7.498413721609686,3.9094873482067687,3.9094873482067687,1.4673174245288623,-5.110287383125253,"{'bias_segment_0_end': {'mean': 3.9094873482067687, 'abs_mean': 3.9094873482067687, 'std': 1.4673174245288623}}"
1,211,-9.0,False,0.0,0.10666666666666667,6,3,6,8,0,35,13,0.37142857142857144,27,17.147974807375544,17.147974807375544,3.2044426844604668,3.947886937729277,3.947886937729277,0.737741777602937,-4.343583055404981,"{'bias_segment_0_end': {'mean': 3.947886937729277, 'abs_mean': 3.947886937729277, 'std': 0.737741777602937}}"
1,212,3.0,False,0.0,0.07666666666666667,6,5,4,6,0,27,15,0.5555555555555556,18,12.185051649475142,12.185051649475142,2.4300904665438763,18.661947763507136,18.661947763507136,3.721791474654267,0.6529356851647948,"{'bias_segment_0_end': {'mean': 18.661947763507136, 'abs_mean': 18.661947763507136, 'std': 3.721791474654267}}"
1,213,-8.0,False,0.0,0.10666666666666667,6,3,6,7,0,32,12,0.375,24,18.189387067449132,18.189387067449132,3.280298696702713,3.5723338108478826,3.5723338108478826,0.6442395172777373,-5.091737791192569,"{'bias_segment_0_end': {'mean': 3.5723338108478826, 'abs_mean': 3.5723338108478826, 'std': 0.6442395172777373}}"
1,214,1.0,True,0.3333333333333333,0.0,4,6,7,7,1,27,14,0.5185185185185185,18,11.35555253520442,11.35555253520442,4.852846253731041,3.2298224514838005,3.2298224514838005,1.380279095650136,3.5158442006580297,"{'bias_segment_0_end': {'mean': 3.2298224514838005, 'abs_mean': 3.2298224514838005, 'std': 1.380279095650136}}"
1,215,18.0,True,0.31853070175438597,0.0,4,6,6,6,1,40,29,0.725,30,7.533377319314115,7.552114972763401,2.7447381399829647,1.0763036061740536,1.0789806795667534,0.3921443773290376,6.999305099509127,"{'bias_segment_0_end': {'mean': 1.0763036061740536, 'abs_mean': 1.0789806795667534, 'std': 0.3921443773290376}}"
1,216,-11.0,True,0.28896882494004794,0.0,4,6,9,9,1,37,13,0.35135135135135137,28,17.483186479219913,17.483186479219913,5.462833478377269,3.7870245414698203,3.7870245414698203,1.1833017095119804,-4.616602371537401,"{'bias_segment_0_end': {'mean': 3.7870245414698203, 'abs_mean': 3.7870245414698203, 'std': 1.1833017095119804}}"
1,217,6.0,True,0.14316239316239315,0.0,5,6,8,8,1,44,25,0.5681818181818182,32,14.485703401374202,14.485703401374202,3.090551387712012,22.678637085572692,22.678637085572692,4.838528815216848,-0.6387378283234432,"{'bias_segment_0_end': {'mean': 22.678637085572692, 'abs_mean': 22.678637085572692, 'std': 4.838528815216848}}"
1,218,19.0,True,0.6146131805157593,0.0,2,6,6,6,1,23,21,0.9130434782608695,16,0.41069274277461926,3.9128576383567863,4.686300781715695,0.037662998610826615,0.3588326173045332,0.4297620129327051,10.904409046616939,"{'bias_segment_0_end': {'mean': 0.037662998610826615, 'abs_mean': 0.3588326173045332, 'std': 0.4297620129327051}}"
1,219,-5.0,False,0.0,0.021666666666666667,6,4,6,9,0,31,13,0.41935483870967744,22,17.122876167950864,17.122876167950864,2.5344846813355386,3.959508716460053,3.959508716460053,0.5860764330157212,-4.324495131623134,"{'bias_segment_0_end': {'mean': 3.959508716460053, 'abs_mean': 3.959508716460053, 'std': 0.5860764330157212}}"
1,220,-5.0,True,0.06571815718157181,0.0,5,6,7,7,1,33,14,0.42424242424242425,23,17.043124757250926,17.043124757250926,4.248359951698413,4.219972923957138,4.219972923957138,1.0519176631482308,-4.038681068424797,"{'bias_segment_0_end': {'mean': 4.219972923957138, 'abs_mean': 4.219972923957138, 'std': 1.0519176631482308}}"
1,221,-6.0,False,0.0,0.0,6,3,6,8,0,22,8,0.36363636363636365,16,16.61227912729413,16.61227912729413,2.8243286479113445,4.165918082774177,4.165918082774177,0.708266559685931,-3.987663414694809,"{'bias_segment_0_end': {'mean': 4.165918082774177, 'abs_mean': 4.165918082774177, 'std': 0.708266559685931}}"
1,222,9.0,True,0.2508532423208191,0.0,4,6,6,6,1,25,17,0.68,16,6.957381970710113,7.141180058804001,3.7154617578217755,1.1436077862777128,1.1738192832936907,0.6107226847325702,6.083713362389252,"{'bias_segment_0_end': {'mean': 1.1436077862777128, 'abs_mean': 1.1738192832936907, 'std': 0.6107226847325702}}"
1,223,-11.0,False,0.0,0.16666666666666666,6,3,6,7,0,37,13,0.35135135135135137,29,23.628727917844564,23.628727917844564,4.428578021806217,2.250981356634206,2.250981356634206,0.42188672188135024,-10.4970784623359,"{'bias_segment_0_end': {'mean': 2.250981356634206, 'abs_mean': 2.250981356634206, 'std': 0.42188672188135024}}"
1,224,17.0,True,0.3691239316239316,0.0,3,6,7,7,1,23,20,0.8695652173913043,15,6.9859559082588145,6.9859559082588145,3.1415995127496688,0.997592291437184,0.997592291437184,0.44861941556155815,7.002816649870538,"{'bias_segment_0_end': {'mean': 0.997592291437184, 'abs_mean': 0.997592291437184, 'std': 0.44861941556155815}}"
1,225,15.0,True,0.20714285714285716,0.0,4,6,8,8,1,25,20,0.8,17,6.997177006230804,6.997177006230804,3.2606047235118525,1.0260734832925726,1.0260734832925726,0.47813854691896956,6.8193722186227115,"{'bias_segment_0_end': {'mean': 1.0260734832925726, 'abs_mean': 1.0260734832925726, 'std': 0.47813854691896956}}"
1,226,1.0,True,0.2693798449612403,0.0,4,6,6,6,1,27,14,0.5185185185185185,18,11.481028099553189,11.481028099553189,3.48951119599573,5.326178867275695,5.326178867275695,1.618823734954337,2.1555844040637075,"{'bias_segment_0_end': {'mean': 5.326178867275695, 'abs_mean': 5.326178867275695, 'std': 1.618823734954337}}"
1,227,16.0,False,0.0,0.12,6,5,6,6,1,30,23,0.7666666666666667,20,4.397163643244041,4.887354951469829,3.100164545554688,0.5727385839312233,0.6365868958220006,0.40380208603399315,7.677435686386493,"{'bias_segment_0_end': {'mean': 0.5727385839312233, 'abs_mean': 0.6365868958220006, 'std': 0.40380208603399315}}"
1,228,-9.0,True,0.07598039215686274,0.0,5,6,6,8,0,37,14,0.3783783783783784,27,22.770001012837053,22.770001012837053,5.911289724980195,3.0959779305615127,3.0959779305615127,0.8037427191758149,-7.354703916997011,"{'bias_segment_0_end': {'mean': 3.0959779305615127, 'abs_mean': 3.0959779305615127, 'std': 0.8037427191758149}}"
1,229,3.0,False,0.0,0.06833333333333333,6,4,3,6,0,31,17,0.5483870967741935,22,11.399546694785949,11.399546694785949,3.929822757005951,10.662503017793702,10.662503017793702,3.6757380032607623,1.0691248270469194,"{'bias_segment_0_end': {'mean': 10.662503017793702, 'abs_mean': 10.662503017793702, 'std': 3.6757380032607623}}"
1,230,-12.0,False,0.0,0.15666666666666665,6,4,3,7,0,40,14,0.35,27,22.48563974270789,22.48563974270789,4.274379968651183,2.2992499341269985,2.2992499341269985,0.4370730819229718,-9.779554370736756,"{'bias_segment_0_end': {'mean': 2.2992499341269985, 'abs_mean': 2.2992499341269985, 'std': 0.4370730819229718}}"
1,231,-5.0,False,0.0,0.17166666666666666,6,3,6,6,1,35,15,0.42857142857142855,26,14.62614357890769,14.62614357890769,4.38828718517412,6.659485137936954,6.659485137936954,1.9980477514804162,-2.196287442040712,"{'bias_segment_0_end': {'mean': 6.659485137936954, 'abs_mean': 6.659485137936954, 'std': 1.9980477514804162}}"
1,232,8.0,False,0.0,0.16666666666666666,6,4,6,6,1,28,18,0.6428571428571429,19,11.055855271093067,11.055855271093067,1.572243736680823,5.915385500765771,5.915385500765771,0.8412219204740029,1.8689999611457009,"{'bias_segment_0_end': {'mean': 5.915385500765771, 'abs_mean': 5.915385500765771, 'std': 0.8412219204740029}}"
1,233,-2.0,True,0.1546003016591252,0.0,5,6,7,7,1,50,24,0.48,40,20.331009185871853,20.331009185871853,3.833279343768785,3.523952743061638,3.523952743061638,0.6644183343236364,-5.769376228413355,"{'bias_segment_0_end': {'mean': 3.523952743061638, 'abs_mean': 3.523952743061638, 'std': 0.6644183343236364}}"
1,234,-4.0,True,0.4597069597069597,0.0,3,6,3,6,0,30,13,0.43333333333333335,22,19.339577370185218,19.339577370185218,5.76000149677914,3.737614451561036,3.737614451561036,1.113192104630192,-5.174310411312738,"{'bias_segment_0_end': {'mean': 3.737614451561036, 'abs_mean': 3.737614451561036, 'std': 1.113192104630192}}"
1,235,11.0,False,0.0,0.12,6,4,3,6,0,25,18,0.72,16,10.067607613640895,10.067607613640895,2.708604371222322,3.0469363763846413,3.0469363763846413,0.8197523686490904,3.3041738881291223,"{'bias_segment_0_end': {'mean': 3.0469363763846413, 'abs_mean': 3.0469363763846413, 'std': 0.8197523686490904}}"
1,236,26.0,True,0.7212121212121212,0.0,1,6,6,6,1,34,30,0.8823529411764706,28,4.681898052402751,5.933533509789486,6.836636389855442,0.33939903046252357,0.4301322877814363,0.49559980511556445,13.794671263563687,"{'bias_segment_0_end': {'mean': 0.33939903046252357, 'abs_mean': 0.4301322877814363, 'std': 0.49559980511556445}}"
1,237,-5.0,True,0.2329988851727982,0.0,4,6,3,8,0,39,17,0.4358974358974359,30,16.107131014740407,16.107131014740407,5.494712300851146,10.113438392968698,10.113438392968698,3.4500516753039494,-1.5926463769175463,"{'bias_segment_0_end': {'mean': 10.113438392968698, 'abs_mean': 10.113438392968698, 'std': 3.4500516753039494}}"
1,238,-35.0,False,0.0,0.08333333333333333,6,5,6,7,0,49,7,0.14285714285714285,39,30.33068886488303,30.33068886488303,8.771641421335413,1.73267222035281,1.73267222035281,0.5010891603995399,-17.505151008138768,"{'bias_segment_0_end': {'mean': 1.73267222035281, 'abs_mean': 1.73267222035281, 'std': 0.5010891603995399}}"
1,239,-1.0,False,0.0,0.085,6,1,6,8,0,19,9,0.47368421052631576,13,16.591992847915805,16.591992847915805,2.1503068324458625,5.28846329468752,5.28846329468752,0.6853799215043778,-3.137393969356495,"{'bias_segment_0_end': {'mean': 5.28846329468752, 'abs_mean': 5.28846329468752, 'std': 0.6853799215043778}}"
1,240,5.0,False,0.0,0.12,6,2,8,7,0,31,18,0.5806451612903226,24,12.577081345737426,12.577081345737426,2.87651455531996,12.028461449136966,12.028461449136966,2.7510392503165293,1.0456101471431183,"{'bias_segment_0_end': {'mean': 12.028461449136966, 'abs_mean': 12.028461449136966, 'std': 2.7510392503165293}}"
1,241,8.0,True,0.42411924119241196,0.0,3,6,7,7,1,22,15,0.6818181818181818,15,11.926426606408226,11.926426606408226,2.7438767784309475,4.071315773540302,4.071315773540302,0.9366752655547673,2.9293789206719625,"{'bias_segment_0_end': {'mean': 4.071315773540302, 'abs_mean': 4.071315773540302, 'std': 0.9366752655547673}}"
1,242,-5.0,True,0.03544776119402985,0.0,5,6,6,7,0,27,11,0.4074074074074074,19,17.238352423836893,17.238352423836893,3.090524348845178,3.4547355981752843,3.4547355981752843,0.6193715166316611,-4.989774740776635,"{'bias_segment_0_end': {'mean': 3.4547355981752843, 'abs_mean': 3.4547355981752843, 'std': 0.6193715166316611}}"
1,243,-1.0,True,0.1199040767386091,0.0,5,6,6,6,1,43,21,0.4883720930232558,33,13.297299809090953,13.297299809090953,4.475676760599069,68.02675125393132,68.02675125393132,22.89681018383298,0.19547162791082853,"{'bias_segment_0_end': {'mean': 68.02675125393132, 'abs_mean': 68.02675125393132, 'std': 22.89681018383298}}"
1,244,-26.0,False,0.0,0.05333333333333334,6,5,6,8,0,64,19,0.296875,54,28.441557376608916,28.441557376608916,5.498549651490977,1.8513838455049771,1.8513838455049771,0.35792435216116736,-15.362323402390547,"{'bias_segment_0_end': {'mean': 1.8513838455049771, 'abs_mean': 1.8513838455049771, 'std': 0.35792435216116736}}"
1,245,-7.0,True,0.3333333333333333,0.0,4,6,6,6,1,29,11,0.3793103448275862,20,15.816086467668752,15.816086467668752,4.6186119842930555,10.32846979325218,10.32846979325218,3.0161187133137015,-1.5313097471613613,"{'bias_segment_0_end': {'mean': 10.32846979325218, 'abs_mean': 10.32846979325218, 'std': 3.0161187133137015}}"
1,246,12.0,False,0.0,0.16666666666666666,6,5,1,7,0,32,22,0.6875,19,11.23015771864581,11.23015771864581,4.498028772303696,6.595564788114252,6.595564788114252,2.641729611443822,1.7026832544930002,"{'bias_segment_0_end': {'mean': 6.595564788114252, 'abs_mean': 6.595564788114252, 'std': 2.641729611443822}}"
1,247,18.0,True,0.16666666666666666,0.0,5,6,3,6,0,30,24,0.8,19,7.460860682920289,7.460860682920289,4.187126796515098,1.344544480229549,1.344544480229549,0.7545749024859195,5.548987625642942,"{'bias_segment_0_end': {'mean': 1.344544480229549, 'abs_mean': 1.344544480229549, 'std': 0.7545749024859195}}"
1,248,5.0,False,0.0,0.09999999999999999,6,4,8,6,0,33,19,0.5757575757575758,24,13.6715904909229,13.6715904909229,2.0808243104735644,1141.2339858502594,1141.2339858502594,173.696500291793,-0.011979655934218505,"{'bias_segment_0_end': {'mean': 1141.2339858502594, 'abs_mean': 1141.2339858502594, 'std': 173.696500291793}}"
1,249,-2.0,False,0.0,0.034999999999999996,6,4,3,6,0,30,14,0.4666666666666667,20,16.731019248208078,16.731019248208078,2.4559083398799144,3.8801054229479255,3.8801054229479255,0.5695518680878744,-4.312001202146877,"{'bias_segment_0_end': {'mean': 3.8801054229479255, 'abs_mean': 3.8801054229479255, 'std': 0.5695518680878744}}"
1,250,-4.0,False,0.0,0.16666666666666666,6,4,6,9,0,40,18,0.45,31,19.098370572079784,19.098370572079784,2.5555908634578315,2.9729511260504076,2.9729511260504076,0.3978164894521533,-6.424044581402905,"{'bias_segment_0_end': {'mean': 2.9729511260504076, 'abs_mean': 2.9729511260504076, 'std': 0.3978164894521533}}"
1,251,5.0,True,0.5,0.0,3,6,7,7,1,23,14,0.6086956521739131,16,10.172042667421659,10.172042667421659,2.8745274896867388,2.469259726772614,2.469259726772614,0.6977905221059583,4.119470526786901,"{'bias_segment_0_end': {'mean': 2.469259726772614, 'abs_mean': 2.469259726772614, 'std': 0.6977905221059583}}"
1,252,7.0,False,0.0,0.16666666666666666,6,5,6,6,1,47,27,0.574468085106383,38,6.90828824876762,6.90828824876762,3.378779963399098,1.3121279527285588,1.3121279527285588,0.641749660183333,5.26495014026787,"{'bias_segment_0_end': {'mean': 1.3121279527285588, 'abs_mean': 1.3121279527285588, 'std': 0.641749660183333}}"
1,253,7.0,False,0.0,0.07333333333333333,6,5,6,6,1,29,18,0.6206896551724138,19,9.238826527810353,9.238826527810353,3.238226239139247,2.4469595794003904,2.4469595794003904,0.8576639784582537,3.7756351210649175,"{'bias_segment_0_end': {'mean': 2.4469595794003904, 'abs_mean': 2.4469595794003904, 'std': 0.8576639784582537}}"
1,254,11.0,False,0.0,0.05666666666666667,6,2,3,8,0,49,30,0.6122448979591837,39,13.961827564301368,14.015584162106869,6.205859878616691,31.67663898480471,31.798602125653847,14.079874719829455,-0.44076101542840007,"{'bias_segment_0_end': {'mean': 31.67663898480471, 'abs_mean': 31.798602125653847, 'std': 14.079874719829455}}"
1,255,-3.0,True,0.10611111111111111,0.0,5,6,3,6,0,35,16,0.45714285714285713,25,16.401081603148167,16.401081603148167,3.914094927581561,3.8802595840292033,3.8802595840292033,0.9260184616503087,-4.2268001013781475,"{'bias_segment_0_end': {'mean': 3.8802595840292033, 'abs_mean': 3.8802595840292033, 'std': 0.9260184616503087}}"
1,256,2.0,False,0.0,0.12333333333333334,6,5,3,6,0,34,18,0.5294117647058824,24,15.603373533360358,15.603373533360358,2.6221083205988145,4.219173603889274,4.219173603889274,0.7090216861857298,-3.698206093955703,"{'bias_segment_0_end': {'mean': 4.219173603889274, 'abs_mean': 4.219173603889274, 'std': 0.7090216861857298}}"
1,257,14.0,True,0.5228013029315961,0.0,2,6,6,6,1,16,15,0.9375,10,8.669429171423221,8.669429171423221,2.4171005007996365,1.2574829394162532,1.2574829394162532,0.3505954754932325,6.894271802564359,"{'bias_segment_0_end': {'mean': 1.2574829394162532, 'abs_mean': 1.2574829394162532, 'std': 0.3505954754932325}}"
1,258,-3.0,False,0.0,0.04666666666666667,6,4,6,7,0,39,18,0.46153846153846156,30,17.03746498412415,17.03746498412415,3.941258590706692,4.049644861063864,4.049644861063864,0.9368000235276583,-4.207150396800058,"{'bias_segment_0_end': {'mean': 4.049644861063864, 'abs_mean': 4.049644861063864, 'std': 0.9368000235276583}}"
1,259,-3.0,False,0.0,0.05333333333333334,6,4,3,8,0,29,13,0.4482758620689655,20,16.52591150250312,16.52591150250312,2.1563743512445104,4.553288306611046,4.553288306611046,0.5941332867908933,-3.62944544462706,"{'bias_segment_0_end': {'mean': 4.553288306611046, 'abs_mean': 4.553288306611046, 'std': 0.5941332867908933}}"
1,260,3.0,False,0.0,0.0,6,4,6,7,0,29,16,0.5517241379310345,21,17.348731238252977,17.348731238252977,2.189398967266163,5.318016826687893,5.318016826687893,0.6711303776832865,-3.2622558001678823,"{'bias_segment_0_end': {'mean': 5.318016826687893, 'abs_mean': 5.318016826687893, 'std': 0.6711303776832865}}"
1,261,14.0,True,0.27815315315315314,0.0,4,6,7,7,1,40,27,0.675,31,9.006442167870379,9.006442167870379,3.250906782887817,1.5867517050151663,1.5867517050151663,0.5727435744821241,5.676024887450362,"{'bias_segment_0_end': {'mean': 1.5867517050151663, 'abs_mean': 1.5867517050151663, 'std': 0.5727435744821241}}"
1,262,-1.0,True,0.2089646464646465,0.0,4,6,9,9,1,39,19,0.48717948717948717,30,12.07296457007676,12.07296457007676,3.47982651548859,6.396894570557653,6.396894570557653,1.8437959636346373,1.8873164841021122,"{'bias_segment_0_end': {'mean': 6.396894570557653, 'abs_mean': 6.396894570557653, 'std': 1.8437959636346373}}"
1,263,3.0,True,0.3333333333333333,0.0,4,6,9,9,1,31,17,0.5483870967741935,22,12.295056312749672,12.295056312749672,2.4395000938344658,19.169935365839056,19.169935365839056,3.8035660784465715,0.6413718188460633,"{'bias_segment_0_end': {'mean': 19.169935365839056, 'abs_mean': 19.169935365839056, 'std': 3.8035660784465715}}"
1,264,-11.0,False,0.0,0.105,6,2,7,9,0,25,7,0.28,19,22.1711243887945,22.1711243887945,4.019403644608223,2.4206201802580476,2.4206201802580476,0.43883428752304354,-9.15927437506159,"{'bias_segment_0_end': {'mean': 2.4206201802580476, 'abs_mean': 2.4206201802580476, 'std': 0.43883428752304354}}"
1,265,2.0,False,0.0,0.13999999999999999,6,2,3,9,0,20,11,0.55,13,14.761278042713093,14.761278042713093,2.133518052916899,6.630530776454583,6.630530776454583,0.9583422973981789,-2.226258883396075,"{'bias_segment_0_end': {'mean': 6.630530776454583, 'abs_mean': 6.630530776454583, 'std': 0.9583422973981789}}"
1,266,-4.0,False,0.0,0.16666666666666666,6,3,3,8,0,24,10,0.4166666666666667,16,17.266348872938668,17.266348872938668,2.5021235042314895,3.5358965853360598,3.5358965853360598,0.5123984242301166,-4.883160029211553,"{'bias_segment_0_end': {'mean': 3.5358965853360598, 'abs_mean': 3.5358965853360598, 'std': 0.5123984242301166}}"
1,267,6.0,False,0.0,0.12333333333333334,6,5,6,9,0,28,17,0.6071428571428571,19,10.203193370285447,10.203193370285447,4.136988483762749,3.628759880544115,3.628759880544115,1.4713175857149616,2.8117576544512306,"{'bias_segment_0_end': {'mean': 3.628759880544115, 'abs_mean': 3.628759880544115, 'std': 1.4713175857149616}}"
1,268,-2.0,False,0.0,0.16666666666666666,6,3,6,9,0,24,11,0.4583333333333333,18,15.696000651063919,15.696000651063919,2.215114292182767,6.981728533092531,6.981728533092531,0.9853036452789142,-2.248153960250218,"{'bias_segment_0_end': {'mean': 6.981728533092531, 'abs_mean': 6.981728533092531, 'std': 0.9853036452789142}}"
1,269,10.0,False,0.0,0.12166666666666666,6,4,6,6,1,40,25,0.625,31,8.188656681420937,8.354076569919684,4.4637513076530695,1.6906125836368944,1.724764820805942,0.9215765692150646,4.843603295442923,"{'bias_segment_0_end': {'mean': 1.6906125836368944, 'abs_mean': 1.724764820805942, 'std': 0.9215765692150646}}"
1,270,9.0,True,0.5709219858156028,0.0,2,6,6,6,1,23,16,0.6956521739130435,16,8.850534307175677,8.850534307175677,3.4182675146304504,1.673290307356412,1.673290307356412,0.6462608585726929,5.289299930959621,"{'bias_segment_0_end': {'mean': 1.673290307356412, 'abs_mean': 1.673290307356412, 'std': 0.6462608585726929}}"
1,271,9.0,True,0.14496768236380425,0.0,5,6,7,7,1,27,18,0.6666666666666666,17,12.440253758917523,12.440253758917523,3.217098995052282,15.883210843939136,15.883210843939136,4.107461361679357,0.783232929484443,"{'bias_segment_0_end': {'mean': 15.883210843939136, 'abs_mean': 15.883210843939136, 'std': 4.107461361679357}}"
1,272,-1.0,False,0.0,0.04666666666666667,6,5,6,7,0,31,15,0.4838709677419355,21,19.233635525999162,19.233635525999162,2.939799372661022,3.1633915335110627,3.1633915335110627,0.4835142286608293,-6.080067965741714,"{'bias_segment_0_end': {'mean': 3.1633915335110627, 'abs_mean': 3.1633915335110627, 'std': 0.4835142286608293}}"
1,273,7.0,True,0.5,0.0,3,6,8,6,0,23,15,0.6521739130434783,16,11.84600783760638,11.84600783760638,3.957573942948191,4.120995106093573,4.120995106093573,1.3767627942232044,2.8745503288975276,"{'bias_segment_0_end': {'mean': 4.120995106093573, 'abs_mean': 4.120995106093573, 'std': 1.3767627942232044}}"
1,274,18.0,True,0.0,0.0,6,6,6,6,1,24,21,0.875,15,5.554023711932428,5.833189431902788,4.602002618999103,0.8124536604409246,0.8532905784706877,0.6731901171274712,6.836111377623948,"{'bias_segment_0_end': {'mean': 0.8124536604409246, 'abs_mean': 0.8532905784706877, 'std': 0.6731901171274712}}"
1,275,8.0,False,0.0,0.15666666666666665,6,5,3,8,0,38,23,0.6052631578947368,26,12.17118595202695,12.17118595202695,4.386029938790981,48.240412939690856,48.240412939690856,17.383999903303383,0.25230269001310385,"{'bias_segment_0_end': {'mean': 48.240412939690856, 'abs_mean': 48.240412939690856, 'std': 17.383999903303383}}"
1,276,-5.0,False,0.0,0.11166666666666668,6,4,3,6,0,29,12,0.41379310344827586,20,15.387697527113616,15.387697527113616,2.715254137738675,6.254663767564379,6.254663767564379,1.1036739996428153,-2.4601957993188375,"{'bias_segment_0_end': {'mean': 6.254663767564379, 'abs_mean': 6.254663767564379, 'std': 1.1036739996428153}}"
1,277,-10.0,False,0.0,0.02,6,3,8,9,0,26,8,0.3076923076923077,19,20.37014007204086,20.37014007204086,3.1623368399175646,2.8871284987718218,2.8871284987718218,0.44820864171540725,-7.055501714144791,"{'bias_segment_0_end': {'mean': 2.8871284987718218, 'abs_mean': 2.8871284987718218, 'std': 0.44820864171540725}}"
1,278,6.0,True,0.47798742138364786,0.0,3,6,9,9,1,28,17,0.6071428571428571,20,12.85008705230236,12.85008705230236,3.116706832097845,7.233404303971765,7.233404303971765,1.7544161780192342,1.7764923004852018,"{'bias_segment_0_end': {'mean': 7.233404303971765, 'abs_mean': 7.233404303971765, 'std': 1.7544161780192342}}"
1,279,-1.0,False,0.0,0.06666666666666667,6,4,3,9,0,27,13,0.48148148148148145,18,16.73862587881936,16.73862587881936,2.826481344908082,3.9771892199163257,3.9771892199163257,0.6715874538714478,-4.208657157924088,"{'bias_segment_0_end': {'mean': 3.9771892199163257, 'abs_mean': 3.9771892199163257, 'std': 0.6715874538714478}}"
1,280,-18.0,False,0.0,0.05833333333333333,6,1,3,6,0,36,9,0.25,29,20.770149243277455,20.770149243277455,5.45315881982245,2.6862929814651757,2.6862929814651757,0.7052805491633743,-7.7319002009784,"{'bias_segment_0_end': {'mean': 2.6862929814651757, 'abs_mean': 2.6862929814651757, 'std': 0.7052805491633743}}"
1,281,6.0,True,0.2248587570621469,0.0,4,6,6,6,1,26,16,0.6153846153846154,17,8.138693317483433,8.138693317483433,2.384606274703295,1.8668903189198505,1.8668903189198505,0.54699178295806,4.359491950331789,"{'bias_segment_0_end': {'mean': 1.8668903189198505, 'abs_mean': 1.8668903189198505, 'std': 0.54699178295806}}"
1,282,6.0,False,0.0,0.03666666666666667,6,3,6,6,1,20,13,0.65,14,9.289212097368196,9.289212097368196,2.3927044413210052,2.4158558569146384,2.4158558569146384,0.6222733400681766,3.8451019628429846,"{'bias_segment_0_end': {'mean': 2.4158558569146384, 'abs_mean': 2.4158558569146384, 'std': 0.6222733400681766}}"
1,283,33.0,True,0.6666666666666666,0.0,2,6,6,6,1,57,45,0.7894736842105263,50,0.28745652409401545,8.141434935235178,9.315316496686313,0.01537869139317628,0.43556017996535945,0.4983618934508832,18.69187154776792,"{'bias_segment_0_end': {'mean': 0.01537869139317628, 'abs_mean': 0.43556017996535945, 'std': 0.4983618934508832}}"
1,284,1.0,False,0.0,0.16666666666666666,6,4,7,7,1,27,14,0.5185185185185185,19,16.805478335689926,16.805478335689926,2.0181808475902603,4.8672268694193335,4.8672268694193335,0.5845084473363509,-3.452783029547756,"{'bias_segment_0_end': {'mean': 4.8672268694193335, 'abs_mean': 4.8672268694193335, 'std': 0.5845084473363509}}"
1,285,-18.0,False,0.0,0.06333333333333334,6,4,3,8,0,48,15,0.3125,33,24.904090992157617,24.904090992157617,5.666014968007932,2.0819156946754354,2.0819156946754354,0.4736637643942236,-11.962103487595876,"{'bias_segment_0_end': {'mean': 2.0819156946754354, 'abs_mean': 2.0819156946754354, 'std': 0.4736637643942236}}"
1,286,-2.0,True,0.3426616915422886,0.0,3,6,3,6,0,26,12,0.46153846153846156,18,13.061363931776043,13.061363931776043,4.433051985386029,15.927299044244084,15.927299044244084,5.405755862766345,0.8200614489307431,"{'bias_segment_0_end': {'mean': 15.927299044244084, 'abs_mean': 15.927299044244084, 'std': 5.405755862766345}}"
1,287,-6.0,False,0.0,0.09166666666666667,6,5,6,7,0,46,20,0.43478260869565216,36,21.20356558471515,21.20356558471515,3.7851802907072147,2.5852464494619287,2.5852464494619287,0.46150841319717406,-8.201757936512506,"{'bias_segment_0_end': {'mean': 2.5852464494619287, 'abs_mean': 2.5852464494619287, 'std': 0.46150841319717406}}"
1,288,-26.0,False,0.0,0.10833333333333334,6,5,8,6,0,70,22,0.3142857142857143,57,30.02398645293252,30.02398645293252,8.359400895707251,1.5944090151327104,1.5944090151327104,0.44392186794110017,-18.830793207998443,"{'bias_segment_0_end': {'mean': 1.5944090151327104, 'abs_mean': 1.5944090151327104, 'std': 0.44392186794110017}}"
1,289,3.0,True,0.24330900243309003,0.0,4,6,6,9,0,29,16,0.5517241379310345,20,12.208390983000083,12.208390983000083,3.3436121631152402,9.357488990862027,9.357488990862027,2.5628122534436217,1.304665278786016,"{'bias_segment_0_end': {'mean': 9.357488990862027, 'abs_mean': 9.357488990862027, 'std': 2.5628122534436217}}"
1,290,9.0,False,0.0,0.045000000000000005,6,4,6,6,1,21,15,0.7142857142857143,12,10.876102258951509,10.876102258951509,2.946052837322754,4.293496738413474,4.293496738413474,1.162996443678013,2.53315721929963,"{'bias_segment_0_end': {'mean': 4.293496738413474, 'abs_mean': 4.293496738413474, 'std': 1.162996443678013}}"
1,291,-3.0,False,0.0,0.16666666666666666,6,5,3,8,0,25,11,0.44,16,17.08007228146811,17.08007228146811,2.2687401230893838,3.2056846466175877,3.2056846466175877,0.4258099883830115,-5.32805754910727,"{'bias_segment_0_end': {'mean': 3.2056846466175877, 'abs_mean': 3.2056846466175877, 'std': 0.4258099883830115}}"
1,292,-4.0,False,0.0,0.09000000000000001,6,4,3,6,0,36,16,0.4444444444444444,27,16.28848010584502,16.28848010584502,4.465678365082456,4.558262406062604,4.558262406062604,1.2497012414201827,-3.5733967584185,"{'bias_segment_0_end': {'mean': 4.558262406062604, 'abs_mean': 4.558262406062604, 'std': 1.2497012414201827}}"
1,293,-8.0,False,0.0,0.041666666666666664,6,2,6,8,0,32,12,0.375,25,19.116322991519024,19.116322991519024,3.279387537922194,3.237790640991574,3.237790640991574,0.5554399914240596,-5.904125717549374,"{'bias_segment_0_end': {'mean': 3.237790640991574, 'abs_mean': 3.237790640991574, 'std': 0.5554399914240596}}"
1,294,-12.0,False,0.0,0.14666666666666667,6,3,5,7,0,26,7,0.2692307692307692,18,20.18651524584873,20.18651524584873,3.9834898555313263,2.969738979896299,2.969738979896299,0.5860310685582859,-6.797403873707992,"{'bias_segment_0_end': {'mean': 2.969738979896299, 'abs_mean': 2.969738979896299, 'std': 0.5860310685582859}}"
1,295,6.0,False,0.0,0.11833333333333333,6,2,6,9,0,20,13,0.65,13,10.749373749864187,10.749373749864187,4.524653035160162,5.19119748129803,5.19119748129803,2.1850917073348284,2.070692511427318,"{'bias_segment_0_end': {'mean': 5.19119748129803, 'abs_mean': 5.19119748129803, 'std': 2.1850917073348284}}"
1,296,8.0,True,0.13195066786156276,0.0,4,6,6,8,0,24,16,0.6666666666666666,15,11.022182949629363,11.022182949629363,2.0289011963115637,6.076226131662028,6.076226131662028,1.1184773945349205,1.8139849819273384,"{'bias_segment_0_end': {'mean': 6.076226131662028, 'abs_mean': 6.076226131662028, 'std': 1.1184773945349205}}"
1,297,-3.0,False,0.0,0.11166666666666668,6,3,3,9,0,31,14,0.45161290322580644,20,16.152552169889752,16.152552169889752,3.7513916698791046,8.569379428749597,8.569379428749597,1.9902179090292962,-1.884915040136886,"{'bias_segment_0_end': {'mean': 8.569379428749597, 'abs_mean': 8.569379428749597, 'std': 1.9902179090292962}}"
1,298,4.0,False,0.0,0.16666666666666666,6,3,6,6,1,26,15,0.5769230769230769,18,12.903554692661915,12.903554692661915,3.600842867979833,11.660603689044978,11.660603689044978,3.253987186485517,1.1065940526548104,"{'bias_segment_0_end': {'mean': 11.660603689044978, 'abs_mean': 11.660603689044978, 'std': 3.253987186485517}}"
1,299,6.0,False,0.0,0.10666666666666667,6,4,6,9,0,34,20,0.5882352941176471,25,14.120207350773693,14.120207350773693,2.908134887688033,42.92010635982386,42.92010635982386,8.83963355406715,-0.32898817240562966,"{'bias_segment_0_end': {'mean': 42.92010635982386, 'abs_mean': 42.92010635982386, 'std': 8.83963355406715}}"
1,300,123.0,False,0.0,0.16666666666666666,6,5,8,6,0,143,133,0.9300699300699301,133,-16.89381618655404,21.8071920614269,20.836744078611304,-0.44532583357048194,0.5748438289695528,0.5492625421772817,37.93585485734065,"{'bias_segment_0_100': {'mean': -0.7294213087161248, 'abs_mean': 0.7294213087161248, 'std': 0.3998134533495099}, 'bias_segment_100_end': {'mean': 0.21536131793101296, 'abs_mean': 0.21536131793101296, 'std': 0.08567773361270102}}"
1,301,14.0,False,0.0,0.12666666666666668,6,3,3,8,0,42,28,0.6666666666666666,25,9.912198440580081,9.986791192912165,4.880577359869705,4.19269461257012,4.224246102657239,2.0644028189734165,2.364159414535538,"{'bias_segment_0_end': {'mean': 4.19269461257012, 'abs_mean': 4.224246102657239, 'std': 2.0644028189734165}}"
1,302,-15.0,False,0.0,0.03166666666666667,6,3,5,8,0,45,15,0.3333333333333333,36,18.660045811695905,18.660045811695905,4.720233120428469,4.454059002026057,4.454059002026057,1.1266958845582384,-4.189447378943083,"{'bias_segment_0_end': {'mean': 4.454059002026057, 'abs_mean': 4.454059002026057, 'std': 1.1266958845582384}}"
1,303,18.0,True,0.14685314685314685,0.0,5,6,6,6,1,30,24,0.8,20,7.011726533493866,7.11731299250859,3.830069982774903,1.1630921573728854,1.180606642830664,0.635324885800281,6.02852189230773,"{'bias_segment_0_end': {'mean': 1.1630921573728854, 'abs_mean': 1.180606642830664, 'std': 0.635324885800281}}"
1,304,-7.0,False,0.0,0.06166666666666667,6,3,6,7,0,25,9,0.36,18,16.953957444312994,16.953957444312994,3.620758379284283,3.9562895508306326,3.9562895508306326,0.844921817758245,-4.285317650916999,"{'bias_segment_0_end': {'mean': 3.9562895508306326, 'abs_mean': 3.9562895508306326, 'std': 0.844921817758245}}"
1,305,-6.0,False,0.0,0.008333333333333333,6,2,6,6,1,24,9,0.375,17,15.709368861766173,15.709368861766173,2.5495825564584678,4.316799515409937,4.316799515409937,0.7006033686690171,-3.639124032906208,"{'bias_segment_0_end': {'mean': 4.316799515409937, 'abs_mean': 4.316799515409937, 'std': 0.7006033686690171}}"
1,306,0.0,False,0.0,0.15166666666666667,6,5,6,8,0,40,20,0.5,30,13.656632273417921,13.656632273417921,3.3934897500572854,23.202582408902906,23.202582408902906,5.765530183655253,0.5885824272809318,"{'bias_segment_0_end': {'mean': 23.202582408902906, 'abs_mean': 23.202582408902906, 'std': 5.765530183655253}}"
1,307,-9.0,False,0.0,0.05666666666666667,6,3,3,6,0,29,10,0.3448275862068966,21,18.6663489091114,18.6663489091114,3.782493088449867,3.411634692507013,3.411634692507013,0.6913234456056184,-5.471379731865306,"{'bias_segment_0_end': {'mean': 3.411634692507013, 'abs_mean': 3.411634692507013, 'std': 0.6913234456056184}}"
1,308,10.0,False,0.0,0.06833333333333333,6,3,6,7,0,30,20,0.6666666666666666,22,14.095352857106617,14.095352857106617,4.092112376535161,528.7808025302074,528.7808025302074,153.5137494211146,0.02665632486970137,"{'bias_segment_0_end': {'mean': 528.7808025302074, 'abs_mean': 528.7808025302074, 'std': 153.5137494211146}}"
1,309,-15.0,False,0.0,0.09166666666666667,6,4,3,7,0,59,22,0.3728813559322034,50,28.037669247790515,28.037669247790515,6.5445179855330995,1.814199848427117,1.814199848427117,0.42346827878063853,-15.454564871724987,"{'bias_segment_0_end': {'mean': 1.814199848427117, 'abs_mean': 1.814199848427117, 'std': 0.42346827878063853}}"
1,310,18.0,False,0.0,0.013333333333333334,6,5,6,6,1,32,25,0.78125,22,6.820238988427005,6.820238988427005,3.4533237607846843,0.9679389999671063,0.9679389999671063,0.49010111716737653,7.046145458193935,"{'bias_segment_0_end': {'mean': 0.9679389999671063, 'abs_mean': 0.9679389999671063, 'std': 0.49010111716737653}}"
1,311,-6.0,False,0.0,0.043333333333333335,6,4,6,7,0,28,11,0.39285714285714285,19,16.801394722123707,16.801394722123707,3.5535174757566956,5.099790754463677,5.099790754463677,1.0786125716590773,-3.2945262915773568,"{'bias_segment_0_end': {'mean': 5.099790754463677, 'abs_mean': 5.099790754463677, 'std': 1.0786125716590773}}"
1,312,-20.0,False,0.0,0.16666666666666666,6,4,7,7,1,34,7,0.20588235294117646,25,22.611689720726243,22.611689720726243,8.025528711787102,2.693399170309608,2.693399170309608,0.9559636029239241,-8.395224135354216,"{'bias_segment_0_end': {'mean': 2.693399170309608, 'abs_mean': 2.693399170309608, 'std': 0.9559636029239241}}"
1,313,11.0,True,0.36419753086419754,0.0,3,6,9,9,1,25,18,0.72,17,9.773418898070979,9.773418898070979,2.8495056336883287,3.031590444585314,3.031590444585314,0.8838804660860882,3.223858590637518,"{'bias_segment_0_end': {'mean': 3.031590444585314, 'abs_mean': 3.031590444585314, 'std': 0.8838804660860882}}"
1,314,-6.0,True,0.21962616822429906,0.0,4,6,9,8,0,32,13,0.40625,23,20.189738617011724,20.189738617011724,4.202464189213924,3.1919667235476585,3.1919667235476585,0.664403145743001,-6.325172022649463,"{'bias_segment_0_end': {'mean': 3.1919667235476585, 'abs_mean': 3.1919667235476585, 'std': 0.664403145743001}}"
1,315,2.0,True,0.20766129032258066,0.0,4,6,6,6,1,30,16,0.5333333333333333,18,11.218158116303666,11.218158116303666,1.9001663350180016,12.299416845067462,12.299416845067462,2.0833132843247117,0.9120886183154754,"{'bias_segment_0_end': {'mean': 12.299416845067462, 'abs_mean': 12.299416845067462, 'std': 2.0833132843247117}}"
1,316,17.0,True,0.3345323741007194,0.0,3,6,6,7,0,25,21,0.84,17,7.5072589899514215,7.5072589899514215,3.443361922671747,1.019490697878088,1.019490697878088,0.4676108089903756,7.3637346623923285,"{'bias_segment_0_end': {'mean': 1.019490697878088, 'abs_mean': 1.019490697878088, 'std': 0.4676108089903756}}"
1,317,-18.0,False,0.0,0.14666666666666667,6,5,6,6,1,42,12,0.2857142857142857,32,18.907934563471773,18.907934563471773,6.436386768264013,2.9055247833528703,2.9055247833528703,0.9890599741425052,-6.50757986020436,"{'bias_segment_0_end': {'mean': 2.9055247833528703, 'abs_mean': 2.9055247833528703, 'std': 0.9890599741425052}}"
1,318,-2.0,False,0.0,0.16666666666666666,6,5,3,6,0,28,13,0.4642857142857143,18,18.082148846485385,18.082148846485385,3.239252319118636,3.045151181189826,3.045151181189826,0.5455111065327425,-5.938013507565882,"{'bias_segment_0_end': {'mean': 3.045151181189826, 'abs_mean': 3.045151181189826, 'std': 0.5455111065327425}}"
1,319,-6.0,True,0.369949494949495,0.0,3,6,7,9,0,38,16,0.42105263157894735,29,12.75747672409145,12.75747672409145,5.502507369931616,12.18004151602506,12.18004151602506,5.2534501655360835,1.0474083119755107,"{'bias_segment_0_end': {'mean': 12.18004151602506, 'abs_mean': 12.18004151602506, 'std': 5.2534501655360835}}"
1,320,-12.0,False,0.0,0.16666666666666666,6,3,3,9,0,28,8,0.2857142857142857,20,19.00711396890045,19.00711396890045,4.3188103736244745,3.196738790499328,3.196738790499328,0.726365332094388,-5.945782628655609,"{'bias_segment_0_end': {'mean': 3.196738790499328, 'abs_mean': 3.196738790499328, 'std': 0.726365332094388}}"
1,321,0.0,False,0.0,0.049999999999999996,6,3,7,9,0,28,14,0.5,20,12.367862556276949,12.367862556276949,2.642866453525925,28.89859077476599,28.89859077476599,6.175288233134579,0.42797459061832405,"{'bias_segment_0_end': {'mean': 28.89859077476599, 'abs_mean': 28.89859077476599, 'std': 6.175288233134579}}"
1,322,-3.0,False,0.0,0.08166666666666667,6,5,7,9,0,41,19,0.4634146341463415,31,19.34795499071439,19.34795499071439,3.4611742042730334,3.09879543255672,3.09879543255672,0.5543464836791208,-6.243701919603963,"{'bias_segment_0_end': {'mean': 3.09879543255672, 'abs_mean': 3.09879543255672, 'std': 0.5543464836791208}}"
1,323,-9.0,False,0.0,0.16666666666666666,6,3,6,7,0,25,8,0.32,18,20.034632736311764,20.034632736311764,4.848071364536816,2.8627528086893714,2.8627528086893714,0.6927419183681668,-6.9983802567585425,"{'bias_segment_0_end': {'mean': 2.8627528086893714, 'abs_mean': 2.8627528086893714, 'std': 0.6927419183681668}}"
1,324,1.0,False,0.0,0.06999999999999999,6,5,8,7,0,35,18,0.5142857142857142,25,15.31433220698193,15.31433220698193,3.237593148837237,6.313659157823567,6.313659157823567,1.3347666327979884,-2.4255874167684817,"{'bias_segment_0_end': {'mean': 6.313659157823567, 'abs_mean': 6.313659157823567, 'std': 1.3347666327979884}}"
1,325,-3.0,False,0.0,0.12,6,5,6,9,0,27,12,0.4444444444444444,18,17.676865797449317,17.676865797449317,2.606365759829369,3.2099457419502904,3.2099457419502904,0.4732905011892171,-5.5069048571236126,"{'bias_segment_0_end': {'mean': 3.2099457419502904, 'abs_mean': 3.2099457419502904, 'std': 0.4732905011892171}}"
1,326,-12.0,False,0.0,0.13999999999999999,6,5,3,9,0,46,17,0.3695652173913043,36,20.85916769524567,20.85916769524567,6.081783267950873,2.5103186036752216,2.5103186036752216,0.7319186414392527,-8.3093706371402,"{'bias_segment_0_end': {'mean': 2.5103186036752216, 'abs_mean': 2.5103186036752216, 'std': 0.7319186414392527}}"
1,327,-6.0,True,0.030671296296296297,0.0,5,6,7,7,1,38,16,0.42105263157894735,28,20.026356452794197,20.026356452794197,5.121821750301924,3.232047215698507,3.232047215698507,0.826609162100362,-6.196183136039403,"{'bias_segment_0_end': {'mean': 3.232047215698507, 'abs_mean': 3.232047215698507, 'std': 0.826609162100362}}"
1,328,8.0,True,0.16666666666666666,0.0,5,6,6,6,1,26,17,0.6538461538461539,17,13.215234953149835,13.215234953149835,2.672492267105227,9.20707052312405,9.20707052312405,1.8619286651333231,1.43533547613859,"{'bias_segment_0_end': {'mean': 9.20707052312405, 'abs_mean': 9.20707052312405, 'std': 1.8619286651333231}}"
1,329,-5.0,True,0.10909090909090909,0.0,5,6,7,7,1,43,19,0.4418604651162791,33,17.966019074626423,17.966019074626423,3.810080065590419,2.90215454400188,2.90215454400188,0.6154641787607109,-6.190579723522395,"{'bias_segment_0_end': {'mean': 2.90215454400188, 'abs_mean': 2.90215454400188, 'std': 0.6154641787607109}}"
1,330,6.0,True,0.2745098039215686,0.0,4,6,9,6,0,28,17,0.6071428571428571,20,14.73866155888947,14.73866155888947,2.5527931209658394,9.264664056400102,9.264664056400102,1.604675606176257,-1.590846842277879,"{'bias_segment_0_end': {'mean': 9.264664056400102, 'abs_mean': 9.264664056400102, 'std': 1.604675606176257}}"
1,331,15.0,True,0.2045977011494253,0.0,4,6,7,7,1,23,19,0.8260869565217391,15,4.779161744431503,4.799938315485561,2.8516958111111967,0.590242894843072,0.5928088727487473,0.35219423002858763,8.096940744542364,"{'bias_segment_0_end': {'mean': 0.590242894843072, 'abs_mean': 0.5928088727487473, 'std': 0.35219423002858763}}"
1,332,-7.0,False,0.0,0.049999999999999996,6,1,6,6,1,31,12,0.3870967741935484,25,17.722357369427915,17.722357369427915,3.179383165753236,5.179423534565061,5.179423534565061,0.9291863182100956,-3.421685299755302,"{'bias_segment_0_end': {'mean': 5.179423534565061, 'abs_mean': 5.179423534565061, 'std': 0.9291863182100956}}"
1,333,-4.0,False,0.0,0.16666666666666666,6,5,6,7,0,36,16,0.4444444444444444,26,18.08511745048703,18.08511745048703,2.8618515327029335,3.141366841298564,3.141366841298564,0.49710075337721216,-5.757085486714785,"{'bias_segment_0_end': {'mean': 3.141366841298564, 'abs_mean': 3.141366841298564, 'std': 0.49710075337721216}}"
1,334,-14.0,True,0.0062499999999999995,0.0,5,6,7,7,1,32,9,0.28125,21,19.27400187599047,19.27400187599047,4.353128947017576,2.5964599211133192,2.5964599211133192,0.5864233548949225,-7.423184821480356,"{'bias_segment_0_end': {'mean': 2.5964599211133192, 'abs_mean': 2.5964599211133192, 'std': 0.5864233548949225}}"
1,335,-5.0,False,0.0,0.11,6,4,8,9,0,39,17,0.4358974358974359,30,19.41345437586354,19.41345437586354,4.029815460149815,2.9476538765979337,2.9476538765979337,0.6118695278596709,-6.586069867290453,"{'bias_segment_0_end': {'mean': 2.9476538765979337, 'abs_mean': 2.9476538765979337, 'std': 0.6118695278596709}}"
1,336,8.0,True,0.5291327913279132,0.0,2,6,8,6,0,22,15,0.6818181818181818,15,12.006822674206223,12.006822674206223,2.3701379320218456,5.289590965595595,5.289590965595595,1.0441613516430992,2.269896245721201,"{'bias_segment_0_end': {'mean': 5.289590965595595, 'abs_mean': 5.289590965595595, 'std': 1.0441613516430992}}"
1,337,-1.0,True,0.06746031746031746,0.0,5,6,6,8,0,43,21,0.4883720930232558,30,19.660395632278753,19.660395632278753,4.204537382616305,2.8106955125754864,2.8106955125754864,0.6010903633278408,-6.994850756446261,"{'bias_segment_0_end': {'mean': 2.8106955125754864, 'abs_mean': 2.8106955125754864, 'std': 0.6010903633278408}}"
1,338,4.0,False,0.0,0.0,6,6,7,7,1,34,19,0.5588235294117647,24,9.698543386443983,9.698543386443983,2.5701311682602266,2.6444749126422415,2.6444749126422415,0.7007905337789171,3.6674741515144986,"{'bias_segment_0_end': {'mean': 2.6444749126422415, 'abs_mean': 2.6444749126422415, 'std': 0.7007905337789171}}"
1,339,-42.0,False,0.0,0.06666666666666667,6,4,6,8,0,58,8,0.13793103448275862,50,35.49957176954991,35.49957176954991,10.288885493876009,1.6163673020097504,1.6163673020097504,0.46847376622972925,-21.962564898096268,"{'bias_segment_0_end': {'mean': 1.6163673020097504, 'abs_mean': 1.6163673020097504, 'std': 0.46847376622972925}}"
1,340,-3.0,True,0.11904761904761905,0.0,5,6,6,9,0,33,15,0.45454545454545453,23,17.473412491341143,17.473412491341143,2.716675885849048,3.442750549389418,3.442750549389418,0.5352610660999699,-5.075422177897875,"{'bias_segment_0_end': {'mean': 3.442750549389418, 'abs_mean': 3.442750549389418, 'std': 0.5352610660999699}}"
1,341,3.0,True,0.04305043050430504,0.0,5,6,6,7,0,37,20,0.5405405405405406,29,19.836765455814916,19.836765455814916,2.9157740393722102,3.5735201398748773,3.5735201398748773,0.5252659399653554,-5.551043419195471,"{'bias_segment_0_end': {'mean': 3.5735201398748773, 'abs_mean': 3.5735201398748773, 'std': 0.5252659399653554}}"
1,342,10.0,True,0.5845648604269295,0.0,2,6,7,6,0,22,16,0.7272727272727273,15,10.619882140650732,10.619882140650732,1.5995003980914453,3.391035217827614,3.391035217827614,0.5107365702389073,3.131752240383427,"{'bias_segment_0_end': {'mean': 3.391035217827614, 'abs_mean': 3.391035217827614, 'std': 0.5107365702389073}}"
1,343,-10.0,False,0.0,0.13333333333333333,6,1,6,8,0,22,6,0.2727272727272727,16,18.07535897010445,18.07535897010445,4.656191600490691,3.5535225841310893,3.5535225841310893,0.9153833146966011,-5.086603093736705,"{'bias_segment_0_end': {'mean': 3.5535225841310893, 'abs_mean': 3.5535225841310893, 'std': 0.9153833146966011}}"
1,344,5.0,False,0.0,0.023333333333333334,6,2,7,7,1,29,17,0.5862068965517241,22,11.057844776703506,11.057844776703506,2.051218776482347,5.928775972803641,5.928775972803641,1.0997818148608198,1.8651142879116747,"{'bias_segment_0_end': {'mean': 5.928775972803641, 'abs_mean': 5.928775972803641, 'std': 1.0997818148608198}}"
1,345,8.0,False,0.0,0.051666666666666666,6,3,6,6,1,26,17,0.6538461538461539,18,8.217131027522232,8.413349555898433,4.112307184954247,1.7269191290685657,1.7681565790977298,0.8642459172815442,4.758260470456565,"{'bias_segment_0_end': {'mean': 1.7269191290685657, 'abs_mean': 1.7681565790977298, 'std': 0.8642459172815442}}"
1,346,2.0,True,0.07335907335907337,0.0,5,6,6,7,0,30,16,0.5333333333333333,20,18.680688686313065,18.680688686313065,2.7276252378676515,3.7772052334878308,3.7772052334878308,0.5515214399464737,-4.9456377219575955,"{'bias_segment_0_end': {'mean': 3.7772052334878308, 'abs_mean': 3.7772052334878308, 'std': 0.5515214399464737}}"
1,347,-16.0,False,0.0,0.10333333333333333,6,4,6,6,1,48,16,0.3333333333333333,39,26.170072678259334,26.170072678259334,7.33818647589808,1.9104707207909692,1.9104707207909692,0.5357031513922424,-13.698232793342394,"{'bias_segment_0_end': {'mean': 1.9104707207909692, 'abs_mean': 1.9104707207909692, 'std': 0.5357031513922424}}"
1,348,6.0,True,0.19726849993309248,0.0,4,6,9,9,1,28,17,0.6071428571428571,18,10.710361173439606,10.710361173439606,1.584223302689584,4.47633488552581,4.47633488552581,0.6621171706028355,2.392663070868864,"{'bias_segment_0_end': {'mean': 4.47633488552581, 'abs_mean': 4.47633488552581, 'std': 0.6621171706028355}}"
1,349,-6.0,False,0.0,0.075,6,4,3,7,0,26,10,0.38461538461538464,17,14.80406127274539,14.80406127274539,4.063304688826001,10.439219259551153,10.439219259551153,2.8652764794420897,-1.4181195839143539,"{'bias_segment_0_end': {'mean': 10.439219259551153, 'abs_mean': 10.439219259551153, 'std': 2.8652764794420897}}"
1,350,0.0,False,0.0,0.085,6,5,8,7,0,24,12,0.5,15,18.503068307653354,18.503068307653354,2.469277135964267,4.358924929221749,4.358924929221749,0.5817085840114369,-4.244869688764502,"{'bias_segment_0_end': {'mean': 4.358924929221749, 'abs_mean': 4.358924929221749, 'std': 0.5817085840114369}}"
1,351,-11.0,False,0.0,0.09999999999999999,6,2,3,6,0,35,12,0.34285714285714286,28,21.45283624154719,21.45283624154719,5.066363397668256,2.5903276870343785,2.5903276870343785,0.611739223373253,-8.281900529005334,"{'bias_segment_0_end': {'mean': 2.5903276870343785, 'abs_mean': 2.5903276870343785, 'std': 0.611739223373253}}"
1,352,9.0,True,0.009689922480620155,0.0,5,6,6,6,1,29,19,0.6551724137931034,19,13.022661909625143,13.022661909625143,2.310367874722711,11.435736475649358,11.435736475649358,2.0288293100512136,1.1387689754267158,"{'bias_segment_0_end': {'mean': 11.435736475649358, 'abs_mean': 11.435736475649358, 'std': 2.0288293100512136}}"
1,353,-2.0,False,0.0,0.04,6,3,6,6,1,30,14,0.4666666666666667,22,14.318856102173006,14.318856102173006,3.1892537537375136,14.5716041864828,14.5716041864828,3.245548598163853,-0.982654752278802,"{'bias_segment_0_end': {'mean': 14.5716041864828, 'abs_mean': 14.5716041864828, 'std': 3.245548598163853}}"
1,354,-14.0,False,0.0,0.04,6,2,3,8,0,32,9,0.28125,25,19.14853560537715,19.14853560537715,6.222074888541372,4.2778931065979595,4.2778931065979595,1.390047355211482,-4.476160373395873,"{'bias_segment_0_end': {'mean': 4.2778931065979595, 'abs_mean': 4.2778931065979595, 'std': 1.390047355211482}}"
1,355,-9.0,False,0.0,0.135,6,3,6,7,0,35,13,0.37142857142857144,28,26.49993958367311,26.49993958367311,4.134327249879709,2.6148687455751976,2.6148687455751976,0.407952745535726,-10.134328779796506,"{'bias_segment_0_end': {'mean': 2.6148687455751976, 'abs_mean': 2.6148687455751976, 'std': 0.407952745535726}}"
1,356,2.0,True,0.33588761174968074,0.0,3,6,8,6,0,28,15,0.5357142857142857,20,13.026975101996163,13.026975101996163,2.8060643299758268,102.3744783942789,102.3744783942789,22.05188617256571,-0.12724826838018022,"{'bias_segment_0_end': {'mean': 102.3744783942789, 'abs_mean': 102.3744783942789, 'std': 22.05188617256571}}"
1,357,-1.0,False,0.0,0.028333333333333335,6,5,7,7,1,39,19,0.48717948717948717,29,18.40240941599812,18.40240941599812,3.654610571332756,3.6715329150341063,3.6715329150341063,0.7291449016787372,-5.0121869643723915,"{'bias_segment_0_end': {'mean': 3.6715329150341063, 'abs_mean': 3.6715329150341063, 'std': 0.7291449016787372}}"
1,358,-3.0,False,0.0,0.16666666666666666,6,5,3,9,0,49,23,0.46938775510204084,37,19.82976778491549,19.82976778491549,3.383696003168591,2.9732360224788823,2.9732360224788823,0.5073446625729887,-6.669422687938099,"{'bias_segment_0_end': {'mean': 2.9732360224788823, 'abs_mean': 2.9732360224788823, 'std': 0.5073446625729887}}"
1,359,12.0,True,0.47031039136302294,0.0,3,6,6,6,1,20,16,0.8,13,5.835540092636701,6.188636164258291,3.262169502686848,0.7546756943549319,0.8003395093223344,0.4218769806157422,7.732513629744892,"{'bias_segment_0_end': {'mean': 0.7546756943549319, 'abs_mean': 0.8003395093223344, 'std': 0.4218769806157422}}"
1,360,-30.0,False,0.0,0.08833333333333333,6,5,6,6,1,106,38,0.3584905660377358,95,25.503068724230484,25.503068724230484,10.159886370673222,2.0674242975757298,2.0674242975757298,0.8236183719875894,-12.33567234076502,"{'bias_segment_0_100': {'mean': 2.1461650777791665, 'abs_mean': 2.1461650777791665, 'std': 0.7802352884512948}, 'bias_segment_100_end': {'mean': 0.7550779608517773, 'abs_mean': 0.7550779608517773, 'std': 0.1114798766241848}}"
1,361,4.0,True,0.22666398642008398,0.0,4,6,7,9,0,34,19,0.5588235294117647,23,15.176699351917353,15.176699351917353,3.15002958087142,8.005552251497999,8.005552251497999,1.6616080887340372,-1.8957716938362983,"{'bias_segment_0_end': {'mean': 8.005552251497999, 'abs_mean': 8.005552251497999, 'std': 1.6616080887340372}}"
1,362,-3.0,True,0.1790960451977401,0.0,4,6,6,8,0,35,16,0.45714285714285713,26,17.538322027668926,17.538322027668926,3.1554257253581035,5.2499961678828475,5.2499961678828475,0.9445586037269748,-3.340635205595122,"{'bias_segment_0_end': {'mean': 5.2499961678828475, 'abs_mean': 5.2499961678828475, 'std': 0.9445586037269748}}"
1,363,-5.0,False,0.0,0.2783333333333333,6,2,7,9,0,25,10,0.4,17,19.662241990069603,19.662241990069603,4.270380500283642,3.1319636652352307,3.1319636652352307,0.6802213384603996,-6.277927872637961,"{'bias_segment_0_end': {'mean': 3.1319636652352307, 'abs_mean': 3.1319636652352307, 'std': 0.6802213384603996}}"
1,364,2.0,False,0.0,0.11666666666666665,6,4,3,6,0,28,15,0.5357142857142857,19,13.257207773445668,13.257207773445668,2.8950105079661084,13.451699834501383,13.451699834501383,2.937482238823348,-0.9855414510100147,"{'bias_segment_0_end': {'mean': 13.451699834501383, 'abs_mean': 13.451699834501383, 'std': 2.937482238823348}}"
1,365,21.0,True,0.021604938271604937,0.0,5,6,6,6,1,39,30,0.7692307692307693,30,0.8984587401905554,4.091373919864359,5.83551373362847,0.07986590526152053,0.36369091562739936,0.5187312072933102,11.249590638815855,"{'bias_segment_0_end': {'mean': 0.07986590526152053, 'abs_mean': 0.36369091562739936, 'std': 0.5187312072933102}}"
1,366,-2.0,False,0.0,0.04,6,5,8,7,0,32,15,0.46875,20,14.620502020641792,14.620502020641792,2.42725765990998,6.598516550930176,6.598516550930176,1.0954685290337924,-2.215725596472252,"{'bias_segment_0_end': {'mean': 6.598516550930176, 'abs_mean': 6.598516550930176, 'std': 1.0954685290337924}}"
1,367,-6.0,True,0.14725568942436412,0.0,5,6,6,8,0,36,15,0.4166666666666667,26,16.948932446859256,16.948932446859256,3.9928951206191314,4.931240032608021,4.931240032608021,1.1617206173035968,-3.4370528173002652,"{'bias_segment_0_end': {'mean': 4.931240032608021, 'abs_mean': 4.931240032608021, 'std': 1.1617206173035968}}"
1,368,-8.0,True,0.2333333333333333,0.0,4,6,8,8,1,34,13,0.38235294117647056,25,19.73126247437778,19.73126247437778,4.90611643010501,3.031894186099517,3.031894186099517,0.7538709649257641,-6.507899439512344,"{'bias_segment_0_end': {'mean': 3.031894186099517, 'abs_mean': 3.031894186099517, 'std': 0.7538709649257641}}"
1,369,2.0,False,0.0,0.11166666666666668,6,5,7,7,1,40,21,0.525,30,18.141122864934648,18.141122864934648,4.1125889090142564,5.532337806023125,5.532337806023125,1.2541798692047461,-3.279106139394486,"{'bias_segment_0_end': {'mean': 5.532337806023125, 'abs_mean': 5.532337806023125, 'std': 1.2541798692047461}}"
1,370,-22.0,False,0.0,0.02666666666666667,6,1,6,7,0,36,7,0.19444444444444445,30,26.266787968458424,26.266787968458424,6.9397339635172095,2.414648796235824,2.414648796235824,0.637954678026327,-10.878098715393104,"{'bias_segment_0_end': {'mean': 2.414648796235824, 'abs_mean': 2.414648796235824, 'std': 0.637954678026327}}"
1,371,15.0,False,0.0,0.16666666666666666,6,2,3,9,0,41,28,0.6829268292682927,33,6.360699315676836,7.12987066491668,6.559866655792716,0.9711647637385218,1.0886034406176326,1.0015740463045673,6.549557349250577,"{'bias_segment_0_end': {'mean': 0.9711647637385218, 'abs_mean': 1.0886034406176326, 'std': 1.0015740463045673}}"
1,372,2.0,True,0.03081761006289308,0.0,5,6,6,6,1,26,14,0.5384615384615384,16,16.325845303042808,16.325845303042808,2.2945054244187437,5.289457457788602,5.289457457788602,0.7434033952818413,-3.0864876848576186,"{'bias_segment_0_end': {'mean': 5.289457457788602, 'abs_mean': 5.289457457788602, 'std': 0.7434033952818413}}"
1,373,0.0,False,0.0,0.023333333333333334,6,5,6,8,0,30,15,0.5,20,15.676292642296204,15.676292642296204,2.888246612444668,5.807318032168738,5.807318032168738,1.0699574839873207,-2.699403159162252,"{'bias_segment_0_end': {'mean': 5.807318032168738, 'abs_mean': 5.807318032168738, 'std': 1.0699574839873207}}"
1,374,4.0,False,0.0,0.06833333333333333,6,4,7,9,0,30,17,0.5666666666666667,21,16.987857493467473,16.987857493467473,2.210724213356979,6.448755532668295,6.448755532668295,0.8392123613923509,-2.634284616219345,"{'bias_segment_0_end': {'mean': 6.448755532668295, 'abs_mean': 6.448755532668295, 'std': 0.8392123613923509}}"
1,375,-12.0,True,0.08756218905472636,0.0,5,6,6,6,1,38,13,0.34210526315789475,28,20.59698006110848,20.59698006110848,6.498124618031691,2.842135799741405,2.842135799741405,0.8966631299003589,-7.247007712644312,"{'bias_segment_0_end': {'mean': 2.842135799741405, 'abs_mean': 2.842135799741405, 'std': 0.8966631299003589}}"
1,376,2.0,False,0.0,0.08166666666666667,6,5,3,8,0,28,15,0.5357142857142857,18,15.408077644377618,15.408077644377618,2.146284986386683,6.808144800288196,6.808144800288196,0.948347957951594,-2.2631830104032713,"{'bias_segment_0_end': {'mean': 6.808144800288196, 'abs_mean': 6.808144800288196, 'std': 0.948347957951594}}"
1,377,-11.0,True,0.01545253863134658,0.0,5,6,3,9,0,37,13,0.35135135135135137,27,19.53673657834292,19.53673657834292,3.012872983999673,2.623161733971003,2.623161733971003,0.4045329213121486,-7.447781936330611,"{'bias_segment_0_end': {'mean': 2.623161733971003, 'abs_mean': 2.623161733971003, 'std': 0.4045329213121486}}"
1,378,-4.0,False,0.0,0.16666666666666666,6,5,7,7,1,32,14,0.4375,22,16.315414224535758,16.315414224535758,3.615979636003332,3.848690995066433,3.848690995066433,0.8529840598531058,-4.239211265713509,"{'bias_segment_0_end': {'mean': 3.848690995066433, 'abs_mean': 3.848690995066433, 'std': 0.8529840598531058}}"
1,379,1.0,False,0.0,0.028333333333333335,6,3,3,8,0,39,20,0.5128205128205128,31,20.356413718906513,20.356413718906513,4.217084712890821,3.02599811784088,3.02599811784088,0.62687320960328,-6.727173291644772,"{'bias_segment_0_end': {'mean': 3.02599811784088, 'abs_mean': 3.02599811784088, 'std': 0.62687320960328}}"
1,380,-3.0,False,0.0,0.16666666666666666,6,5,3,9,0,35,16,0.45714285714285713,25,14.083434634434223,14.083434634434223,3.0628981200762886,9.09125624746897,9.09125624746897,1.977187553483695,-1.5491186532504881,"{'bias_segment_0_end': {'mean': 9.09125624746897, 'abs_mean': 9.09125624746897, 'std': 1.977187553483695}}"
1,381,10.0,True,0.24675324675324675,0.0,4,6,7,7,1,36,23,0.6388888888888888,27,9.554421404047757,9.554421404047757,3.1329978366777778,2.7207153101161192,2.7207153101161192,0.8921518970472351,3.5117314070026593,"{'bias_segment_0_end': {'mean': 2.7207153101161192, 'abs_mean': 2.7207153101161192, 'std': 0.8921518970472351}}"
1,382,1.0,False,0.0,0.16333333333333333,6,4,4,6,0,31,16,0.5161290322580645,22,17.199217745418604,17.199217745418604,2.378374077394143,4.919339146730669,4.919339146730669,0.6802651654091078,-3.496245579418728,"{'bias_segment_0_end': {'mean': 4.919339146730669, 'abs_mean': 4.919339146730669, 'std': 0.6802651654091078}}"
1,383,-3.0,True,0.10014005602240895,0.0,5,6,6,6,1,37,17,0.4594594594594595,26,16.990034474125274,16.990034474125274,3.6239642857656595,3.3332891895539123,3.3332891895539123,0.7109886089677317,-5.097077843521587,"{'bias_segment_0_end': {'mean': 3.3332891895539123, 'abs_mean': 3.3332891895539123, 'std': 0.7109886089677317}}"
1,384,9.0,True,0.6410256410256411,0.0,2,6,6,6,1,27,18,0.6666666666666666,20,8.000916608437015,8.029920025152522,4.211914310075914,1.3002772712435093,1.3049907916298875,0.6845036280020503,6.153238840193989,"{'bias_segment_0_end': {'mean': 1.3002772712435093, 'abs_mean': 1.3049907916298875, 'std': 0.6845036280020503}}"
1,385,-8.0,False,0.0,0.0,6,6,6,6,1,36,14,0.3888888888888889,26,15.358475448020089,15.358475448020089,4.277980238115261,6.923142353456697,6.923142353456697,1.9283858136820844,-2.218425487141928,"{'bias_segment_0_end': {'mean': 6.923142353456697, 'abs_mean': 6.923142353456697, 'std': 1.9283858136820844}}"
1,386,-6.0,True,0.13459335624284077,0.0,5,6,7,7,1,48,21,0.4375,38,15.968177920001077,15.968177920001077,5.02905203860665,6.86547745435293,6.86547745435293,2.162228124009985,-2.325865611848561,"{'bias_segment_0_end': {'mean': 6.86547745435293, 'abs_mean': 6.86547745435293, 'std': 2.162228124009985}}"
1,387,-10.0,False,0.0,0.16666666666666666,6,3,3,8,0,26,8,0.3076923076923077,18,21.417992677660987,21.417992677660987,4.151459620075249,2.7368676070884614,2.7368676070884614,0.5304883388147903,-7.825732096864527,"{'bias_segment_0_end': {'mean': 2.7368676070884614, 'abs_mean': 2.7368676070884614, 'std': 0.5304883388147903}}"
1,388,7.0,True,0.2819548872180451,0.0,4,6,9,9,1,29,18,0.6206896551724138,19,10.122915386395645,10.122915386395645,2.26619282276018,3.204581866579312,3.204581866579312,0.7174020673677911,3.158888057118421,"{'bias_segment_0_end': {'mean': 3.204581866579312, 'abs_mean': 3.204581866579312, 'std': 0.7174020673677911}}"
1,389,7.0,False,0.0,0.16666666666666666,6,4,6,8,0,23,15,0.6521739130434783,14,11.847650537268533,11.847650537268533,2.089879609909011,13.880912659119156,13.880912659119156,2.448539163268492,0.8535210060186601,"{'bias_segment_0_end': {'mean': 13.880912659119156, 'abs_mean': 13.880912659119156, 'std': 2.448539163268492}}"
1,390,0.0,False,0.0,0.06,6,2,6,8,0,22,11,0.5,15,15.56899352641094,15.56899352641094,1.968737665734169,4.576407757847928,4.576407757847928,0.5786980585064355,-3.4020118726772526,"{'bias_segment_0_end': {'mean': 4.576407757847928, 'abs_mean': 4.576407757847928, 'std': 0.5786980585064355}}"
1,391,-9.0,False,0.0,0.04833333333333333,6,5,6,8,0,43,17,0.3953488372093023,33,23.4362925301144,23.4362925301144,4.357908523148987,2.2096233940728354,2.2096233940728354,0.4108728635131266,-10.606464700265512,"{'bias_segment_0_end': {'mean': 2.2096233940728354, 'abs_mean': 2.2096233940728354, 'std': 0.4108728635131266}}"
1,392,0.0,False,0.0,0.03166666666666667,6,2,7,9,0,24,12,0.5,17,13.45581306588574,13.45581306588574,2.9333663103830054,11.219355988819295,11.219355988819295,2.4458188234818476,-1.1993391669981053,"{'bias_segment_0_end': {'mean': 11.219355988819295, 'abs_mean': 11.219355988819295, 'std': 2.4458188234818476}}"
1,393,12.0,False,0.0,0.016666666666666666,6,5,7,9,0,30,21,0.7,20,12.263695400768983,12.290345386582977,4.801640753156917,22.914113813232962,22.963908005611923,8.971630419098322,0.5352026921366982,"{'bias_segment_0_end': {'mean': 22.914113813232962, 'abs_mean': 22.963908005611923, 'std': 8.971630419098322}}"
1,394,13.0,True,0.41636582430806257,0.0,3,6,6,6,1,33,23,0.696969696969697,25,8.243148132166791,8.243148132166791,4.072034212371429,1.0839364862149228,1.0839364862149228,0.535453977671589,7.604825778078237,"{'bias_segment_0_end': {'mean': 1.0839364862149228, 'abs_mean': 1.0839364862149228, 'std': 0.535453977671589}}"
1,395,-2.0,False,0.0,0.06833333333333333,6,5,0,7,0,42,20,0.47619047619047616,31,19.212455197596487,19.212455197596487,3.177194927191678,3.1684787740231726,3.1684787740231726,0.5239764821416637,-6.06362124155924,"{'bias_segment_0_end': {'mean': 3.1684787740231726, 'abs_mean': 3.1684787740231726, 'std': 0.5239764821416637}}"
1,396,9.0,True,0.24877530146425494,0.0,4,6,9,6,0,29,19,0.6551724137931034,19,13.365811708099372,13.365811708099372,2.955268191490078,67.72801135536851,67.72801135536851,14.975105291219265,-0.1973454031887786,"{'bias_segment_0_end': {'mean': 67.72801135536851, 'abs_mean': 67.72801135536851, 'std': 14.975105291219265}}"
1,397,34.0,True,0.41768707482993195,0.0,3,6,9,9,1,88,61,0.6931818181818182,80,0.022863515751382426,6.655379303573782,8.537713439156468,0.0013306719384619172,0.38734753549660217,0.4969006436128536,17.18193274430208,"{'bias_segment_0_end': {'mean': 0.0013306719384619172, 'abs_mean': 0.38734753549660217, 'std': 0.4969006436128536}}"
1,398,7.0,False,0.0,0.11833333333333333,6,4,6,8,0,29,18,0.6206896551724138,20,12.614027603513781,12.614027603513781,3.401804557093968,16.78386237730064,16.78386237730064,4.5263433151862404,0.7515569015016259,"{'bias_segment_0_end': {'mean': 16.78386237730064, 'abs_mean': 16.78386237730064, 'std': 4.5263433151862404}}"
1,399,8.0,True,0.041666666666666664,0.0,5,6,3,7,0,36,22,0.6111111111111112,27,13.111565519795215,13.111565519795215,2.73849453973052,15.485438250293011,15.485438250293011,3.2343039456072433,-0.8467029029383215,"{'bias_segment_0_end': {'mean': 15.485438250293011, 'abs_mean': 15.485438250293011, 'std': 3.2343039456072433}}"
1,400,-3.0,False,0.0,0.0033333333333333335,6,5,6,8,0,29,13,0.4482758620689655,19,17.390761877405687,17.390761877405687,2.392442552200416,3.8970351135805874,3.8970351135805874,0.5361140989034247,-4.462562273765886,"{'bias_segment_0_end': {'mean': 3.8970351135805874, 'abs_mean': 3.8970351135805874, 'std': 0.5361140989034247}}"
1,401,5.0,True,0.1015712682379349,0.0,5,6,6,6,1,27,16,0.5925925925925926,18,11.551083154643324,11.551083154643324,2.6291231869065457,6.8571734657392485,6.8571734657392485,1.5607500624881494,1.6845254407455827,"{'bias_segment_0_end': {'mean': 6.8571734657392485, 'abs_mean': 6.8571734657392485, 'std': 1.5607500624881494}}"
1,402,1.0,False,0.0,0.09666666666666666,6,2,3,7,0,19,10,0.5263157894736842,12,11.863803687373904,11.863803687373904,1.6494255772483384,173.3531441492903,173.3531441492903,24.101301521076493,-0.06843719936891882,"{'bias_segment_0_end': {'mean': 173.3531441492903, 'abs_mean': 173.3531441492903, 'std': 24.101301521076493}}"
1,403,-5.0,False,0.0,0.09333333333333334,6,4,3,6,0,37,16,0.43243243243243246,28,16.826820057134302,16.826820057134302,4.131050216907317,5.405656812673341,5.405656812673341,1.3271099157593182,-3.1128169323817443,"{'bias_segment_0_end': {'mean': 5.405656812673341, 'abs_mean': 5.405656812673341, 'std': 1.3271099157593182}}"
1,404,-7.0,True,0.3333333333333333,0.0,4,6,3,8,0,49,21,0.42857142857142855,40,20.95656438601222,20.95656438601222,5.31076169839458,2.3349990364169653,2.3349990364169653,0.5917297902450296,-8.97497774481735,"{'bias_segment_0_end': {'mean': 2.3349990364169653, 'abs_mean': 2.3349990364169653, 'std': 0.5917297902450296}}"
1,405,12.0,False,0.0,0.028333333333333335,6,5,6,6,1,28,20,0.7142857142857143,18,9.252820175900476,9.252820175900476,1.530755938837256,2.311427211609505,2.311427211609505,0.38239486600818445,4.003076596756644,"{'bias_segment_0_end': {'mean': 2.311427211609505, 'abs_mean': 2.311427211609505, 'std': 0.38239486600818445}}"
1,406,-32.0,True,0.3456072351421189,0.0,3,6,6,6,1,74,21,0.28378378378378377,66,22.403850600779826,22.403850600779826,10.808361062939452,2.9610024754655977,2.9610024754655977,1.428485863138889,-7.5663059340255945,"{'bias_segment_0_end': {'mean': 2.9610024754655977, 'abs_mean': 2.9610024754655977, 'std': 1.428485863138889}}"
1,407,6.0,True,0.0,0.0,6,6,6,6,1,36,21,0.5833333333333334,27,11.674762634747283,11.674762634747283,3.013191846852763,8.785934195119271,8.785934195119271,2.267601159181198,1.328801511082658,"{'bias_segment_0_end': {'mean': 8.785934195119271, 'abs_mean': 8.785934195119271, 'std': 2.267601159181198}}"
1,408,-4.0,False,0.0,0.125,6,4,3,9,0,24,10,0.4166666666666667,15,16.59157355466019,16.59157355466019,2.288843024015403,3.707397402979614,3.707397402979614,0.5114433935459537,-4.4752616866283725,"{'bias_segment_0_end': {'mean': 3.707397402979614, 'abs_mean': 3.707397402979614, 'std': 0.5114433935459537}}"
1,409,2.0,False,0.0,0.11666666666666665,6,4,4,7,0,24,13,0.5416666666666666,15,13.99896517778584,13.99896517778584,2.21463147347395,24.394816460838374,24.394816460838374,3.8592515687890336,-0.5738499898229913,"{'bias_segment_0_end': {'mean': 24.394816460838374, 'abs_mean': 24.394816460838374, 'std': 3.8592515687890336}}"
1,410,-4.0,False,0.0,0.13333333333333333,6,4,6,8,0,28,12,0.42857142857142855,18,16.781567222296935,16.781567222296935,2.8893162231190064,5.7591730577398135,5.7591730577398135,0.9915684230831908,-2.91388486750611,"{'bias_segment_0_end': {'mean': 5.7591730577398135, 'abs_mean': 5.7591730577398135, 'std': 0.9915684230831908}}"
1,411,-9.0,True,0.07947019867549669,0.0,5,6,3,9,0,67,29,0.43283582089552236,55,19.23491126682074,19.23491126682074,3.8059412919289337,6.622593576643209,6.622593576643209,1.3103882832299532,-2.904437822465671,"{'bias_segment_0_end': {'mean': 6.622593576643209, 'abs_mean': 6.622593576643209, 'std': 1.3103882832299532}}"
1,412,-13.0,False,0.0,0.08166666666666667,6,2,6,8,0,37,12,0.32432432432432434,30,23.93501186994572,23.93501186994572,4.631716826548044,2.035741934593275,2.035741934593275,0.3939409023149369,-11.757390002740078,"{'bias_segment_0_end': {'mean': 2.035741934593275, 'abs_mean': 2.035741934593275, 'std': 0.3939409023149369}}"
1,413,-11.0,False,0.0,0.16666666666666666,6,3,6,8,0,33,11,0.3333333333333333,23,20.639590594167597,20.639590594167597,3.225656108597546,2.61979676627411,2.61979676627411,0.4094346447358394,-7.878317455716742,"{'bias_segment_0_end': {'mean': 2.61979676627411, 'abs_mean': 2.61979676627411, 'std': 0.4094346447358394}}"
1,414,6.0,True,0.22673160173160176,0.0,4,6,6,9,0,24,15,0.625,15,10.204406533410081,10.204406533410081,2.853382228209574,3.381813437999059,3.381813437999059,0.945631314424138,3.0174362721344536,"{'bias_segment_0_end': {'mean': 3.381813437999059, 'abs_mean': 3.381813437999059, 'std': 0.945631314424138}}"
1,415,6.0,False,0.0,0.16666666666666666,6,4,6,9,0,30,18,0.6,21,13.343420588693807,13.343420588693807,3.3024766082127637,36.90253780722494,36.90253780722494,9.133322829927927,-0.3615854459224041,"{'bias_segment_0_end': {'mean': 36.90253780722494, 'abs_mean': 36.90253780722494, 'std': 9.133322829927927}}"
1,416,-4.0,False,0.0,0.08666666666666667,6,3,8,7,0,34,15,0.4411764705882353,26,17.47177559444866,17.47177559444866,2.637723982325074,4.30413282647556,4.30413282647556,0.6497974014223511,-4.059302140253749,"{'bias_segment_0_end': {'mean': 4.30413282647556, 'abs_mean': 4.30413282647556, 'std': 0.6497974014223511}}"
1,417,-6.0,True,0.09700722394220845,0.0,5,6,6,7,0,28,11,0.39285714285714285,19,17.000876528231014,17.000876528231014,4.0211765625346745,4.1184724933655295,4.1184724933655295,0.9741324240702802,-4.127956798453266,"{'bias_segment_0_end': {'mean': 4.1184724933655295, 'abs_mean': 4.1184724933655295, 'std': 0.9741324240702802}}"
1,418,-6.0,True,0.034188034188034185,0.0,5,6,6,6,1,42,18,0.42857142857142855,32,16.772590320240322,16.772590320240322,3.9532244033133175,4.355529008349826,4.355529008349826,1.026578676065873,-3.8508732895788773,"{'bias_segment_0_end': {'mean': 4.355529008349826, 'abs_mean': 4.355529008349826, 'std': 1.026578676065873}}"
1,419,8.0,True,0.07679383644295924,0.0,4,6,6,8,0,46,27,0.5869565217391305,30,15.430792451366376,15.430792451366376,3.897058256621283,6.456240787518614,6.456240787518614,1.6305284739609467,-2.390058388342271,"{'bias_segment_0_end': {'mean': 6.456240787518614, 'abs_mean': 6.456240787518614, 'std': 1.6305284739609467}}"
1,420,24.0,True,0.18023255813953487,0.0,4,6,6,9,0,28,26,0.9285714285714286,19,3.710857341990992,5.128353743299892,5.687547396096538,0.3755474662190991,0.5190014265377766,0.5755931356981479,9.881193925632909,"{'bias_segment_0_end': {'mean': 0.3755474662190991, 'abs_mean': 0.5190014265377766, 'std': 0.5755931356981479}}"
1,421,-3.0,True,0.23487031700288186,0.0,4,6,9,6,0,43,20,0.46511627906976744,34,17.619273082247478,17.619273082247478,3.883329909719296,5.919651060431851,5.919651060431851,1.3047052458275572,-2.9764039978670827,"{'bias_segment_0_end': {'mean': 5.919651060431851, 'abs_mean': 5.919651060431851, 'std': 1.3047052458275572}}"
1,422,-31.0,False,0.0,0.0,6,6,6,7,0,73,21,0.2876712328767123,63,23.017453975135734,23.017453975135734,10.716422960672983,3.5664099869959687,3.5664099869959687,1.6604424587142743,-6.453956235840294,"{'bias_segment_0_end': {'mean': 3.5664099869959687, 'abs_mean': 3.5664099869959687, 'std': 1.6604424587142743}}"
1,423,-10.0,False,0.0,0.16666666666666666,6,5,6,9,0,34,12,0.35294117647058826,24,19.94729847276066,19.94729847276066,4.60563554485493,2.52820666042261,2.52820666042261,0.5837381175141082,-7.889900293762499,"{'bias_segment_0_end': {'mean': 2.52820666042261, 'abs_mean': 2.52820666042261, 'std': 0.5837381175141082}}"
1,424,-1.0,False,0.0,0.0016666666666666668,6,3,6,8,0,41,20,0.4878048780487805,33,21.29523851947199,21.29523851947199,4.312762681822475,2.574416521777124,2.574416521777124,0.5213769966669005,-8.271869893365915,"{'bias_segment_0_end': {'mean': 2.574416521777124, 'abs_mean': 2.574416521777124, 'std': 0.5213769966669005}}"
1,425,8.0,True,0.2163355408388521,0.0,4,6,6,7,0,24,16,0.6666666666666666,15,8.724374132903277,8.724374132903277,2.869163838703105,1.5657761903242455,1.5657761903242455,0.5149330320254896,5.571916463422916,"{'bias_segment_0_end': {'mean': 1.5657761903242455, 'abs_mean': 1.5657761903242455, 'std': 0.5149330320254896}}"
1,426,-1.0,False,0.0,0.15166666666666667,6,3,3,6,0,21,10,0.47619047619047616,13,13.123124823028293,13.123124823028293,2.4221839412059505,16.3348553807729,16.3348553807729,3.0149849916690408,-0.8033817574213109,"{'bias_segment_0_end': {'mean': 16.3348553807729, 'abs_mean': 16.3348553807729, 'std': 3.0149849916690408}}"
1,427,-9.0,False,0.0,0.25166666666666665,6,2,3,9,0,31,11,0.3548387096774194,24,19.79400763407762,19.79400763407762,2.90196240640862,2.948359862008348,2.948359862008348,0.43225352027156744,-6.713565697707757,"{'bias_segment_0_end': {'mean': 2.948359862008348, 'abs_mean': 2.948359862008348, 'std': 0.43225352027156744}}"
1,428,5.0,True,0.28532008830022076,0.0,4,6,7,7,1,55,30,0.5454545454545454,41,13.247593599590903,13.247593599590903,4.3816509227475375,21.397770679605205,21.397770679605205,7.077327737916693,0.6191109250562042,"{'bias_segment_0_end': {'mean': 21.397770679605205, 'abs_mean': 21.397770679605205, 'std': 7.077327737916693}}"
1,429,-2.0,False,0.0,0.20166666666666666,6,3,3,7,0,38,18,0.47368421052631576,30,17.583289753307678,17.583289753307678,4.46649657934704,4.350553284806598,4.350553284806598,1.1051249019655327,-4.0416215139149445,"{'bias_segment_0_end': {'mean': 4.350553284806598, 'abs_mean': 4.350553284806598, 'std': 1.1051249019655327}}"
1,430,4.0,False,0.0,0.16666666666666666,6,3,6,9,0,28,16,0.5714285714285714,21,16.849795528457673,16.849795528457673,1.9993193794939261,6.027605101967246,6.027605101967246,0.7152079484849788,-2.7954378635319617,"{'bias_segment_0_end': {'mean': 6.027605101967246, 'abs_mean': 6.027605101967246, 'std': 0.7152079484849788}}"
1,431,8.0,True,0.07113821138211382,0.0,5,6,6,9,0,44,26,0.5909090909090909,34,17.96360658852652,17.96360658852652,4.544274496319882,6.583218584156149,6.583218584156149,1.6653644783552202,-2.7286966639326824,"{'bias_segment_0_end': {'mean': 6.583218584156149, 'abs_mean': 6.583218584156149, 'std': 1.6653644783552202}}"
1,432,-4.0,False,0.0,0.05333333333333334,6,5,6,6,1,38,17,0.4473684210526316,28,13.897836405500671,13.897836405500671,2.9388632204538285,16.791950757449882,16.791950757449882,3.5508582084912974,-0.8276487113526574,"{'bias_segment_0_end': {'mean': 16.791950757449882, 'abs_mean': 16.791950757449882, 'std': 3.5508582084912974}}"
1,433,0.0,False,0.0,0.08333333333333333,6,4,6,6,1,30,15,0.5,22,13.815518460697179,13.815518460697179,1.9381873210835059,12.794833760571985,12.794833760571985,1.7949948560135598,-1.0797731896502236,"{'bias_segment_0_end': {'mean': 12.794833760571985, 'abs_mean': 12.794833760571985, 'std': 1.7949948560135598}}"
1,434,17.0,True,0.030197444831591175,0.0,5,6,6,6,1,29,23,0.7931034482758621,17,7.0547024843826955,7.0547024843826955,3.8432908769864493,1.0845943295281821,1.0845943295281821,0.5908699199058632,6.504461891711729,"{'bias_segment_0_end': {'mean': 1.0845943295281821, 'abs_mean': 1.0845943295281821, 'std': 0.5908699199058632}}"
1,435,-5.0,False,0.0,0.10166666666666667,6,4,6,6,1,95,45,0.47368421052631576,83,17.81673088889635,17.993761877748824,13.488256095304886,4.376321831424606,4.419805935561612,3.3131189995419685,4.071165598691024,"{'bias_segment_0_end': {'mean': 4.376321831424606, 'abs_mean': 4.419805935561612, 'std': 3.3131189995419685}}"
1,436,-7.0,False,0.0,0.0033333333333333335,6,4,6,6,1,39,16,0.41025641025641024,30,19.860080593427643,19.860080593427643,5.680904915816808,3.1082000598211095,3.1082000598211095,0.8890894936762365,-6.389576028310957,"{'bias_segment_0_end': {'mean': 3.1082000598211095, 'abs_mean': 3.1082000598211095, 'std': 0.8890894936762365}}"
1,437,-12.0,False,0.0,0.085,6,4,6,8,0,32,10,0.3125,23,19.991145044592855,19.991145044592855,3.2729382206527204,2.5650770906941767,2.5650770906941767,0.4199528756520329,-7.793584495810506,"{'bias_segment_0_end': {'mean': 2.5650770906941767, 'abs_mean': 2.5650770906941767, 'std': 0.4199528756520329}}"
1,438,10.0,True,0.028311965811965812,0.0,5,6,6,9,0,32,21,0.65625,22,12.401817804080657,12.401817804080657,2.0091022672563605,6.226017981199517,6.226017981199517,1.0086188202096462,1.9919341449912258,"{'bias_segment_0_end': {'mean': 6.226017981199517, 'abs_mean': 6.226017981199517, 'std': 1.0086188202096462}}"
1,439,-3.0,False,0.0,0.12,6,3,3,6,0,29,13,0.4482758620689655,21,19.07659562847966,19.07659562847966,3.3976068572703846,2.681751388013401,2.681751388013401,0.47762908450006625,-7.113484014120822,"{'bias_segment_0_end': {'mean': 2.681751388013401, 'abs_mean': 2.681751388013401, 'std': 0.47762908450006625}}"
1,440,6.0,True,0.14845474613686535,0.0,5,6,8,6,0,64,35,0.546875,53,21.08245514358128,21.08245514358128,11.018719383315275,5.347122354278488,5.347122354278488,2.7946669554748214,-3.942766547451865,"{'bias_segment_0_end': {'mean': 5.347122354278488, 'abs_mean': 5.347122354278488, 'std': 2.7946669554748214}}"
1,441,2.0,False,0.0,0.10833333333333334,6,4,6,8,0,36,19,0.5277777777777778,27,18.81145514395891,18.81145514395891,3.7534522211492267,3.3790947600056116,3.3790947600056116,0.6742312402392681,-5.567010243870069,"{'bias_segment_0_end': {'mean': 3.3790947600056116, 'abs_mean': 3.3790947600056116, 'std': 0.6742312402392681}}"
1,442,-6.0,False,0.0,0.05333333333333334,6,5,5,7,0,30,12,0.4,20,19.192523263246667,19.192523263246667,2.4004787230150506,3.1610354706502717,3.1610354706502717,0.395362208809861,-6.071593767753098,"{'bias_segment_0_end': {'mean': 3.1610354706502717, 'abs_mean': 3.1610354706502717, 'std': 0.395362208809861}}"
1,443,5.0,True,0.002886002886002886,0.0,5,6,6,6,1,33,19,0.5757575757575758,21,13.543008849885139,13.543008849885139,2.216801890901776,15.288399733864049,15.288399733864049,2.502498064835826,-0.885835606449193,"{'bias_segment_0_end': {'mean': 15.288399733864049, 'abs_mean': 15.288399733864049, 'std': 2.502498064835826}}"
1,444,9.0,True,0.3026315789473684,0.0,4,6,7,7,1,27,18,0.6666666666666666,17,9.16256501518303,9.16256501518303,2.8736485143841857,2.014764843595757,2.014764843595757,0.6318892133412902,4.547709398596898,"{'bias_segment_0_end': {'mean': 2.014764843595757, 'abs_mean': 2.014764843595757, 'std': 0.6318892133412902}}"
1,445,-2.0,False,0.0,0.14333333333333334,6,3,3,9,0,18,8,0.4444444444444444,11,13.534836054893574,13.534836054893574,2.7899752633250356,6.98525966920871,6.98525966920871,1.4398919651448683,-1.9376281907680033,"{'bias_segment_0_end': {'mean': 6.98525966920871, 'abs_mean': 6.98525966920871, 'std': 1.4398919651448683}}"
1,446,-2.0,False,0.0,0.15666666666666665,6,5,8,8,1,30,14,0.4666666666666667,21,14.572132975582445,14.572132975582445,2.538114487265836,9.99694018188799,9.99694018188799,1.7412261297983176,-1.4576593147955,"{'bias_segment_0_end': {'mean': 9.99694018188799, 'abs_mean': 9.99694018188799, 'std': 1.7412261297983176}}"
1,447,19.0,True,0.35496183206106874,0.0,3,6,6,6,1,25,22,0.88,17,5.149834927924436,5.149834927924436,2.7742759315285017,0.5929795820545369,0.5929795820545369,0.31944499297665074,8.684674959770875,"{'bias_segment_0_end': {'mean': 0.5929795820545369, 'abs_mean': 0.5929795820545369, 'std': 0.31944499297665074}}"
1,448,4.0,False,0.0,0.005,6,5,7,9,0,34,19,0.5588235294117647,24,11.789113022753648,11.789113022753648,3.064802670491747,10.71648152734091,10.71648152734091,2.7859518472576625,1.1000917598445104,"{'bias_segment_0_end': {'mean': 10.71648152734091, 'abs_mean': 10.71648152734091, 'std': 2.7859518472576625}}"
1,449,-33.0,False,0.0,0.049999999999999996,6,1,6,8,0,49,8,0.16326530612244897,43,31.11366781419453,31.11366781419453,9.786694752589069,1.6678599485268004,1.6678599485268004,0.5246194792519441,-18.654844396063858,"{'bias_segment_0_end': {'mean': 1.6678599485268004, 'abs_mean': 1.6678599485268004, 'std': 0.5246194792519441}}"
1,450,-8.0,False,0.0,0.12166666666666666,6,4,3,6,0,34,13,0.38235294117647056,25,20.31160535289652,20.31160535289652,4.206112690946338,2.721448636899919,2.721448636899919,0.5635556348474942,-7.463526989814536,"{'bias_segment_0_end': {'mean': 2.721448636899919, 'abs_mean': 2.721448636899919, 'std': 0.5635556348474942}}"
1,451,13.0,True,0.4368008948545861,0.0,3,6,6,6,1,21,17,0.8095238095238095,14,7.4192826840504225,7.4192826840504225,2.0212821444934908,1.1055771734178799,1.1055771734178799,0.3011993874816426,6.710777738937744,"{'bias_segment_0_end': {'mean': 1.1055771734178799, 'abs_mean': 1.1055771734178799, 'std': 0.3011993874816426}}"
1,452,28.0,False,0.0,0.12666666666666668,6,5,6,7,0,74,51,0.6891891891891891,65,-3.7936828740337076,10.251951037026064,11.601398774491265,-0.2004339319769739,0.541647503235214,0.6129436882349881,18.927348461484712,"{'bias_segment_0_end': {'mean': -0.2004339319769739, 'abs_mean': 0.541647503235214, 'std': 0.6129436882349881}}"
1,453,12.0,True,0.48261390887290173,0.0,3,6,9,6,0,24,18,0.75,16,10.208481179947803,10.208481179947803,2.1746994468088996,2.671579283252727,2.671579283252727,0.569123054348965,3.821141017203381,"{'bias_segment_0_end': {'mean': 2.671579283252727, 'abs_mean': 2.671579283252727, 'std': 0.569123054348965}}"
1,454,4.0,False,0.0,0.16666666666666666,6,4,6,7,0,26,15,0.5769230769230769,17,10.416880306420962,10.416880306420962,3.768104394265244,3.176098817166209,3.176098817166209,1.1488921402128085,3.2797721059935885,"{'bias_segment_0_end': {'mean': 3.176098817166209, 'abs_mean': 3.176098817166209, 'std': 1.1488921402128085}}"
1,455,-7.0,True,0.10037174721189591,0.0,5,6,6,6,1,33,13,0.3939393939393939,22,16.985357685545626,16.985357685545626,3.306562815505678,4.449394113078808,4.449394113078808,0.8661696384737422,-3.8174540743913594,"{'bias_segment_0_end': {'mean': 4.449394113078808, 'abs_mean': 4.449394113078808, 'std': 0.8661696384737422}}"
1,456,-9.0,False,0.0,0.0,6,5,8,9,0,29,10,0.3448275862068966,20,22.35516950966488,22.35516950966488,4.378333936419115,2.4976001043439964,2.4976001043439964,0.4891632466363333,-8.950660063948288,"{'bias_segment_0_end': {'mean': 2.4976001043439964, 'abs_mean': 2.4976001043439964, 'std': 0.4891632466363333}}"
1,457,-3.0,False,0.0,0.16666666666666666,6,3,6,6,1,49,23,0.46938775510204084,40,14.890837702493455,14.890837702493455,5.756571573515443,6.065961487720756,6.065961487720756,2.345008532354467,-2.454819031185209,"{'bias_segment_0_end': {'mean': 6.065961487720756, 'abs_mean': 6.065961487720756, 'std': 2.345008532354467}}"
1,458,-47.0,True,0.20736434108527133,0.0,4,6,6,6,1,81,17,0.20987654320987653,71,33.515049030489656,33.515049030489656,14.944613784193566,1.917234842755196,1.917234842755196,0.8549095134102174,-17.48093049588347,"{'bias_segment_0_end': {'mean': 1.917234842755196, 'abs_mean': 1.917234842755196, 'std': 0.8549095134102174}}"
1,459,-3.0,False,0.0,0.12333333333333334,6,4,6,8,0,41,19,0.4634146341463415,29,21.413722797152655,21.413722797152655,3.966819721159833,2.6219318515065386,2.6219318515065386,0.4857040074076339,-8.167154605810413,"{'bias_segment_0_end': {'mean': 2.6219318515065386, 'abs_mean': 2.6219318515065386, 'std': 0.4857040074076339}}"
1,460,16.0,False,0.0,0.021666666666666667,6,4,6,6,1,30,23,0.7666666666666667,21,9.148166379797102,9.148166379797102,3.328587096341444,1.7202199314811886,1.7202199314811886,0.6259070538378907,5.318021383417009,"{'bias_segment_0_end': {'mean': 1.7202199314811886, 'abs_mean': 1.7202199314811886, 'std': 0.6259070538378907}}"
1,461,-10.0,True,0.16842723004694837,0.0,4,6,8,6,0,32,11,0.34375,23,20.883917689779057,20.883917689779057,3.479221443447551,2.2240919720037944,2.2240919720037944,0.37052954317006875,-9.389862448432698,"{'bias_segment_0_end': {'mean': 2.2240919720037944, 'abs_mean': 2.2240919720037944, 'std': 0.37052954317006875}}"
1,462,-5.0,False,0.0,0.16666666666666666,6,5,6,9,0,29,12,0.41379310344827586,18,15.709958978067858,15.709958978067858,2.9385723793112133,4.75938220255277,4.75938220255277,0.890249879234696,-3.3008399639855717,"{'bias_segment_0_end': {'mean': 4.75938220255277, 'abs_mean': 4.75938220255277, 'std': 0.890249879234696}}"
1,463,-21.0,False,0.0,0.07666666666666667,6,4,6,7,0,39,9,0.23076923076923078,30,24.776880189726025,24.776880189726025,5.236692478182257,1.9870431136334004,1.9870431136334004,0.4199694895930699,-12.469221236181607,"{'bias_segment_0_end': {'mean': 1.9870431136334004, 'abs_mean': 1.9870431136334004, 'std': 0.4199694895930699}}"
1,464,-15.0,False,0.0,0.16666666666666666,6,1,6,7,0,37,11,0.2972972972972973,31,25.21680644927759,25.21680644927759,5.551431811659951,1.9085720274889224,1.9085720274889224,0.4201684892001803,-13.212394442590123,"{'bias_segment_0_end': {'mean': 1.9085720274889224, 'abs_mean': 1.9085720274889224, 'std': 0.4201684892001803}}"
1,465,10.0,False,0.0,0.055,6,4,6,6,1,42,26,0.6190476190476191,33,11.962513661288616,11.962513661288616,4.373893536220412,8.38614865574688,8.38614865574688,3.066255340451878,1.4264609598937787,"{'bias_segment_0_end': {'mean': 8.38614865574688, 'abs_mean': 8.38614865574688, 'std': 3.066255340451878}}"
1,466,14.0,True,0.3120567375886525,0.0,4,6,3,0,0,32,23,0.71875,20,9.463389289926084,9.463389289926084,3.6221078008180334,2.6941680351555273,2.6941680351555273,1.0311915485966072,3.5125460500015877,"{'bias_segment_0_end': {'mean': 2.6941680351555273, 'abs_mean': 2.6941680351555273, 'std': 1.0311915485966072}}"
1,467,1.0,False,0.0,0.11666666666666665,6,5,6,8,0,39,20,0.5128205128205128,29,16.78641305033759,16.78641305033759,2.2361758815065396,4.7483789771749185,4.7483789771749185,0.6325479131944576,-3.535188141264322,"{'bias_segment_0_end': {'mean': 4.7483789771749185, 'abs_mean': 4.7483789771749185, 'std': 0.6325479131944576}}"
1,468,15.0,True,0.18773234200743494,0.0,4,6,3,7,0,31,23,0.7419354838709677,22,9.086866239165412,9.106270065567058,3.037957554865347,1.9614239276656067,1.9656122945228647,0.6557511118258385,4.632790551291054,"{'bias_segment_0_end': {'mean': 1.9614239276656067, 'abs_mean': 1.9656122945228647, 'std': 0.6557511118258385}}"
1,469,-13.0,False,0.0,0.16,6,5,3,8,0,39,13,0.3333333333333333,30,20.55229657358189,20.55229657358189,3.6574923338484764,2.7125634900081073,2.7125634900081073,0.48272854248973307,-7.576706185601747,"{'bias_segment_0_end': {'mean': 2.7125634900081073, 'abs_mean': 2.7125634900081073, 'std': 0.48272854248973307}}"
1,470,1.0,True,0.36604361370716515,0.0,3,6,6,6,1,23,12,0.5217391304347826,15,12.186183103325222,12.186183103325222,3.614188035272265,9.512223203550663,9.512223203550663,2.821142846748387,1.2811077749706758,"{'bias_segment_0_end': {'mean': 9.512223203550663, 'abs_mean': 9.512223203550663, 'std': 2.821142846748387}}"
1,471,15.0,True,0.5,0.0,3,6,8,8,1,21,18,0.8571428571428571,13,4.323225739761535,5.108529656782689,4.3008521903812955,0.48003192553023527,0.5672286101601928,0.47754766524949993,9.006121280342285,"{'bias_segment_0_end': {'mean': 0.48003192553023527, 'abs_mean': 0.5672286101601928, 'std': 0.47754766524949993}}"
1,472,-12.0,False,0.0,0.16666666666666666,6,5,3,8,0,32,10,0.3125,22,21.03248298899989,21.03248298899989,3.3503838764199347,2.5923370700421806,2.5923370700421806,0.41294812059315544,-8.113328792022276,"{'bias_segment_0_end': {'mean': 2.5923370700421806, 'abs_mean': 2.5923370700421806, 'std': 0.41294812059315544}}"
1,473,14.0,True,0.09457671957671958,0.0,5,6,7,7,1,56,35,0.625,46,6.1292599056068395,6.685326940113385,4.6800100132820885,0.8472957982726798,0.9241653174562846,0.6469545885141224,7.23390806150829,"{'bias_segment_0_end': {'mean': 0.8472957982726798, 'abs_mean': 0.9241653174562846, 'std': 0.6469545885141224}}"
1,474,-35.0,True,0.02063983488132095,0.0,5,6,6,6,1,55,10,0.18181818181818182,45,29.224049752560486,29.224049752560486,7.880150073983411,1.8442652424050388,1.8442652424050388,0.4972988688917002,-15.845903875762724,"{'bias_segment_0_end': {'mean': 1.8442652424050388, 'abs_mean': 1.8442652424050388, 'std': 0.4972988688917002}}"
1,475,1.0,False,0.0,0.08,6,4,6,6,1,25,13,0.52,16,11.055441165169059,11.055441165169059,2.4385397491694434,6.593285393213883,6.593285393213883,1.4543054654051402,1.6767727325360187,"{'bias_segment_0_end': {'mean': 6.593285393213883, 'abs_mean': 6.593285393213883, 'std': 1.4543054654051402}}"
1,476,5.0,True,0.00851581508515815,0.0,5,6,7,9,0,39,22,0.5641025641025641,29,13.311709335144583,13.311709335144583,4.083795371341993,67.52924264416363,67.52924264416363,20.71676909383708,-0.19712510926990348,"{'bias_segment_0_end': {'mean': 67.52924264416363, 'abs_mean': 67.52924264416363, 'std': 20.71676909383708}}"
1,477,-8.0,False,0.0,0.028333333333333335,6,1,7,7,1,20,6,0.3,14,16.656291167912222,16.656291167912222,3.65340304410152,3.79075765845677,3.79075765845677,0.831467547561672,-4.393921392140128,"{'bias_segment_0_end': {'mean': 3.79075765845677, 'abs_mean': 3.79075765845677, 'std': 0.831467547561672}}"
1,478,2.0,False,0.0,0.10333333333333333,6,5,6,6,1,32,17,0.53125,22,8.352291364703891,8.352291364703891,3.3786762713127874,2.195013711872912,2.195013711872912,0.8879288831866721,3.8051203596251044,"{'bias_segment_0_end': {'mean': 2.195013711872912, 'abs_mean': 2.195013711872912, 'std': 0.8879288831866721}}"
1,479,4.0,False,0.0,0.013333333333333334,6,2,6,6,1,22,13,0.5909090909090909,14,10.949854621609022,10.949854621609022,1.6861752042113056,5.763926761459689,5.763926761459689,0.887590814665551,1.8997213314410712,"{'bias_segment_0_end': {'mean': 5.763926761459689, 'abs_mean': 5.763926761459689, 'std': 0.887590814665551}}"
1,480,17.0,True,0.5860042735042735,0.0,2,6,6,6,1,23,20,0.8695652173913043,16,8.489822168402501,8.489822168402501,3.660728511526251,1.115348818224224,1.115348818224224,0.4809275315997353,7.61180899614828,"{'bias_segment_0_end': {'mean': 1.115348818224224, 'abs_mean': 1.115348818224224, 'std': 0.4809275315997353}}"
1,481,5.0,True,0.05703422053231939,0.0,5,6,8,9,0,25,15,0.6,15,13.66601570909632,13.66601570909632,2.541388521561863,13.898661671004017,13.898661671004017,2.584652322055404,-0.9832612687887027,"{'bias_segment_0_end': {'mean': 13.898661671004017, 'abs_mean': 13.898661671004017, 'std': 2.584652322055404}}"
1,482,-8.0,False,0.0,0.16666666666666666,6,5,8,8,1,42,17,0.40476190476190477,27,17.60194239819678,17.60194239819678,2.7941748864816023,3.7158690742210103,3.7158690742210103,0.589866039426742,-4.736965174664244,"{'bias_segment_0_end': {'mean': 3.7158690742210103, 'abs_mean': 3.7158690742210103, 'std': 0.589866039426742}}"
1,483,-1.0,False,0.0,0.0,6,4,6,9,0,25,12,0.48,17,14.95932578569845,14.95932578569845,2.0347381981086827,6.383062492039642,6.383062492039642,0.8682116600391596,-2.3435969496388798,"{'bias_segment_0_end': {'mean': 6.383062492039642, 'abs_mean': 6.383062492039642, 'std': 0.8682116600391596}}"
1,484,-7.0,False,0.0,0.11666666666666665,6,4,6,7,0,47,20,0.425531914893617,38,24.713136125067606,24.713136125067606,4.533029304806504,2.1891072668076563,2.1891072668076563,0.4015389767443703,-11.289138956222281,"{'bias_segment_0_end': {'mean': 2.1891072668076563, 'abs_mean': 2.1891072668076563, 'std': 0.4015389767443703}}"
1,485,5.0,False,0.0,0.11333333333333334,6,5,5,9,0,31,18,0.5806451612903226,21,14.997221575291531,14.997221575291531,1.7218137832127385,7.556008331672752,7.556008331672752,0.867496637709144,-1.9848074428964322,"{'bias_segment_0_end': {'mean': 7.556008331672752, 'abs_mean': 7.556008331672752, 'std': 0.867496637709144}}"
1,486,13.0,True,0.3473154362416107,0.0,3,6,6,6,1,25,19,0.76,17,5.863600298358478,6.11195541629901,3.180559358264993,0.7079563304043353,0.7379421017713803,0.38401272551623566,8.282432187603435,"{'bias_segment_0_end': {'mean': 0.7079563304043353, 'abs_mean': 0.7379421017713803, 'std': 0.38401272551623566}}"
1,487,-1.0,False,0.0,0.215,6,3,7,9,0,25,12,0.48,16,13.824758826169527,13.824758826169527,2.0210492525035546,11.807332582796116,11.807332582796116,1.7261205776226047,-1.1708621510596648,"{'bias_segment_0_end': {'mean': 11.807332582796116, 'abs_mean': 11.807332582796116, 'std': 1.7261205776226047}}"
1,488,10.0,True,0.5,0.0,3,6,7,7,1,22,16,0.7272727272727273,14,11.816777178097574,11.816777178097574,3.158871372617179,4.20924518337686,4.20924518337686,1.1252191616797969,2.8073387658111155,"{'bias_segment_0_end': {'mean': 4.20924518337686, 'abs_mean': 4.20924518337686, 'std': 1.1252191616797969}}"
1,489,-15.0,False,0.0,0.085,6,4,6,7,0,33,9,0.2727272727272727,24,20.938097611295724,20.938097611295724,5.6565175265380185,2.512919100915845,2.512919100915845,0.6788759514347781,-8.332181327948334,"{'bias_segment_0_end': {'mean': 2.512919100915845, 'abs_mean': 2.512919100915845, 'std': 0.6788759514347781}}"
1,490,14.0,True,0.27793974732750243,0.0,4,6,9,9,1,20,17,0.85,12,6.332878063640708,6.332878063640708,2.714319464648387,0.8690834156278255,0.8690834156278255,0.3724957290722826,7.286847211398967,"{'bias_segment_0_end': {'mean': 0.8690834156278255, 'abs_mean': 0.8690834156278255, 'std': 0.3724957290722826}}"
1,491,3.0,True,0.10472541507024265,0.0,5,6,3,8,0,35,19,0.5428571428571428,24,9.763747403294419,9.767915140180975,3.6648815976103704,3.7899004344623335,3.7915181850231217,1.4225620333387605,2.5762543296680525,"{'bias_segment_0_end': {'mean': 3.7899004344623335, 'abs_mean': 3.7915181850231217, 'std': 1.4225620333387605}}"
1,492,15.0,False,0.0,0.13166666666666668,6,3,6,6,1,23,19,0.8260869565217391,15,6.254798387327559,6.817834517718059,4.323069015934769,1.0789432314327738,1.1760661096326073,0.7457228458729683,5.797152440561263,"{'bias_segment_0_end': {'mean': 1.0789432314327738, 'abs_mean': 1.1760661096326073, 'std': 0.7457228458729683}}"
1,493,9.0,True,0.005905511811023622,0.0,5,6,8,9,0,87,48,0.5517241379310345,74,11.269721569948665,11.407868543398994,6.714545843136585,4.137551311224292,4.188270416181174,2.4651698611283384,2.7237659964182974,"{'bias_segment_0_end': {'mean': 4.137551311224292, 'abs_mean': 4.188270416181174, 'std': 2.4651698611283384}}"
1,494,-7.0,False,0.0,0.018333333333333333,6,4,6,7,0,45,19,0.4222222222222222,36,18.018992877611606,18.018992877611606,2.774589189586271,3.83659386210094,3.83659386210094,0.59076397481929,-4.6966120275614225,"{'bias_segment_0_end': {'mean': 3.83659386210094, 'abs_mean': 3.83659386210094, 'std': 0.59076397481929}}"
1,495,-31.0,False,0.0,0.125,6,5,6,6,1,57,13,0.22807017543859648,47,24.24734463378587,24.24734463378587,10.019729628085988,2.029407072193747,2.029407072193747,0.8386118346490485,-11.947994547774485,"{'bias_segment_0_end': {'mean': 2.029407072193747, 'abs_mean': 2.029407072193747, 'std': 0.8386118346490485}}"
1,496,12.0,False,0.0,0.055,6,5,7,7,1,44,28,0.6363636363636364,34,13.853003390439529,13.853003390439529,4.494150894125151,47.637671510008225,47.637671510008225,15.454474237586322,0.29079933908039873,"{'bias_segment_0_end': {'mean': 47.637671510008225, 'abs_mean': 47.637671510008225, 'std': 15.454474237586322}}"
1,497,10.0,True,0.20273631840796022,0.0,4,6,6,6,1,30,20,0.6666666666666666,21,11.197758360753005,11.197758360753005,5.127520236218091,4.545111708802528,4.545111708802528,2.0812337176732556,2.463692661077236,"{'bias_segment_0_end': {'mean': 4.545111708802528, 'abs_mean': 4.545111708802528, 'std': 2.0812337176732556}}"
1,498,7.0,False,0.0,0.03,6,3,6,9,0,27,17,0.6296296296296297,19,13.923122995816057,13.923122995816057,2.365440641774757,37.550180191604305,37.550180191604305,6.379511432735153,-0.37078711539522974,"{'bias_segment_0_end': {'mean': 37.550180191604305, 'abs_mean': 37.550180191604305, 'std': 6.379511432735153}}"
1,499,5.0,True,0.3901098901098901,0.0,3,6,7,6,0,19,12,0.631578947368421,12,12.746309544527946,12.746309544527946,2.3434116194583594,9.105626526000686,9.105626526000686,1.6740713011036885,1.3998278436010374,"{'bias_segment_0_end': {'mean': 9.105626526000686, 'abs_mean': 9.105626526000686, 'std': 1.6740713011036885}}"
1,500,0.0,True,0.0,0.0,6,6,6,6,1,32,16,0.5,22,15.31783711134743,15.31783711134743,3.1655590799375095,7.773516710538657,7.773516710538657,1.6064622065906673,-1.9705157500441004,"{'bias_segment_0_end': {'mean': 7.773516710538657, 'abs_mean': 7.773516710538657, 'std': 1.6064622065906673}}"
1,501,12.0,True,0.40317052270779774,0.0,3,6,3,6,0,26,19,0.7307692307692307,18,8.561314971226892,8.561314971226892,2.6846744726968206,1.7327167421019607,1.7327167421019607,0.5433488221808646,4.940977808548874,"{'bias_segment_0_end': {'mean': 1.7327167421019607, 'abs_mean': 1.7327167421019607, 'std': 0.5433488221808646}}"
1,502,-3.0,True,0.104638619201726,0.0,5,6,3,6,0,37,17,0.4594594594594595,27,15.219841209768118,15.219841209768118,3.5945271513129393,5.017801786319704,5.017801786319704,1.1850731234473597,-3.033169076399703,"{'bias_segment_0_end': {'mean': 5.017801786319704, 'abs_mean': 5.017801786319704, 'std': 1.1850731234473597}}"
1,503,4.0,False,0.0,0.05833333333333333,6,4,6,9,0,22,13,0.5909090909090909,14,14.479607389005208,14.479607389005208,1.5581333802407802,29.53600656629686,29.53600656629686,3.178334640820658,-0.49023578581972865,"{'bias_segment_0_end': {'mean': 29.53600656629686, 'abs_mean': 29.53600656629686, 'std': 3.178334640820658}}"
1,504,-31.0,True,0.0755813953488372,0.0,5,6,8,8,1,55,12,0.21818181818181817,45,24.817354051001043,24.817354051001043,10.291370703653971,1.8740365579744191,1.8740365579744191,0.7771338109082794,-13.2427267469239,"{'bias_segment_0_end': {'mean': 1.8740365579744191, 'abs_mean': 1.8740365579744191, 'std': 0.7771338109082794}}"
1,505,4.0,False,0.0,0.034999999999999996,6,5,6,7,0,40,22,0.55,30,19.20255711143856,19.20255711143856,4.191489468379295,4.2658384737159745,4.2658384737159745,0.9311372924253325,-4.501473093684956,"{'bias_segment_0_end': {'mean': 4.2658384737159745, 'abs_mean': 4.2658384737159745, 'std': 0.9311372924253325}}"
1,506,-6.0,False,0.0,0.15333333333333335,6,4,3,6,0,36,15,0.4166666666666667,22,13.927080134955686,13.927080134955686,3.74443788808463,9.28605301893657,9.28605301893657,2.496650296970478,-1.4997846885598118,"{'bias_segment_0_end': {'mean': 9.28605301893657, 'abs_mean': 9.28605301893657, 'std': 2.496650296970478}}"
1,507,12.0,True,0.21375186846038863,0.0,4,6,6,6,1,24,18,0.75,15,9.704264580500533,9.82169251776155,3.749094771191184,2.426351977728968,2.4557124208053467,0.9373841198694801,3.999528786249549,"{'bias_segment_0_end': {'mean': 2.426351977728968, 'abs_mean': 2.4557124208053467, 'std': 0.9373841198694801}}"
1,508,10.0,True,0.24019237580707797,0.0,3,6,7,7,1,32,21,0.65625,19,9.329585921878397,9.329585921878397,2.7224518691371364,2.4668718021280984,2.4668718021280984,0.719854000473492,3.7819500445179344,"{'bias_segment_0_end': {'mean': 2.4668718021280984, 'abs_mean': 2.4668718021280984, 'std': 0.719854000473492}}"
1,509,-18.0,True,0.21604938271604937,0.0,4,6,6,9,0,64,23,0.359375,56,27.060162965011216,27.060162965011216,8.114383363969935,2.3729015803534796,2.3729015803534796,0.7115490447287579,-11.403828624438859,"{'bias_segment_0_end': {'mean': 2.3729015803534796, 'abs_mean': 2.3729015803534796, 'std': 0.7115490447287579}}"
1,510,19.0,False,0.0,0.03833333333333334,6,5,6,8,0,55,37,0.6727272727272727,44,5.5300012329586385,6.7021782252868105,5.620991442865676,0.6008076549120239,0.7281589664642154,0.610693297307252,9.204278919795712,"{'bias_segment_0_end': {'mean': 0.6008076549120239, 'abs_mean': 0.7281589664642154, 'std': 0.610693297307252}}"
1,511,-6.0,False,0.0,0.049999999999999996,6,3,8,6,0,30,12,0.4,22,17.16023999353403,17.16023999353403,3.5416702443919177,4.602224318331378,4.602224318331378,0.9498445786534913,-3.7286839594458954,"{'bias_segment_0_end': {'mean': 4.602224318331378, 'abs_mean': 4.602224318331378, 'std': 0.9498445786534913}}"
1,512,8.0,False,0.0,0.03166666666666667,6,4,6,6,1,28,18,0.6428571428571429,19,8.793961251585461,8.793961251585461,2.742835335717022,3.2783063399094097,3.2783063399094097,1.022503308027145,2.682470867511566,"{'bias_segment_0_end': {'mean': 3.2783063399094097, 'abs_mean': 3.2783063399094097, 'std': 1.022503308027145}}"
1,513,11.0,True,0.09583333333333333,0.0,5,6,7,7,1,25,18,0.72,15,9.857457527993219,9.857457527993219,1.8237899231725985,3.6902192447309314,3.6902192447309314,0.6827505625791926,2.6712389899511155,"{'bias_segment_0_end': {'mean': 3.6902192447309314, 'abs_mean': 3.6902192447309314, 'std': 0.6827505625791926}}"
1,514,-3.0,False,0.0,0.03,6,4,3,8,0,31,14,0.45161290322580644,19,16.589170556149767,16.589170556149767,3.2545594328908996,4.593239193059202,4.593239193059202,0.9011282325838336,-3.611649613461781,"{'bias_segment_0_end': {'mean': 4.593239193059202, 'abs_mean': 4.593239193059202, 'std': 0.9011282325838336}}"
1,515,15.0,True,0.07496902106567534,0.0,5,6,6,6,1,43,29,0.6744186046511628,33,7.588062184607054,7.709227491823534,4.942319973056897,1.4347222454843291,1.4576317258516713,0.934475263530466,5.288871911263563,"{'bias_segment_0_end': {'mean': 1.4347222454843291, 'abs_mean': 1.4576317258516713, 'std': 0.934475263530466}}"
1,516,16.0,False,0.0,0.06333333333333334,6,4,6,6,1,30,23,0.7666666666666667,21,4.919386043966593,5.2993177689946185,3.9751093539028806,0.6684405055468269,0.7200651904325527,0.5401332772786974,7.359497222482383,"{'bias_segment_0_end': {'mean': 0.6684405055468269, 'abs_mean': 0.7200651904325527, 'std': 0.5401332772786974}}"
1,517,3.0,True,0.3725732228899356,0.0,3,6,9,9,1,31,17,0.5483870967741935,23,14.051657189686761,14.051657189686761,3.1392302939232715,70.81857269334073,70.81857269334073,15.82132312013075,-0.19841768416504782,"{'bias_segment_0_end': {'mean': 70.81857269334073, 'abs_mean': 70.81857269334073, 'std': 15.82132312013075}}"
1,518,5.0,True,0.1566358024691358,0.0,5,6,6,6,1,37,21,0.5675675675675675,27,8.939706687691672,8.939706687691672,4.4004956561500155,1.5198817926130395,1.5198817926130395,0.748149067962559,5.881843398046227,"{'bias_segment_0_end': {'mean': 1.5198817926130395, 'abs_mean': 1.5198817926130395, 'std': 0.748149067962559}}"
1,519,-12.0,True,0.11203319502074689,0.0,5,6,6,6,1,52,20,0.38461538461538464,42,21.59235256178982,21.59235256178982,7.244822254153742,2.5669153378774507,2.5669153378774507,0.861269994141,-8.41178991888539,"{'bias_segment_0_end': {'mean': 2.5669153378774507, 'abs_mean': 2.5669153378774507, 'std': 0.861269994141}}"
1,520,-18.0,False,0.0,0.16666666666666666,6,4,6,9,0,36,9,0.25,27,23.36761144624383,23.36761144624383,4.820949548056469,2.116496837260568,2.116496837260568,0.4366524364087037,-11.04070227503344,"{'bias_segment_0_end': {'mean': 2.116496837260568, 'abs_mean': 2.116496837260568, 'std': 0.4366524364087037}}"
1,521,5.0,True,0.3092175777063237,0.0,4,6,3,6,0,23,14,0.6086956521739131,15,12.881972076707324,12.881972076707324,2.553515490914991,181.45168833838014,181.45168833838014,35.96807183447675,0.0709939499305423,"{'bias_segment_0_end': {'mean': 181.45168833838014, 'abs_mean': 181.45168833838014, 'std': 35.96807183447675}}"
1,522,-7.0,False,0.0,0.16666666666666666,6,3,6,8,0,31,12,0.3870967741935484,23,19.717670167489704,19.717670167489704,2.940916865682823,3.020130168150568,3.020130168150568,0.4504564521378382,-6.528748454429758,"{'bias_segment_0_end': {'mean': 3.020130168150568, 'abs_mean': 3.020130168150568, 'std': 0.4504564521378382}}"
1,523,-16.0,True,0.0011494252873563218,0.0,5,6,6,8,0,44,14,0.3181818181818182,34,26.240988196411354,26.240988196411354,9.809745558786856,3.006412341450874,3.006412341450874,1.1238959407200588,-8.728339700650523,"{'bias_segment_0_end': {'mean': 3.006412341450874, 'abs_mean': 3.006412341450874, 'std': 1.1238959407200588}}"
1,524,-13.0,False,0.0,0.09499999999999999,6,5,6,7,0,43,15,0.3488372093023256,33,20.728354783074106,20.728354783074106,4.611841438279116,3.076567538480012,3.076567538480012,0.684503995136765,-6.737493821869751,"{'bias_segment_0_end': {'mean': 3.076567538480012, 'abs_mean': 3.076567538480012, 'std': 0.684503995136765}}"
1,525,-12.0,False,0.0,0.049999999999999996,6,1,6,7,0,30,9,0.3,19,22.10873876238286,22.10873876238286,4.831997586021663,2.3111004086049136,2.3111004086049136,0.5051048689594732,-9.566325495883026,"{'bias_segment_0_end': {'mean': 2.3111004086049136, 'abs_mean': 2.3111004086049136, 'std': 0.5051048689594732}}"
1,526,-8.0,False,0.0,0.028333333333333335,6,5,6,6,1,36,14,0.3888888888888889,26,16.91031844819328,16.91031844819328,4.058940468340963,3.711912327924997,3.711912327924997,0.8909608183255828,-4.55568907729196,"{'bias_segment_0_end': {'mean': 3.711912327924997, 'abs_mean': 3.711912327924997, 'std': 0.8909608183255828}}"
1,527,-17.0,True,0.1437037037037037,0.0,5,6,1,6,0,35,9,0.2571428571428571,25,24.042056959054335,24.042056959054335,6.128959807984656,2.286786932275285,2.286786932275285,0.5829628147545595,-10.513466130022525,"{'bias_segment_0_end': {'mean': 2.286786932275285, 'abs_mean': 2.286786932275285, 'std': 0.5829628147545595}}"
1,528,-13.0,True,0.15712468193384224,0.0,5,6,3,9,0,39,13,0.3333333333333333,29,24.477582936598537,24.477582936598537,6.000306182139313,1.9427955328386228,1.9427955328386228,0.4762466979079987,-12.599155455558563,"{'bias_segment_0_end': {'mean': 1.9427955328386228, 'abs_mean': 1.9427955328386228, 'std': 0.4762466979079987}}"
1,529,-3.0,False,0.0,0.01,6,3,6,6,1,31,14,0.45161290322580644,23,18.265218134832338,18.265218134832338,3.1269153290918204,3.5063736416743194,3.5063736416743194,0.600273887162946,-5.209147684018797,"{'bias_segment_0_end': {'mean': 3.5063736416743194, 'abs_mean': 3.5063736416743194, 'std': 0.600273887162946}}"
1,530,5.0,True,0.42910052910052904,0.0,3,6,7,7,1,31,18,0.5806451612903226,23,8.348649683601234,8.348649683601234,3.9500311386204667,1.6676793111655428,1.6676793111655428,0.7890360067779876,5.0061481411353315,"{'bias_segment_0_end': {'mean': 1.6676793111655428, 'abs_mean': 1.6676793111655428, 'std': 0.7890360067779876}}"
1,531,1.0,True,0.11805555555555557,0.0,5,6,3,9,0,27,14,0.5185185185185185,18,14.747694188536865,14.747694188536865,2.916383007019923,16.451228091657235,16.451228091657235,3.253259895259458,-0.8964494386905821,"{'bias_segment_0_end': {'mean': 16.451228091657235, 'abs_mean': 16.451228091657235, 'std': 3.253259895259458}}"
1,532,10.0,False,0.0,0.01,6,4,6,8,0,28,19,0.6785714285714286,17,11.815666440628283,11.815666440628283,2.6374728773592624,12.458427746102856,12.458427746102856,2.7809489578938336,0.9484075102754732,"{'bias_segment_0_end': {'mean': 12.458427746102856, 'abs_mean': 12.458427746102856, 'std': 2.7809489578938336}}"
1,533,-3.0,True,0.40254237288135597,0.0,3,6,9,9,1,43,20,0.46511627906976744,35,17.61988401992812,17.61988401992812,4.6899227861966875,4.469413934574472,4.469413934574472,1.1896336110384522,-3.942325387144005,"{'bias_segment_0_end': {'mean': 4.469413934574472, 'abs_mean': 4.469413934574472, 'std': 1.1896336110384522}}"
1,534,-14.0,False,0.0,0.02666666666666667,6,1,6,8,0,28,7,0.25,22,21.554832395746338,21.554832395746338,5.165289102793162,2.717809854763533,2.717809854763533,0.651281966314165,-7.930956743705587,"{'bias_segment_0_end': {'mean': 2.717809854763533, 'abs_mean': 2.717809854763533, 'std': 0.651281966314165}}"
1,535,6.0,False,0.0,0.075,6,5,3,9,0,30,18,0.6,21,10.115236669912203,10.115236669912203,3.2673014241680978,4.257905259168601,4.257905259168601,1.3753370653832815,2.375636857614653,"{'bias_segment_0_end': {'mean': 4.257905259168601, 'abs_mean': 4.257905259168601, 'std': 1.3753370653832815}}"
1,536,-15.0,True,0.31716417910447764,0.0,4,6,3,6,0,35,10,0.2857142857142857,26,20.934632002236867,20.934632002236867,6.837745172644045,3.0261420920942594,3.0261420920942594,0.9884094680881674,-6.9179276336455615,"{'bias_segment_0_end': {'mean': 3.0261420920942594, 'abs_mean': 3.0261420920942594, 'std': 0.9884094680881674}}"
1,537,28.0,True,0.6666666666666666,0.0,2,6,6,6,1,36,32,0.8888888888888888,29,2.9368267253475606,5.384118858260105,5.5669454055096015,0.19816848261060577,0.3633046019118755,0.37564120288893216,14.819847670319623,"{'bias_segment_0_end': {'mean': 0.19816848261060577, 'abs_mean': 0.3633046019118755, 'std': 0.37564120288893216}}"
1,538,-7.0,False,0.0,0.01,6,4,3,6,0,33,13,0.3939393939393939,25,18.86071366067908,18.86071366067908,4.102428408929832,3.2265060190449306,3.2265060190449306,0.701803239911784,-5.845553533559497,"{'bias_segment_0_end': {'mean': 3.2265060190449306, 'abs_mean': 3.2265060190449306, 'std': 0.701803239911784}}"
1,539,-2.0,False,0.0,0.13,6,5,3,8,0,30,14,0.4666666666666667,21,15.946028086224521,15.946028086224521,1.946746206781598,5.649590204922337,5.649590204922337,0.6897214931412464,-2.8225105729493745,"{'bias_segment_0_end': {'mean': 5.649590204922337, 'abs_mean': 5.649590204922337, 'std': 0.6897214931412464}}"
1,540,-5.0,False,0.0,0.03166666666666667,6,4,6,9,0,27,11,0.4074074074074074,18,15.42172615378948,15.42172615378948,2.7337522938670675,5.970719516246877,5.970719516246877,1.058407341098192,-2.582892415533093,"{'bias_segment_0_end': {'mean': 5.970719516246877, 'abs_mean': 5.970719516246877, 'std': 1.058407341098192}}"
1,541,-6.0,False,0.0,0.11333333333333334,6,2,6,7,0,24,9,0.375,17,18.143424451801724,18.143424451801724,3.2381243496103065,3.091202429725909,3.091202429725909,0.5516983788733444,-5.869374414735584,"{'bias_segment_0_end': {'mean': 3.091202429725909, 'abs_mean': 3.091202429725909, 'std': 0.5516983788733444}}"
1,542,6.0,True,0.10522598870056497,0.0,5,6,6,8,0,34,20,0.5882352941176471,24,14.638404697276892,14.638404697276892,2.709261951578336,17.17321790849033,17.17321790849033,3.1784027582111922,-0.8523973069741202,"{'bias_segment_0_end': {'mean': 17.17321790849033, 'abs_mean': 17.17321790849033, 'std': 3.1784027582111922}}"
1,543,6.0,False,0.0,0.02666666666666667,6,1,6,9,0,18,12,0.6666666666666666,10,12.425189537080591,12.425189537080591,1.7518523748663455,7.293963203298857,7.293963203298857,1.0283904902821415,1.7034894735225732,"{'bias_segment_0_end': {'mean': 7.293963203298857, 'abs_mean': 7.293963203298857, 'std': 1.0283904902821415}}"
1,544,1.0,False,0.0,0.0,6,4,6,7,0,27,14,0.5185185185185185,19,15.17851438755507,15.17851438755507,2.261914283519003,4.67386258365301,4.67386258365301,0.6965027187270516,-3.2475311620505125,"{'bias_segment_0_end': {'mean': 4.67386258365301, 'abs_mean': 4.67386258365301, 'std': 0.6965027187270516}}"
1,545,-23.0,False,0.0,0.049999999999999996,6,4,6,9,0,51,14,0.27450980392156865,41,28.68064306989703,28.68064306989703,8.654687865162844,1.857684782021306,1.857684782021306,0.5605760617387442,-15.4389180271425,"{'bias_segment_0_end': {'mean': 1.857684782021306, 'abs_mean': 1.857684782021306, 'std': 0.5605760617387442}}"
1,546,7.0,True,0.06400506970849176,0.0,5,6,3,9,0,27,17,0.6296296296296297,17,14.800018280456614,14.800018280456614,2.101594577709763,27.551214138068413,27.551214138068413,3.9122574813535143,-0.5371820714066805,"{'bias_segment_0_end': {'mean': 27.551214138068413, 'abs_mean': 27.551214138068413, 'std': 3.9122574813535143}}"
1,547,16.0,True,0.3333333333333333,0.0,4,6,9,9,1,30,23,0.7666666666666667,21,6.006594478891011,6.01739202183739,2.753423119535632,0.7912607007410265,0.7926830826627723,0.362713932937679,7.591169981354757,"{'bias_segment_0_end': {'mean': 0.7912607007410265, 'abs_mean': 0.7926830826627723, 'std': 0.362713932937679}}"
1,548,-1.0,False,0.0,0.16666666666666666,6,4,8,9,0,33,16,0.48484848484848486,25,18.60425605962412,18.60425605962412,2.9646073895484513,4.623525056947635,4.623525056947635,0.7367634860356955,-4.023825075127052,"{'bias_segment_0_end': {'mean': 4.623525056947635, 'abs_mean': 4.623525056947635, 'std': 0.7367634860356955}}"
1,549,4.0,True,0.23035714285714284,0.0,4,6,3,7,0,36,20,0.5555555555555556,27,14.997041871214769,14.997041871214769,3.361891383684445,4.396365931239602,4.396365931239602,0.9855346721493857,-3.411236031252338,"{'bias_segment_0_end': {'mean': 4.396365931239602, 'abs_mean': 4.396365931239602, 'std': 0.9855346721493857}}"
1,550,-3.0,False,0.0,0.14166666666666666,6,5,8,7,0,37,17,0.4594594594594595,27,19.790480786654005,19.790480786654005,3.4238844242416557,2.9443549453999505,2.9443549453999505,0.5093929321713162,-6.721499667549675,"{'bias_segment_0_end': {'mean': 2.9443549453999505, 'abs_mean': 2.9443549453999505, 'std': 0.5093929321713162}}"
1,551,12.0,True,0.36496913580246915,0.0,3,6,7,7,1,24,18,0.75,16,7.588409532603703,7.588409532603703,2.7636843494894046,1.4835231461835878,1.4835231461835878,0.5402963142140924,5.115127156677761,"{'bias_segment_0_end': {'mean': 1.4835231461835878, 'abs_mean': 1.4835231461835878, 'std': 0.5402963142140924}}"
1,552,1.0,False,0.0,0.15166666666666667,6,4,6,7,0,27,14,0.5185185185185185,18,16.68239042480714,16.68239042480714,2.4065542218793103,5.666930537267048,5.666930537267048,0.8174952906795111,-2.9438141715519315,"{'bias_segment_0_end': {'mean': 5.666930537267048, 'abs_mean': 5.666930537267048, 'std': 0.8174952906795111}}"
1,553,-3.0,False,0.0,0.011666666666666667,6,3,4,9,0,27,12,0.4444444444444444,19,15.472711271276049,15.472711271276049,3.596567440221668,6.543457272056146,6.543457272056146,1.5209994524261528,-2.364607978316342,"{'bias_segment_0_end': {'mean': 6.543457272056146, 'abs_mean': 6.543457272056146, 'std': 1.5209994524261528}}"
1,554,10.0,True,0.5364238410596026,0.0,2,6,6,6,1,28,19,0.6785714285714286,21,11.528678463411826,11.528678463411826,3.959741648391002,3.3992617082749677,3.3992617082749677,1.1675404256225292,3.391524234614556,"{'bias_segment_0_end': {'mean': 3.3992617082749677, 'abs_mean': 3.3992617082749677, 'std': 1.1675404256225292}}"
1,555,-11.0,False,0.0,0.016666666666666666,6,5,4,8,0,39,14,0.358974358974359,29,19.862441628944055,19.862441628944055,3.9858435869400877,2.911035009280589,2.911035009280589,0.5841643459478327,-6.823154501962763,"{'bias_segment_0_end': {'mean': 2.911035009280589, 'abs_mean': 2.911035009280589, 'std': 0.5841643459478327}}"
1,556,8.0,True,0.016917293233082706,0.0,5,6,6,9,0,32,20,0.625,21,9.866093853802806,9.866093853802806,2.6023321125351444,2.569180905687208,2.569180905687208,0.6776604878135164,3.8401709400700264,"{'bias_segment_0_end': {'mean': 2.569180905687208, 'abs_mean': 2.569180905687208, 'std': 0.6776604878135164}}"
1,557,13.0,True,0.10634328358208955,0.0,5,6,6,7,0,31,22,0.7096774193548387,21,9.531253549988067,9.531253549988067,4.480928225729138,2.812840747861803,2.812840747861803,1.3224008191022043,3.3884796205520353,"{'bias_segment_0_end': {'mean': 2.812840747861803, 'abs_mean': 2.812840747861803, 'std': 1.3224008191022043}}"
1,558,-5.0,False,0.0,0.05833333333333333,6,5,6,8,0,27,11,0.4074074074074074,18,17.73665625591549,17.73665625591549,2.6681853176620227,3.671330698671997,3.671330698671997,0.5522907207051163,-4.831124655245914,"{'bias_segment_0_end': {'mean': 3.671330698671997, 'abs_mean': 3.671330698671997, 'std': 0.5522907207051163}}"
1,559,16.0,True,0.26677852348993286,0.0,4,6,7,7,1,34,25,0.7352941176470589,25,3.3961643133237462,5.005654081500041,5.061293983199891,0.3300862281635318,0.4865187084062703,0.4919265637374863,10.2887185939827,"{'bias_segment_0_end': {'mean': 0.3300862281635318, 'abs_mean': 0.4865187084062703, 'std': 0.4919265637374863}}"
1,560,-2.0,False,0.0,0.15166666666666667,6,3,6,9,0,24,11,0.4583333333333333,16,17.032861273806866,17.032861273806866,2.593181729202218,3.9398162224470763,3.9398162224470763,0.5998205046251062,-4.32326289149282,"{'bias_segment_0_end': {'mean': 3.9398162224470763, 'abs_mean': 3.9398162224470763, 'std': 0.5998205046251062}}"
1,561,-30.0,False,0.0,0.09333333333333334,6,5,3,9,0,62,16,0.25806451612903225,50,25.702161382266397,25.702161382266397,9.099746653461128,2.0036838716858036,2.0036838716858036,0.7093961995953804,-12.827453345043809,"{'bias_segment_0_end': {'mean': 2.0036838716858036, 'abs_mean': 2.0036838716858036, 'std': 0.7093961995953804}}"
1,562,-5.0,False,0.0,0.05833333333333333,6,3,6,6,1,25,10,0.4,17,16.47997383787911,16.47997383787911,4.038802829800392,4.765868865570737,4.765868865570737,1.167987573893009,-3.457915923145223,"{'bias_segment_0_end': {'mean': 4.765868865570737, 'abs_mean': 4.765868865570737, 'std': 1.167987573893009}}"
1,563,7.0,True,0.29661016949152547,0.0,4,6,7,7,1,29,18,0.6206896551724138,21,10.102969999183326,10.102969999183326,2.3675031917282845,3.7987169072000544,3.7987169072000544,0.8901812440297571,2.65957433680679,"{'bias_segment_0_end': {'mean': 3.7987169072000544, 'abs_mean': 3.7987169072000544, 'std': 0.8901812440297571}}"
1,564,9.0,False,0.0,0.08166666666666667,6,4,3,9,0,31,20,0.6451612903225806,22,15.038669371839703,15.038669371839703,2.6750901476274342,11.915349124739945,11.915349124739945,2.119511524657831,-1.2621257853548566,"{'bias_segment_0_end': {'mean': 11.915349124739945, 'abs_mean': 11.915349124739945, 'std': 2.119511524657831}}"
1,565,-6.0,True,0.21706989247311828,0.0,4,6,6,9,0,40,17,0.425,31,19.37859645195747,19.37859645195747,3.0630958372935173,3.026560755026292,3.026560755026292,0.478396135293922,-6.402844026763679,"{'bias_segment_0_end': {'mean': 3.026560755026292, 'abs_mean': 3.026560755026292, 'std': 0.478396135293922}}"
1,566,6.0,False,0.0,0.16666666666666666,6,4,6,6,1,28,17,0.6071428571428571,19,9.860741676819183,9.860741676819183,3.969047690949212,2.478852552562819,2.478852552562819,0.9977630813594862,3.9779460325804488,"{'bias_segment_0_end': {'mean': 2.478852552562819, 'abs_mean': 2.478852552562819, 'std': 0.9977630813594862}}"
1,567,10.0,False,0.0,0.09333333333333334,6,5,9,9,1,32,21,0.65625,22,9.46491892506456,9.46491892506456,3.380761934341017,2.8345608971413836,2.8345608971413836,1.0124730763672918,3.3391129238429134,"{'bias_segment_0_end': {'mean': 2.8345608971413836, 'abs_mean': 2.8345608971413836, 'std': 1.0124730763672918}}"
1,568,5.0,False,0.0,0.11666666666666665,6,2,6,8,0,25,15,0.6,18,13.396586773038521,13.396586773038521,1.904380720935118,20.522978260444123,20.522978260444123,2.917427013126843,-0.6527603646522896,"{'bias_segment_0_end': {'mean': 20.522978260444123, 'abs_mean': 20.522978260444123, 'std': 2.917427013126843}}"
1,569,-5.0,False,0.0,0.11833333333333333,6,4,3,6,0,31,13,0.41935483870967744,22,16.318479608042967,16.318479608042967,2.765576268720485,4.378873639530224,4.378873639530224,0.7421101298702927,-3.7266386179149147,"{'bias_segment_0_end': {'mean': 4.378873639530224, 'abs_mean': 4.378873639530224, 'std': 0.7421101298702927}}"
1,570,-36.0,True,0.1185897435897436,0.0,5,6,6,9,0,66,15,0.22727272727272727,56,25.73178148375845,25.73178148375845,12.694728315473485,1.9062538563309162,1.9062538563309162,0.9404469263707573,-13.498612159288163,"{'bias_segment_0_end': {'mean': 1.9062538563309162, 'abs_mean': 1.9062538563309162, 'std': 0.9404469263707573}}"
1,571,11.0,False,0.0,0.19499999999999998,6,4,3,8,0,33,22,0.6666666666666666,19,12.477910023492525,12.477910023492525,4.158497540112456,40.16587224448499,40.16587224448499,13.386030241498,-0.3106595058496661,"{'bias_segment_0_end': {'mean': 40.16587224448499, 'abs_mean': 40.16587224448499, 'std': 13.386030241498}}"
1,572,17.0,True,0.23893229166666666,0.0,4,6,9,9,1,23,20,0.8695652173913043,14,3.9826936647215736,5.092369626944462,4.910322815272837,0.4373894980669279,0.5592569207193141,0.5392640791189034,9.105599659624554,"{'bias_segment_0_end': {'mean': 0.4373894980669279, 'abs_mean': 0.5592569207193141, 'std': 0.5392640791189034}}"
1,573,-17.0,False,0.0,0.065,6,5,3,8,0,39,11,0.28205128205128205,29,18.843935512044556,18.843935512044556,5.787274770114877,3.29565250754034,3.29565250754034,1.012147732927825,-5.717816265194913,"{'bias_segment_0_end': {'mean': 3.29565250754034, 'abs_mean': 3.29565250754034, 'std': 1.012147732927825}}"
1,574,12.0,True,0.2504105090311987,0.0,4,6,6,6,1,30,21,0.7,22,9.142104463245696,9.142104463245696,3.1009712046895226,1.8845114245518018,1.8845114245518018,0.6392199614364125,4.851180175477041,"{'bias_segment_0_end': {'mean': 1.8845114245518018, 'abs_mean': 1.8845114245518018, 'std': 0.6392199614364125}}"
1,575,8.0,True,0.17996870109546168,0.0,4,6,6,6,1,28,18,0.6428571428571429,19,8.691779180102253,8.691779180102253,2.4275030692336044,2.3743187202014906,2.3743187202014906,0.6631169362680608,3.6607465990769117,"{'bias_segment_0_end': {'mean': 2.3743187202014906, 'abs_mean': 2.3743187202014906, 'std': 0.6631169362680608}}"
1,576,-3.0,True,0.012531328320802004,0.0,5,6,6,6,1,43,20,0.46511627906976744,33,16.49133340442821,16.49133340442821,4.496020610621973,5.169911793511312,5.169911793511312,1.409469410913919,-3.189867460625976,"{'bias_segment_0_end': {'mean': 5.169911793511312, 'abs_mean': 5.169911793511312, 'std': 1.409469410913919}}"
1,577,-5.0,False,0.0,0.13666666666666666,6,5,8,9,0,35,15,0.42857142857142855,25,15.602758596874525,15.602758596874525,2.8290536945940024,4.781740284586078,4.781740284586078,0.8670133511779803,-3.2629874623617594,"{'bias_segment_0_end': {'mean': 4.781740284586078, 'abs_mean': 4.781740284586078, 'std': 0.8670133511779803}}"
1,578,3.0,False,0.0,0.10666666666666667,6,4,6,9,0,25,14,0.56,16,13.768174831845572,13.768174831845572,1.8192768086436,11.977484867818212,11.977484867818212,1.5826615155627284,-1.149504673459341,"{'bias_segment_0_end': {'mean': 11.977484867818212, 'abs_mean': 11.977484867818212, 'std': 1.5826615155627284}}"
1,579,7.0,False,0.0,0.03,6,4,6,7,0,25,16,0.64,16,12.740448988874933,12.740448988874933,2.4649479437770028,27.531082649669802,27.531082649669802,5.326553689474882,0.46276599983356403,"{'bias_segment_0_end': {'mean': 27.531082649669802, 'abs_mean': 27.531082649669802, 'std': 5.326553689474882}}"
1,580,-18.0,True,0.12764771460423635,0.0,5,6,7,8,0,46,14,0.30434782608695654,33,24.073774342265008,24.073774342265008,4.325901723286683,2.178509976907927,2.178509976907927,0.3914641688220031,-11.050568782078367,"{'bias_segment_0_end': {'mean': 2.178509976907927, 'abs_mean': 2.178509976907927, 'std': 0.3914641688220031}}"
1,581,7.0,True,0.3001277139208174,0.0,4,6,6,6,1,33,20,0.6060606060606061,25,9.90895018740017,9.90895018740017,2.8441370769627614,1.7174689482912482,1.7174689482912482,0.49296010394507694,5.769507621816877,"{'bias_segment_0_end': {'mean': 1.7174689482912482, 'abs_mean': 1.7174689482912482, 'std': 0.49296010394507694}}"
1,582,2.0,False,0.0,0.16666666666666666,6,5,3,8,0,32,17,0.53125,22,14.0094422860594,14.0094422860594,2.1877562285453753,13.710856597978182,13.710856597978182,2.1411281982843695,-1.021777318284056,"{'bias_segment_0_end': {'mean': 13.710856597978182, 'abs_mean': 13.710856597978182, 'std': 2.1411281982843695}}"
1,583,28.0,True,0.6666666666666666,0.0,2,6,9,7,0,30,29,0.9666666666666667,24,7.309255913655147,8.79472936617761,7.207562427911981,0.5910867409508865,0.7112143807808456,0.5828629666332346,12.36579237405441,"{'bias_segment_0_end': {'mean': 0.5910867409508865, 'abs_mean': 0.7112143807808456, 'std': 0.5828629666332346}}"
1,584,-8.0,False,0.0,0.11166666666666668,6,3,3,8,0,30,11,0.36666666666666664,21,18.343104003075698,18.343104003075698,3.447519105409496,3.285467254704107,3.285467254704107,0.6174915177327936,-5.583103583458999,"{'bias_segment_0_end': {'mean': 3.285467254704107, 'abs_mean': 3.285467254704107, 'std': 0.6174915177327936}}"
1,585,13.0,True,0.28294573643410853,0.0,4,6,9,9,1,21,17,0.8095238095238095,12,7.071439720520275,7.071439720520275,2.1173460133881696,1.233593301605195,1.233593301605195,0.3693652159286084,5.732391470769717,"{'bias_segment_0_end': {'mean': 1.233593301605195, 'abs_mean': 1.233593301605195, 'std': 0.3693652159286084}}"
1,586,-3.0,False,0.0,0.04833333333333333,6,2,3,8,0,25,11,0.44,16,17.59614524451389,17.59614524451389,2.241788460402078,3.868820062655963,3.868820062655963,0.4928963731154848,-4.5481942710031475,"{'bias_segment_0_end': {'mean': 3.868820062655963, 'abs_mean': 3.868820062655963, 'std': 0.4928963731154848}}"
1,587,-13.0,False,0.0,0.12833333333333333,6,2,6,8,0,33,10,0.30303030303030304,26,20.701291496941437,20.701291496941437,5.568784515043148,3.266356787272962,3.266356787272962,0.8786716084964664,-6.337731253855054,"{'bias_segment_0_end': {'mean': 3.266356787272962, 'abs_mean': 3.266356787272962, 'std': 0.8786716084964664}}"
1,588,-2.0,False,0.0,0.14333333333333334,6,4,0,7,0,24,11,0.4583333333333333,15,17.90985316501109,17.90985316501109,1.797474098280928,3.8133661253443307,3.8133661253443307,0.3827182040196304,-4.696599428515117,"{'bias_segment_0_end': {'mean': 3.8133661253443307, 'abs_mean': 3.8133661253443307, 'std': 0.3827182040196304}}"
1,589,-8.0,False,0.0,0.051666666666666666,6,4,7,7,1,32,12,0.375,24,14.458174555721929,14.458174555721929,4.866475026907532,7.5098764789883905,7.5098764789883905,2.527748312852792,-1.925221352997473,"{'bias_segment_0_end': {'mean': 7.5098764789883905, 'abs_mean': 7.5098764789883905, 'std': 2.527748312852792}}"
1,590,15.0,True,0.6165311653116531,0.0,2,6,6,6,1,19,17,0.8947368421052632,12,4.58664434469233,4.7625000573317,3.337884302550678,0.5730855001191143,0.5950580690503328,0.4170572102632283,8.00342068284577,"{'bias_segment_0_end': {'mean': 0.5730855001191143, 'abs_mean': 0.5950580690503328, 'std': 0.4170572102632283}}"
1,591,3.0,False,0.0,0.09166666666666667,6,4,6,6,1,27,15,0.5555555555555556,18,10.749143859719359,10.749143859719359,3.169669089004436,3.6488750180954987,3.6488750180954987,1.0759672124064181,2.9458788822341715,"{'bias_segment_0_end': {'mean': 3.6488750180954987, 'abs_mean': 3.6488750180954987, 'std': 1.0759672124064181}}"
1,592,6.0,False,0.0,0.12166666666666666,6,5,6,7,0,68,37,0.5441176470588235,58,9.585057819890105,9.844122041233398,5.345252254284581,1.9689833995399848,2.022200934668588,1.098033329877262,4.868023682743831,"{'bias_segment_0_end': {'mean': 1.9689833995399848, 'abs_mean': 2.022200934668588, 'std': 1.098033329877262}}"
1,593,-23.0,True,0.18765160740982764,0.0,4,6,3,6,0,49,13,0.2653061224489796,37,26.294438796008095,26.294438796008095,6.651219569762493,1.9444460887879613,1.9444460887879613,0.4918506904987852,-13.52284280218759,"{'bias_segment_0_end': {'mean': 1.9444460887879613, 'abs_mean': 1.9444460887879613, 'std': 0.4918506904987852}}"
1,594,2.0,True,0.2689161554192229,0.0,4,6,3,6,0,26,14,0.5384615384615384,19,13.334058725302931,13.334058725302931,2.682354016630693,9.595128477312166,9.595128477312166,1.930209843936405,-1.3896696387996812,"{'bias_segment_0_end': {'mean': 9.595128477312166, 'abs_mean': 9.595128477312166, 'std': 1.930209843936405}}"
1,595,15.0,True,0.3658008658008658,0.0,3,6,9,9,1,21,18,0.8571428571428571,13,5.644661683611504,6.002567486074559,4.386672508176512,0.7913220475378421,0.841496667082008,0.6149652300910353,7.1332041122506045,"{'bias_segment_0_end': {'mean': 0.7913220475378421, 'abs_mean': 0.841496667082008, 'std': 0.6149652300910353}}"
1,596,2.0,True,0.0005931198102016607,0.0,6,6,6,6,1,32,17,0.53125,22,11.216612881617412,11.216612881617412,3.871610353734195,3.6634287873361444,3.6634287873361444,1.2644965974053755,3.0617799697352797,"{'bias_segment_0_end': {'mean': 3.6634287873361444, 'abs_mean': 3.6634287873361444, 'std': 1.2644965974053755}}"
1,597,1.0,False,0.0,0.16666666666666666,6,5,3,8,0,57,29,0.5087719298245614,47,16.760681032374332,16.760681032374332,4.843963816543212,4.07204471095856,4.07204471095856,1.176851775958843,-4.116035609154416,"{'bias_segment_0_end': {'mean': 4.07204471095856, 'abs_mean': 4.07204471095856, 'std': 1.176851775958843}}"
1,598,2.0,True,0.0557742782152231,0.0,5,6,6,6,1,38,20,0.5263157894736842,28,14.499953951558046,14.499953951558046,3.474825770744781,50.85891974359571,50.85891974359571,12.18803077497342,-0.2851014930057361,"{'bias_segment_0_end': {'mean': 50.85891974359571, 'abs_mean': 50.85891974359571, 'std': 12.18803077497342}}"
1,599,10.0,False,0.0,0.10333333333333333,6,4,3,8,0,24,17,0.7083333333333334,16,11.581197285349825,11.581197285349825,2.752632413589035,5.676635717310448,5.676635717310448,1.349229366412092,2.040151572529815,"{'bias_segment_0_end': {'mean': 5.676635717310448, 'abs_mean': 5.676635717310448, 'std': 1.349229366412092}}"
1,600,16.0,True,0.47749318801089924,0.0,2,6,8,8,1,24,20,0.8333333333333334,16,5.749431581994607,5.749431581994607,3.063432070129545,0.7212993918378928,0.7212993918378928,0.38432524287115005,7.970936405956035,"{'bias_segment_0_end': {'mean': 0.7212993918378928, 'abs_mean': 0.7212993918378928, 'std': 0.38432524287115005}}"
1,601,17.0,True,0.019791666666666666,0.0,5,6,8,8,1,47,32,0.6808510638297872,36,3.782386820529959,4.815999069149372,5.1059004088189415,0.4069327415634945,0.5181351875326178,0.5493245799803574,9.294869727113824,"{'bias_segment_0_end': {'mean': 0.4069327415634945, 'abs_mean': 0.5181351875326178, 'std': 0.5493245799803574}}"
1,602,9.0,True,0.5032051282051282,0.0,2,6,6,6,1,19,14,0.7368421052631579,13,9.480820194574676,9.480820194574676,2.486222145233015,1.7909533267661901,1.7909533267661901,0.4696542841971488,5.2937282356171655,"{'bias_segment_0_end': {'mean': 1.7909533267661901, 'abs_mean': 1.7909533267661901, 'std': 0.4696542841971488}}"
1,603,-6.0,False,0.0,0.16666666666666666,6,1,6,9,0,44,19,0.4318181818181818,38,20.53665544208836,20.53665544208836,5.756330502568144,2.6363256926813454,2.6363256926813454,0.7389500224259752,-7.789877972626746,"{'bias_segment_0_end': {'mean': 2.6363256926813454, 'abs_mean': 2.6363256926813454, 'std': 0.7389500224259752}}"
1,604,8.0,False,0.0,0.10333333333333333,6,4,6,6,1,30,19,0.6333333333333333,21,8.863706670027645,8.863706670027645,3.3228789885578935,2.033478325046482,2.033478325046482,0.7623224291518415,4.358889180598981,"{'bias_segment_0_end': {'mean': 2.033478325046482, 'abs_mean': 2.033478325046482, 'std': 0.7623224291518415}}"
1,605,7.0,True,0.16666666666666666,0.0,5,6,6,8,0,29,18,0.6206896551724138,19,13.226296498298463,13.226296498298463,1.5872508197550876,11.934829781518259,11.934829781518259,1.4322655141436862,1.1082098982911437,"{'bias_segment_0_end': {'mean': 11.934829781518259, 'abs_mean': 11.934829781518259, 'std': 1.4322655141436862}}"
1,606,-7.0,False,0.0,0.15666666666666665,6,5,7,7,1,41,17,0.4146341463414634,31,14.271621962545282,14.271621962545282,5.295797411953218,38.8729910570111,38.8729910570111,14.424673381545,0.36713464990678313,"{'bias_segment_0_end': {'mean': 38.8729910570111, 'abs_mean': 38.8729910570111, 'std': 14.424673381545}}"
1,607,0.0,False,0.0,0.05833333333333333,6,1,6,9,0,22,11,0.5,16,16.55559732909002,16.55559732909002,2.3397633375712688,4.952779173161253,4.952779173161253,0.699964543598029,-3.3426883675338455,"{'bias_segment_0_end': {'mean': 4.952779173161253, 'abs_mean': 4.952779173161253, 'std': 0.699964543598029}}"
1,608,20.0,True,0.17206477732793524,0.0,4,6,6,9,0,40,30,0.75,28,7.937160305575247,9.214807807873589,7.629237660219908,2.114229744666644,2.4545580546115477,2.032208065526637,3.754161687298898,"{'bias_segment_0_end': {'mean': 2.114229744666644, 'abs_mean': 2.4545580546115477, 'std': 2.032208065526637}}"
1,609,5.0,True,0.47185430463576156,0.0,3,6,3,6,0,29,17,0.5862068965517241,22,11.61199721282531,11.61199721282531,2.717917779788371,3.261213242131717,3.261213242131717,0.7633234224928345,3.5606372078984436,"{'bias_segment_0_end': {'mean': 3.261213242131717, 'abs_mean': 3.261213242131717, 'std': 0.7633234224928345}}"
1,610,13.0,False,0.0,0.135,6,5,6,7,0,35,24,0.6857142857142857,25,8.104849013213947,8.252918156790653,5.368626653208639,1.3459603888527993,1.3705500143647218,0.8915599545379782,6.021610353720693,"{'bias_segment_0_end': {'mean': 1.3459603888527993, 'abs_mean': 1.3705500143647218, 'std': 0.8915599545379782}}"
1,611,-1.0,False,0.0,0.056666666666666664,6,3,4,9,0,51,25,0.49019607843137253,28,21.30459709824745,21.30459709824745,4.861539650112638,2.687851724629214,2.687851724629214,0.6133463905770593,-7.926254600664918,"{'bias_segment_0_end': {'mean': 2.687851724629214, 'abs_mean': 2.687851724629214, 'std': 0.6133463905770593}}"
1,612,-5.0,False,0.0,0.16666666666666666,6,3,6,9,0,31,13,0.41935483870967744,22,19.245104847408264,19.245104847408264,2.795090161264662,3.263595507928186,3.263595507928186,0.47399293310610796,-5.896902603480279,"{'bias_segment_0_end': {'mean': 3.263595507928186, 'abs_mean': 3.263595507928186, 'std': 0.47399293310610796}}"
1,613,-1.0,False,0.0,0.085,6,1,2,7,0,49,24,0.4897959183673469,43,18.657881748563426,18.657881748563426,6.784538910849409,8.695341326662847,8.695341326662847,3.1618745562262602,-2.1457331055368773,"{'bias_segment_0_end': {'mean': 8.695341326662847, 'abs_mean': 8.695341326662847, 'std': 3.1618745562262602}}"
1,614,-1.0,False,0.0,0.16666666666666666,6,4,6,6,1,29,14,0.4827586206896552,20,15.742852246830756,15.742852246830756,2.238457021572848,7.377299218881793,7.377299218881793,1.048969206966563,-2.1339587537045794,"{'bias_segment_0_end': {'mean': 7.377299218881793, 'abs_mean': 7.377299218881793, 'std': 1.048969206966563}}"
1,615,4.0,True,0.15719063545150502,0.0,5,6,8,8,1,32,18,0.5625,22,11.872830029895612,11.872830029895612,2.094066470043032,9.578454791436874,9.578454791436874,1.6893967961358352,1.239535007307223,"{'bias_segment_0_end': {'mean': 9.578454791436874, 'abs_mean': 9.578454791436874, 'std': 1.6893967961358352}}"
1,616,3.0,False,0.0,0.14166666666666666,6,4,8,7,0,37,20,0.5405405405405406,28,16.955829836467817,16.955829836467817,3.805148493841262,6.01905558587598,6.01905558587598,1.3507684682989236,-2.8170249625631527,"{'bias_segment_0_end': {'mean': 6.01905558587598, 'abs_mean': 6.01905558587598, 'std': 1.3507684682989236}}"
1,617,-1.0,False,0.0,0.06666666666666667,6,5,3,6,0,41,20,0.4878048780487805,31,21.373375537652475,21.373375537652475,3.5136887990392958,2.7090779164430363,2.7090779164430363,0.4453604772892183,-7.88953887517391,"{'bias_segment_0_end': {'mean': 2.7090779164430363, 'abs_mean': 2.7090779164430363, 'std': 0.4453604772892183}}"
1,618,-3.0,False,0.0,0.008333333333333333,6,5,8,8,1,33,15,0.45454545454545453,23,16.453028555779163,16.453028555779163,2.808542718179619,4.290076738769077,4.290076738769077,0.7323189006968246,-3.8351361893120632,"{'bias_segment_0_end': {'mean': 4.290076738769077, 'abs_mean': 4.290076738769077, 'std': 0.7323189006968246}}"
1,619,-8.0,False,0.0,0.06833333333333333,6,5,6,8,0,30,11,0.36666666666666664,21,19.92653406641464,19.92653406641464,3.7127854635124997,2.5362289110606984,2.5362289110606984,0.47255954305658104,-7.856756927386726,"{'bias_segment_0_end': {'mean': 2.5362289110606984, 'abs_mean': 2.5362289110606984, 'std': 0.47255954305658104}}"
1,620,0.0,False,0.0,0.135,6,4,6,6,1,24,12,0.5,15,14.823085141602087,14.823085141602087,2.8142051003871127,7.8956546244210415,7.8956546244210415,1.499012607880038,-1.8773725354899258,"{'bias_segment_0_end': {'mean': 7.8956546244210415, 'abs_mean': 7.8956546244210415, 'std': 1.499012607880038}}"
1,621,3.0,False,0.0,0.16666666666666666,6,5,6,9,0,33,18,0.5454545454545454,23,12.917165003459722,12.917165003459722,2.3507496909660888,19.107192790347597,19.107192790347597,3.47725120296201,-0.676036775532254,"{'bias_segment_0_end': {'mean': 19.107192790347597, 'abs_mean': 19.107192790347597, 'std': 3.47725120296201}}"
1,622,-7.0,False,0.0,0.085,6,5,6,9,0,33,13,0.3939393939393939,23,19.812130495363466,19.812130495363466,3.9403168910326434,3.0726322754903586,3.0726322754903586,0.6110975726653981,-6.447934122608819,"{'bias_segment_0_end': {'mean': 3.0726322754903586, 'abs_mean': 3.0726322754903586, 'std': 0.6110975726653981}}"
1,623,-5.0,True,0.16666666666666666,0.0,5,6,6,7,0,27,11,0.4074074074074074,17,15.385350846387917,15.385350846387917,3.075772902968716,5.921307261671154,5.921307261671154,1.1837621778950764,-2.598303071684504,"{'bias_segment_0_end': {'mean': 5.921307261671154, 'abs_mean': 5.921307261671154, 'std': 1.1837621778950764}}"
1,624,-1.0,True,0.0,0.0,6,6,3,6,0,35,17,0.4857142857142857,25,14.06295989955341,14.06295989955341,2.5356053875360356,10.243812828293011,10.243812828293011,1.8469985822227486,-1.3728247611779927,"{'bias_segment_0_end': {'mean': 10.243812828293011, 'abs_mean': 10.243812828293011, 'std': 1.8469985822227486}}"
1,625,-8.0,False,0.0,0.11666666666666665,6,3,3,7,0,28,10,0.35714285714285715,19,20.05925178287655,20.05925178287655,3.844322472916924,2.657141946302757,2.657141946302757,0.5092368652863609,-7.549183366281097,"{'bias_segment_0_end': {'mean': 2.657141946302757, 'abs_mean': 2.657141946302757, 'std': 0.5092368652863609}}"
1,626,2.0,True,0.3573232323232323,0.0,3,6,7,7,1,26,14,0.5384615384615384,18,11.20564807089729,11.20564807089729,2.9859030229109806,3.0057375347475253,3.0057375347475253,0.8009211724566481,3.7280860159463454,"{'bias_segment_0_end': {'mean': 3.0057375347475253, 'abs_mean': 3.0057375347475253, 'std': 0.8009211724566481}}"
1,627,-13.0,False,0.0,0.023333333333333334,6,4,3,7,0,37,12,0.32432432432432434,28,19.688172297398932,19.688172297398932,4.2199737246651265,2.4225103294349615,2.4225103294349615,0.5192422020451326,-8.127177852732252,"{'bias_segment_0_end': {'mean': 2.4225103294349615, 'abs_mean': 2.4225103294349615, 'std': 0.5192422020451326}}"
1,628,-12.0,True,0.6666666666666666,0.0,2,6,9,0,0,48,18,0.375,41,26.96847054801418,26.96847054801418,4.970962218590253,2.9723378216055365,2.9723378216055365,0.5478760460583835,-9.073151225269173,"{'bias_segment_0_end': {'mean': 2.9723378216055365, 'abs_mean': 2.9723378216055365, 'std': 0.5478760460583835}}"
1,629,-11.0,True,0.015503875968992248,0.0,5,6,6,7,0,35,12,0.34285714285714286,25,19.962916922205967,19.962916922205967,4.380082838130382,2.667614784635017,2.667614784635017,0.5853039304053543,-7.483433154287789,"{'bias_segment_0_end': {'mean': 2.667614784635017, 'abs_mean': 2.667614784635017, 'std': 0.5853039304053543}}"
1,630,-8.0,False,0.0,0.14333333333333334,6,3,6,8,0,34,13,0.38235294117647056,26,15.18472089380001,15.18472089380001,2.8369387696553194,5.596990708998797,5.596990708998797,1.0456774310710244,-2.7130152046502656,"{'bias_segment_0_end': {'mean': 5.596990708998797, 'abs_mean': 5.596990708998797, 'std': 1.0456774310710244}}"
1,631,21.0,True,0.16666666666666666,0.0,5,6,7,7,1,35,28,0.8,26,3.971648782536566,4.856666355921605,4.107804417823581,0.4042434596487813,0.49432256414770576,0.4181016903415637,9.824893112648633,"{'bias_segment_0_end': {'mean': 0.4042434596487813, 'abs_mean': 0.49432256414770576, 'std': 0.4181016903415637}}"
1,632,4.0,True,0.11155913978494623,0.0,5,6,3,8,0,24,14,0.5833333333333334,15,12.685150051554055,12.685150051554055,1.8035556536632358,27.228609108233638,27.228609108233638,3.871322901105518,0.46587580001353074,"{'bias_segment_0_end': {'mean': 27.228609108233638, 'abs_mean': 27.228609108233638, 'std': 3.871322901105518}}"
1,633,1.0,False,0.0,0.065,6,5,4,7,0,49,25,0.5102040816326531,39,17.991353879122872,17.991353879122872,3.668614005803463,4.30968994546312,4.30968994546312,0.8787881668506858,-4.174628362317029,"{'bias_segment_0_end': {'mean': 4.30968994546312, 'abs_mean': 4.30968994546312, 'std': 0.8787881668506858}}"
1,634,1.0,True,0.2853881278538813,0.0,4,6,6,0,0,29,15,0.5172413793103449,20,13.273200013507331,13.273200013507331,2.5072215181890054,23.18648598085787,23.18648598085787,4.379777033664486,0.5724541452493199,"{'bias_segment_0_end': {'mean': 23.18648598085787, 'abs_mean': 23.18648598085787, 'std': 4.379777033664486}}"
1,635,-3.0,True,0.3333333333333333,0.0,4,6,9,7,0,29,13,0.4482758620689655,20,15.361859750661942,15.361859750661942,2.8917266952061333,4.8672018739272955,4.8672018739272955,0.9162053174705233,-3.156199423934437,"{'bias_segment_0_end': {'mean': 4.8672018739272955, 'abs_mean': 4.8672018739272955, 'std': 0.9162053174705233}}"
1,636,15.0,True,0.1787003610108303,0.0,4,6,7,7,1,23,19,0.8260869565217391,15,5.786372138875599,5.939193480487163,3.8278681117188964,0.7913402865271126,0.8122400284303102,0.5234966185400323,7.312116212697516,"{'bias_segment_0_end': {'mean': 0.7913402865271126, 'abs_mean': 0.8122400284303102, 'std': 0.5234966185400323}}"
1,637,4.0,True,0.0318287037037037,0.0,5,6,3,6,0,28,16,0.5714285714285714,18,12.523341888731817,12.523341888731817,2.748310364944492,24.699543704661636,24.699543704661636,5.420439094935158,0.5070272567977943,"{'bias_segment_0_end': {'mean': 24.699543704661636, 'abs_mean': 24.699543704661636, 'std': 5.420439094935158}}"
1,638,11.0,False,0.0,0.0033333333333333335,6,5,6,6,1,29,20,0.6896551724137931,20,10.08161690580423,10.08161690580423,2.3225040940733788,3.2749656118914285,3.2749656118914285,0.7544544801328786,3.0783886307684547,"{'bias_segment_0_end': {'mean': 3.2749656118914285, 'abs_mean': 3.2749656118914285, 'std': 0.7544544801328786}}"
1,639,-9.0,False,0.0,0.125,6,5,8,8,1,31,11,0.3548387096774194,21,17.65551988410375,17.65551988410375,4.158480477673201,4.039234981162711,4.039234981162711,0.9513783748176772,-4.371005887610315,"{'bias_segment_0_end': {'mean': 4.039234981162711, 'abs_mean': 4.039234981162711, 'std': 0.9513783748176772}}"
1,640,-16.0,False,0.0,0.09999999999999999,6,3,7,9,0,34,9,0.2647058823529412,26,23.598782805049428,23.598782805049428,4.603859142394442,2.119969113026649,2.119969113026649,0.41358231325868294,-11.13166350398275,"{'bias_segment_0_end': {'mean': 2.119969113026649, 'abs_mean': 2.119969113026649, 'std': 0.41358231325868294}}"
1,641,-3.0,True,0.4834558823529412,0.0,3,6,7,7,1,31,14,0.45161290322580644,23,14.939113879293576,14.939113879293576,3.6760839330838397,256.59335183152206,256.59335183152206,63.140204005767366,0.058220970156321605,"{'bias_segment_0_end': {'mean': 256.59335183152206, 'abs_mean': 256.59335183152206, 'std': 63.140204005767366}}"
1,642,3.0,False,0.0,0.16666666666666666,6,3,6,8,0,25,14,0.56,17,12.581215780765172,12.581215780765172,2.633389164157777,39.61404441810417,39.61404441810417,8.291662517909366,-0.3175948319736669,"{'bias_segment_0_end': {'mean': 39.61404441810417, 'abs_mean': 39.61404441810417, 'std': 8.291662517909366}}"
1,643,-16.0,False,0.0,0.16666666666666666,6,5,4,7,0,46,15,0.32608695652173914,37,26.877313659571808,26.877313659571808,6.071812292807069,1.9611922687617036,1.9611922687617036,0.4430499073252699,-13.704578631926859,"{'bias_segment_0_end': {'mean': 1.9611922687617036, 'abs_mean': 1.9611922687617036, 'std': 0.4430499073252699}}"
1,644,9.0,True,0.13143631436314362,0.0,5,6,6,6,1,27,18,0.6666666666666666,17,12.759588189066527,12.759588189066527,3.661650841364006,128.73931567074112,128.73931567074112,36.94464245690381,-0.09911182238765331,"{'bias_segment_0_end': {'mean': 128.73931567074112, 'abs_mean': 128.73931567074112, 'std': 36.94464245690381}}"
1,645,0.0,False,0.0,0.09833333333333333,6,4,6,8,0,32,16,0.5,23,19.112827976757075,19.112827976757075,3.302250128842076,3.1090564656196906,3.1090564656196906,0.5371723183327642,-6.147468914800665,"{'bias_segment_0_end': {'mean': 3.1090564656196906, 'abs_mean': 3.1090564656196906, 'std': 0.5371723183327642}}"
1,646,1.0,True,0.22924411400247832,0.0,4,6,7,6,0,27,14,0.5185185185185185,19,11.794695658588521,11.794695658588521,2.8193365960650327,6.826613256397724,6.826613256397724,1.6317945912347545,1.7277521393986748,"{'bias_segment_0_end': {'mean': 6.826613256397724, 'abs_mean': 6.826613256397724, 'std': 1.6317945912347545}}"
1,647,-3.0,True,0.40673289183222955,0.0,3,6,6,6,1,29,13,0.4482758620689655,21,15.433196059993675,15.433196059993675,4.816591092136751,37.214255023639154,37.214255023639154,11.614305199686495,-0.41471194439308906,"{'bias_segment_0_end': {'mean': 37.214255023639154, 'abs_mean': 37.214255023639154, 'std': 11.614305199686495}}"
1,648,-5.0,False,0.0,0.02666666666666667,6,5,7,9,0,31,13,0.41935483870967744,22,17.69485306778418,17.69485306778418,2.9357917609005986,5.1848987806454865,5.1848987806454865,0.8602378930761426,-3.4127673106824434,"{'bias_segment_0_end': {'mean': 5.1848987806454865, 'abs_mean': 5.1848987806454865, 'std': 0.8602378930761426}}"
1,649,0.0,True,0.6781214203894615,0.0,1,6,7,7,1,28,14,0.5,22,17.828923886461702,17.828923886461702,4.005424340786345,22.1467070122958,22.1467070122958,4.975452242671379,-0.8050372399184731,"{'bias_segment_0_end': {'mean': 22.1467070122958, 'abs_mean': 22.1467070122958, 'std': 4.975452242671379}}"
1,650,5.0,False,0.0,0.03666666666666667,6,4,6,7,0,29,17,0.5862068965517241,18,13.071508386385029,13.071508386385029,3.5348308969370437,100.5790662204603,100.5790662204603,27.198849616427704,0.12996251484114454,"{'bias_segment_0_end': {'mean': 100.5790662204603, 'abs_mean': 100.5790662204603, 'std': 27.198849616427704}}"
1,651,14.0,False,0.0,0.05833333333333333,6,5,6,6,1,22,18,0.8181818181818182,13,7.748447355525639,7.748447355525639,3.6250352447140357,1.3673152648546074,1.3673152648546074,0.6396850618335542,5.666906202754611,"{'bias_segment_0_end': {'mean': 1.3673152648546074, 'abs_mean': 1.3673152648546074, 'std': 0.6396850618335542}}"
1,652,-6.0,False,0.0,0.041666666666666664,6,3,3,9,0,28,11,0.39285714285714285,20,17.68847048068032,17.68847048068032,2.941345471606189,4.055109965323507,4.055109965323507,0.6743081232714182,-4.362019928421146,"{'bias_segment_0_end': {'mean': 4.055109965323507, 'abs_mean': 4.055109965323507, 'std': 0.6743081232714182}}"
1,653,19.0,True,0.517220172201722,0.0,2,6,9,6,0,21,20,0.9523809523809523,14,6.401508585859861,6.401508585859861,4.073965526505318,0.7541687091334927,0.7541687091334927,0.47995832247504,8.488165192129117,"{'bias_segment_0_end': {'mean': 0.7541687091334927, 'abs_mean': 0.7541687091334927, 'std': 0.47995832247504}}"
1,654,-6.0,True,0.08701472556894245,0.0,5,6,6,8,0,34,14,0.4117647058823529,24,20.760681082763714,20.760681082763714,4.076669317723621,2.821225954574442,2.821225954574442,0.5539897868248594,-7.358744537672201,"{'bias_segment_0_end': {'mean': 2.821225954574442, 'abs_mean': 2.821225954574442, 'std': 0.5539897868248594}}"
1,655,-5.0,False,0.0,0.15166666666666667,6,3,3,6,0,23,9,0.391304347826087,15,16.766815810244225,16.766815810244225,2.5415328737903384,4.645505153321251,4.645505153321251,0.7041709168961408,-3.609255669053985,"{'bias_segment_0_end': {'mean': 4.645505153321251, 'abs_mean': 4.645505153321251, 'std': 0.7041709168961408}}"
1,656,-17.0,True,0.16606945118385527,0.0,4,6,7,7,1,53,18,0.33962264150943394,44,24.23096683705605,24.23096683705605,6.437725772914211,1.9863780040396777,1.9863780040396777,0.5277443924276268,-12.198567839443335,"{'bias_segment_0_end': {'mean': 1.9863780040396777, 'abs_mean': 1.9863780040396777, 'std': 0.5277443924276268}}"
1,657,5.0,False,0.0,0.018333333333333333,6,2,6,9,0,19,12,0.631578947368421,12,13.403563190824638,13.403563190824638,1.7149160648008375,63.35854140576746,63.35854140576746,8.106395213884527,-0.21155100628002343,"{'bias_segment_0_end': {'mean': 63.35854140576746, 'abs_mean': 63.35854140576746, 'std': 8.106395213884527}}"
1,658,-4.0,True,0.03767123287671233,0.0,5,6,6,7,0,32,14,0.4375,21,16.5987565563928,16.5987565563928,3.0156530151306455,4.952972945837339,4.952972945837339,0.8998534165634416,-3.351271395565164,"{'bias_segment_0_end': {'mean': 4.952972945837339, 'abs_mean': 4.952972945837339, 'std': 0.8998534165634416}}"
1,659,4.0,True,0.0,0.0,6,6,7,7,1,34,19,0.5588235294117647,24,10.297256317655089,10.297256317655089,2.4099092141439424,2.8089168944140877,2.8089168944140877,0.6573823644660524,3.6659170437304787,"{'bias_segment_0_end': {'mean': 2.8089168944140877, 'abs_mean': 2.8089168944140877, 'std': 0.6573823644660524}}"
1,660,5.0,False,0.0,0.09000000000000001,6,4,6,6,1,27,16,0.5925925925925926,17,13.352144660551764,13.352144660551764,2.212458388685217,47.097622702946786,47.097622702946786,7.804104365654764,0.2834993338149178,"{'bias_segment_0_end': {'mean': 47.097622702946786, 'abs_mean': 47.097622702946786, 'std': 7.804104365654764}}"
1,661,1.0,False,0.0,0.028333333333333335,6,5,0,8,0,33,17,0.5151515151515151,24,16.510989476038823,16.510989476038823,2.9447792449749906,6.640386710513416,6.640386710513416,1.1843307750941043,-2.4864499909166042,"{'bias_segment_0_end': {'mean': 6.640386710513416, 'abs_mean': 6.640386710513416, 'std': 1.1843307750941043}}"
1,662,-13.0,False,0.0,0.16666666666666666,6,2,0,9,0,29,8,0.27586206896551724,22,22.189788704419595,22.189788704419595,3.9980005232402736,2.253635943301309,2.253635943301309,0.4060443206796814,-9.846217074402084,"{'bias_segment_0_end': {'mean': 2.253635943301309, 'abs_mean': 2.253635943301309, 'std': 0.4060443206796814}}"
1,663,2.0,True,0.00787878787878788,0.0,5,6,8,8,1,28,15,0.5357142857142857,18,13.362468048441295,13.362468048441295,2.631816777985849,36.40729255693319,36.40729255693319,7.170630683270597,0.36702723850023344,"{'bias_segment_0_end': {'mean': 36.40729255693319, 'abs_mean': 36.40729255693319, 'std': 7.170630683270597}}"
1,664,3.0,True,0.16065975368300947,0.0,4,6,0,0,1,39,21,0.5384615384615384,24,15.956682278003159,15.956682278003159,3.9534608992064424,6.8314729044548,6.8314729044548,1.6925799825557553,-2.3357601649269246,"{'bias_segment_0_end': {'mean': 6.8314729044548, 'abs_mean': 6.8314729044548, 'std': 1.6925799825557553}}"
1,665,13.0,True,0.1396103896103896,0.0,5,6,6,6,1,33,23,0.696969696969697,23,9.52504221066903,9.52504221066903,2.790584856207488,2.653282690905737,2.653282690905737,0.7773414891731948,3.589908547369115,"{'bias_segment_0_end': {'mean': 2.653282690905737, 'abs_mean': 2.653282690905737, 'std': 0.7773414891731948}}"
1,666,4.0,True,0.26481481481481484,0.0,4,6,7,8,0,30,17,0.5666666666666667,21,15.759941700990396,15.759941700990396,2.8151507606245207,10.287504227529736,10.287504227529736,1.8376257920572345,-1.5319499610815432,"{'bias_segment_0_end': {'mean': 10.287504227529736, 'abs_mean': 10.287504227529736, 'std': 1.8376257920572345}}"
1,667,5.0,False,0.0,0.13666666666666666,6,3,6,9,0,25,15,0.6,17,14.023270111693082,14.023270111693082,1.782832552428464,15.857064371340343,15.857064371340343,2.0159699073047346,-0.8843547445666163,"{'bias_segment_0_end': {'mean': 15.857064371340343, 'abs_mean': 15.857064371340343, 'std': 2.0159699073047346}}"
1,668,-9.0,False,0.0,0.14333333333333334,6,5,3,8,0,37,14,0.3783783783783784,25,21.20599684893907,21.20599684893907,4.121219488637637,2.6746582521856466,2.6746582521856466,0.5197988942879822,-7.92848837103215,"{'bias_segment_0_end': {'mean': 2.6746582521856466, 'abs_mean': 2.6746582521856466, 'std': 0.5197988942879822}}"
1,669,11.0,True,0.09263754045307443,0.0,5,6,3,8,0,35,23,0.6571428571428571,25,8.72253953841613,8.752951295073093,3.9750472053253194,2.4839271727938934,2.4925875621678735,1.1319785623165997,3.511592301881023,"{'bias_segment_0_end': {'mean': 2.4839271727938934, 'abs_mean': 2.4925875621678735, 'std': 1.1319785623165997}}"
1,670,10.0,True,0.38499384993849944,0.0,3,6,6,6,1,24,17,0.7083333333333334,15,5.107780810073071,5.737582716838048,4.30830603794478,0.7380131718170824,0.8290120067536618,0.6224986393213745,6.9209886830299565,"{'bias_segment_0_end': {'mean': 0.7380131718170824, 'abs_mean': 0.8290120067536618, 'std': 0.6224986393213745}}"
1,671,5.0,False,0.0,0.07666666666666667,6,4,8,8,1,35,20,0.5714285714285714,26,14.742710281070705,14.742710281070705,2.5661964074355303,10.776327205057877,10.776327205057877,1.875786177150656,-1.3680644620879,"{'bias_segment_0_end': {'mean': 10.776327205057877, 'abs_mean': 10.776327205057877, 'std': 1.875786177150656}}"
1,672,16.0,True,0.5,0.0,3,6,7,7,1,20,18,0.9,13,4.312388599564541,4.809883604943925,4.239576297833096,0.5209135038406599,0.581008242617581,0.5121181667920784,8.27851182157804,"{'bias_segment_0_end': {'mean': 0.5209135038406599, 'abs_mean': 0.581008242617581, 'std': 0.5121181667920784}}"
1,673,-24.0,False,0.0,0.16666666666666666,6,4,6,7,0,52,14,0.2692307692307692,40,22.552707380334144,22.552707380334144,6.50689084780839,2.194827818845079,2.194827818845079,0.6332501373831374,-10.275387976539047,"{'bias_segment_0_end': {'mean': 2.194827818845079, 'abs_mean': 2.194827818845079, 'std': 0.6332501373831374}}"
1,674,23.0,True,0.07541191381495564,0.0,5,6,8,8,1,37,30,0.8108108108108109,25,5.638210190407927,7.45838490150141,6.886847318816407,0.8018249517566275,1.06067686586123,0.9793969775301518,7.031722046134647,"{'bias_segment_0_end': {'mean': 0.8018249517566275, 'abs_mean': 1.06067686586123, 'std': 0.9793969775301518}}"
1,675,-2.0,False,0.0,0.03,6,2,3,8,0,22,10,0.45454545454545453,15,15.434764607808377,15.434764607808377,3.3193529816929264,6.720647495396511,6.720647495396511,1.4453217700168806,-2.296618684193872,"{'bias_segment_0_end': {'mean': 6.720647495396511, 'abs_mean': 6.720647495396511, 'std': 1.4453217700168806}}"
1,676,3.0,True,0.3333333333333333,0.0,4,6,7,7,1,37,20,0.5405405405405406,28,14.066799494511162,14.066799494511162,3.6032172499324044,14.361616591985538,14.361616591985538,3.678734786925036,-0.9794718724325994,"{'bias_segment_0_end': {'mean': 14.361616591985538, 'abs_mean': 14.361616591985538, 'std': 3.678734786925036}}"
1,677,0.0,False,0.0,0.16666666666666666,6,5,6,6,1,30,15,0.5,20,15.110379353218073,15.110379353218073,2.8933953078744974,5.8995423027438125,5.8995423027438125,1.1296677348957957,-2.5612799396642,"{'bias_segment_0_end': {'mean': 5.8995423027438125, 'abs_mean': 5.8995423027438125, 'std': 1.1296677348957957}}"
1,678,11.0,True,0.5,0.0,3,6,9,8,0,35,23,0.6571428571428571,27,15.312766892225614,15.312766892225614,2.995479690866307,19.849498791574558,19.849498791574558,3.8829540684919897,0.7714435035873736,"{'bias_segment_0_end': {'mean': 19.849498791574558, 'abs_mean': 19.849498791574558, 'std': 3.8829540684919897}}"
1,679,-29.0,True,0.5339105339105339,0.0,2,6,6,6,1,65,18,0.27692307692307694,58,20.934171961809014,20.93464383467532,14.778477190382675,6.229559202847733,6.229699622060981,4.397756871080373,-3.3604579842887325,"{'bias_segment_0_end': {'mean': 6.229559202847733, 'abs_mean': 6.229699622060981, 'std': 4.397756871080373}}"
1,680,-18.0,False,0.0,0.16666666666666666,6,5,6,7,0,54,18,0.3333333333333333,42,26.8864266290315,26.8864266290315,5.934262296693334,2.144234838521752,2.144234838521752,0.47326675772362814,-12.538937501625128,"{'bias_segment_0_end': {'mean': 2.144234838521752, 'abs_mean': 2.144234838521752, 'std': 0.47326675772362814}}"
1,681,0.0,True,0.16666666666666666,0.0,5,6,3,6,0,32,16,0.5,23,10.85534383694872,10.85534383694872,4.705996184444996,7.469331810697415,7.469331810697415,3.238096142275307,1.453321945264492,"{'bias_segment_0_end': {'mean': 7.469331810697415, 'abs_mean': 7.469331810697415, 'std': 3.238096142275307}}"
1,682,-13.0,False,0.0,0.015,6,3,3,9,0,29,8,0.27586206896551724,22,20.42595996981207,20.42595996981207,4.1822897322856925,2.571917442845654,2.571917442845654,0.5266094680199659,-7.941918986020064,"{'bias_segment_0_end': {'mean': 2.571917442845654, 'abs_mean': 2.571917442845654, 'std': 0.5266094680199659}}"
1,683,7.0,True,0.3670256650389101,0.0,2,6,7,7,1,25,16,0.64,18,13.407484190285881,13.407484190285881,2.8322564736247235,7.3383827852490136,7.3383827852490136,1.5501925532395184,1.8270352722995664,"{'bias_segment_0_end': {'mean': 7.3383827852490136, 'abs_mean': 7.3383827852490136, 'std': 1.5501925532395184}}"
1,684,10.0,True,0.5188679245283019,0.0,2,6,6,6,1,20,15,0.75,13,6.592917509896902,6.6620309324772835,3.121341368032899,0.969336149512203,0.9794976810076463,0.4589211101853262,6.801476983206126,"{'bias_segment_0_end': {'mean': 0.969336149512203, 'abs_mean': 0.9794976810076463, 'std': 0.4589211101853262}}"
1,685,-6.0,False,0.0,0.135,6,5,6,7,0,34,14,0.4117647058823529,25,20.058576355667736,20.058576355667736,4.952391665723663,3.0103334760773315,3.0103334760773315,0.743240704306606,-6.663240639307981,"{'bias_segment_0_end': {'mean': 3.0103334760773315, 'abs_mean': 3.0103334760773315, 'std': 0.743240704306606}}"
1,686,-6.0,False,0.0,0.10666666666666667,6,5,8,9,0,32,13,0.40625,23,19.878208636203116,19.878208636203116,2.236892973208114,3.157379567406887,3.157379567406887,0.35529962972721724,-6.295793144860572,"{'bias_segment_0_end': {'mean': 3.157379567406887, 'abs_mean': 3.157379567406887, 'std': 0.35529962972721724}}"
1,687,-3.0,True,0.05090909090909091,0.0,5,6,8,6,0,39,18,0.46153846153846156,29,14.29555526364304,14.29555526364304,3.7168623501776343,22.81775407842068,22.81775407842068,5.9326447616474836,-0.6265101821376321,"{'bias_segment_0_end': {'mean': 22.81775407842068, 'abs_mean': 22.81775407842068, 'std': 5.9326447616474836}}"
1,688,22.0,True,0.46688382193268185,0.0,3,6,6,6,1,34,28,0.8235294117647058,26,3.012501506108446,4.4257723216335245,5.244315914500709,0.27515842966363946,0.4042449637287059,0.4790097959347217,10.948243562048974,"{'bias_segment_0_end': {'mean': 0.27515842966363946, 'abs_mean': 0.4042449637287059, 'std': 0.4790097959347217}}"
1,689,23.0,True,0.49343832020997375,0.0,3,6,9,9,1,31,27,0.8709677419354839,23,8.022316123218488,8.030732974114162,4.359148389205255,0.9574108031468099,0.9584152990869127,0.5202357643656097,8.379178610530408,"{'bias_segment_0_end': {'mean': 0.9574108031468099, 'abs_mean': 0.9584152990869127, 'std': 0.5202357643656097}}"
1,690,9.0,False,0.0,0.085,6,5,6,6,1,31,20,0.6451612903225806,20,10.946138068061618,10.946138068061618,4.212855068518722,6.6413280455077555,6.6413280455077555,2.5560569713485717,1.6481851209662302,"{'bias_segment_0_end': {'mean': 6.6413280455077555, 'abs_mean': 6.6413280455077555, 'std': 2.5560569713485717}}"
1,691,-4.0,True,0.2840909090909091,0.0,4,6,3,8,0,30,13,0.43333333333333335,21,18.876751077881472,18.876751077881472,3.69500160659297,3.487279581860335,3.487279581860335,0.6826123629246336,-5.413030597280481,"{'bias_segment_0_end': {'mean': 3.487279581860335, 'abs_mean': 3.487279581860335, 'std': 0.6826123629246336}}"
1,692,-31.0,True,0.19253910950661854,0.0,4,6,3,6,0,59,14,0.23728813559322035,50,29.09589263351464,29.09589263351464,8.760777608145622,1.834614128170594,1.834614128170594,0.5524025874068208,-15.859407265400234,"{'bias_segment_0_end': {'mean': 1.834614128170594, 'abs_mean': 1.834614128170594, 'std': 0.5524025874068208}}"
1,693,13.0,False,0.0,0.08666666666666667,6,4,6,9,0,27,20,0.7407407407407407,18,8.423800838367331,8.423800838367331,3.265266808535729,1.8713979369563487,1.8713979369563487,0.7253986278111176,4.5013413085555944,"{'bias_segment_0_end': {'mean': 1.8713979369563487, 'abs_mean': 1.8713979369563487, 'std': 0.7253986278111176}}"
1,694,9.0,True,0.36345966958211856,0.0,3,6,7,7,1,25,17,0.68,17,6.561452231651179,6.561452231651179,2.8534178035057525,1.0198492218187158,1.0198492218187158,0.44350790399592677,6.433747353309758,"{'bias_segment_0_end': {'mean': 1.0198492218187158, 'abs_mean': 1.0198492218187158, 'std': 0.44350790399592677}}"
1,695,-30.0,True,0.3333333333333333,0.0,4,6,7,7,1,80,25,0.3125,71,32.59786001083009,32.59786001083009,8.967031371073695,1.9776200445666974,1.9776200445666974,0.5440044522493843,-16.483378645149394,"{'bias_segment_0_end': {'mean': 1.9776200445666974, 'abs_mean': 1.9776200445666974, 'std': 0.5440044522493843}}"
1,696,-11.0,True,0.25735294117647056,0.0,4,6,6,7,0,39,14,0.358974358974359,31,16.803755198567266,16.803755198567266,6.549686029151065,4.59263668626972,4.59263668626972,1.7900956057484196,-3.658847051586785,"{'bias_segment_0_end': {'mean': 4.59263668626972, 'abs_mean': 4.59263668626972, 'std': 1.7900956057484196}}"
1,697,3.0,False,0.0,0.09499999999999999,6,3,7,7,1,25,14,0.56,17,13.568533485773292,13.568533485773292,2.349952329350306,26.675102019463207,26.675102019463207,4.619896335298176,-0.5086591037542483,"{'bias_segment_0_end': {'mean': 26.675102019463207, 'abs_mean': 26.675102019463207, 'std': 4.619896335298176}}"
1,698,4.0,False,0.0,0.016666666666666666,6,5,3,6,0,32,18,0.5625,21,15.366475826960382,15.366475826960382,3.5588975409771915,6.251032822660486,6.251032822660486,1.4477480452676257,-2.458229905825434,"{'bias_segment_0_end': {'mean': 6.251032822660486, 'abs_mean': 6.251032822660486, 'std': 1.4477480452676257}}"
1,699,-13.0,True,0.16666666666666666,0.0,5,6,6,6,1,51,19,0.37254901960784315,41,19.49732938278822,19.49732938278822,5.459263392711412,3.3610843555758882,3.3610843555758882,0.9411055443525806,-5.800904505845867,"{'bias_segment_0_end': {'mean': 3.3610843555758882, 'abs_mean': 3.3610843555758882, 'std': 0.9411055443525806}}"
1,700,13.0,False,0.0,0.11499999999999999,6,3,6,7,0,21,17,0.8095238095238095,13,8.86228635618618,8.86228635618618,2.9736305213350533,2.211079470899106,2.211079470899106,0.7419003556766606,4.008126561178033,"{'bias_segment_0_end': {'mean': 2.211079470899106, 'abs_mean': 2.211079470899106, 'std': 0.7419003556766606}}"
1,701,8.0,False,0.0,0.09833333333333333,6,2,7,7,1,18,13,0.7222222222222222,12,12.027047941842065,12.027047941842065,1.8972061251508479,6.656372807717287,6.656372807717287,1.0500092228080533,1.8068471056636293,"{'bias_segment_0_end': {'mean': 6.656372807717287, 'abs_mean': 6.656372807717287, 'std': 1.0500092228080533}}"
1,702,2.0,False,0.0,0.013333333333333334,6,3,6,6,1,20,11,0.55,13,12.280955162841156,12.280955162841156,2.204266578188862,26.844572539523483,26.844572539523483,4.818240378702657,0.45748372952334426,"{'bias_segment_0_end': {'mean': 26.844572539523483, 'abs_mean': 26.844572539523483, 'std': 4.818240378702657}}"
1,703,-10.0,False,0.0,0.03,6,5,3,6,0,42,16,0.38095238095238093,32,21.88786060313807,21.88786060313807,4.888325624520008,2.2789182210112573,2.2789182210112573,0.5089622297008656,-9.604495853047965,"{'bias_segment_0_end': {'mean': 2.2789182210112573, 'abs_mean': 2.2789182210112573, 'std': 0.5089622297008656}}"
1,704,9.0,False,0.0,0.0,6,4,7,8,0,21,15,0.7142857142857143,13,12.654369980711605,12.654369980711605,2.9601371707674575,18.239415039140543,18.239415039140543,4.2666028030404375,0.6937925341112194,"{'bias_segment_0_end': {'mean': 18.239415039140543, 'abs_mean': 18.239415039140543, 'std': 4.2666028030404375}}"
1,705,3.0,False,0.0,0.14666666666666667,6,5,3,7,0,31,17,0.5483870967741935,20,16.010082381203645,16.010082381203645,2.6461637914657596,4.70899390208058,4.70899390208058,0.778307622735785,-3.399894481521817,"{'bias_segment_0_end': {'mean': 4.70899390208058, 'abs_mean': 4.70899390208058, 'std': 0.778307622735785}}"
1,706,-3.0,False,0.0,0.0,6,4,6,6,1,39,18,0.46153846153846156,31,14.53926575299137,14.53926575299137,3.9209287747330173,7.521845537096551,7.521845537096551,2.0284807435637564,-1.9329386227470389,"{'bias_segment_0_end': {'mean': 7.521845537096551, 'abs_mean': 7.521845537096551, 'std': 2.0284807435637564}}"
1,707,-3.0,False,0.0,0.20833333333333334,6,3,7,7,1,35,16,0.45714285714285713,27,18.198945659481424,18.198945659481424,3.335452966898885,4.23851169583076,4.23851169583076,0.776822826751447,-4.293711322628397,"{'bias_segment_0_end': {'mean': 4.23851169583076, 'abs_mean': 4.23851169583076, 'std': 0.776822826751447}}"
1,708,-13.0,False,0.0,0.03166666666666667,6,3,3,7,0,21,4,0.19047619047619047,12,20.565827125673565,20.565827125673565,5.193688412431254,2.6635321750725764,2.6635321750725764,0.6726476941227905,-7.721261007524034,"{'bias_segment_0_end': {'mean': 2.6635321750725764, 'abs_mean': 2.6635321750725764, 'std': 0.6726476941227905}}"
1,709,7.0,True,0.3630573248407643,0.0,3,6,3,6,0,27,17,0.6296296296296297,19,9.58442291585749,9.618806047338317,4.07289836916528,3.1702013039575245,3.181574075089558,1.3471763333242956,3.023285273365058,"{'bias_segment_0_end': {'mean': 3.1702013039575245, 'abs_mean': 3.181574075089558, 'std': 1.3471763333242956}}"
1,710,-27.0,False,0.0,0.105,6,3,6,8,0,47,10,0.2127659574468085,39,27.736317716763867,27.736317716763867,7.090971466910805,1.9701696673487237,1.9701696673487237,0.5036867921259504,-14.078136607436907,"{'bias_segment_0_end': {'mean': 1.9701696673487237, 'abs_mean': 1.9701696673487237, 'std': 0.5036867921259504}}"
1,711,-5.0,True,0.16666666666666666,0.0,5,6,6,6,1,43,19,0.4418604651162791,32,12.175865564714915,12.184186674376438,5.997510795879905,5.916592341839307,5.920635800880252,2.9143576082044613,2.0579186229568367,"{'bias_segment_0_end': {'mean': 5.916592341839307, 'abs_mean': 5.920635800880252, 'std': 2.9143576082044613}}"
1,712,13.0,True,0.5022371364653244,0.0,2,6,8,8,1,19,16,0.8421052631578947,12,11.156734965154227,11.156734965154227,2.783827990212098,2.227270146711243,2.227270146711243,0.555748343538145,5.009152114586598,"{'bias_segment_0_end': {'mean': 2.227270146711243, 'abs_mean': 2.227270146711243, 'std': 0.555748343538145}}"
1,713,5.0,False,0.0,0.05333333333333334,6,1,6,8,0,23,14,0.6086956521739131,17,12.403223546543549,12.403223546543549,2.499740446965504,23.641713348134466,23.641713348134466,4.764740945781395,0.5246330231612536,"{'bias_segment_0_end': {'mean': 23.641713348134466, 'abs_mean': 23.641713348134466, 'std': 4.764740945781395}}"
1,714,-8.0,False,0.0,0.15166666666666667,6,4,8,7,0,32,12,0.375,23,19.65023314450746,19.65023314450746,2.809746034651918,3.12451686731306,3.12451686731306,0.44676817896126564,-6.289046908364349,"{'bias_segment_0_end': {'mean': 3.12451686731306, 'abs_mean': 3.12451686731306, 'std': 0.44676817896126564}}"
1,715,-7.0,True,0.14139590854392298,0.0,5,6,9,6,0,39,16,0.41025641025641024,29,19.36109467373794,19.36109467373794,4.386992245935209,2.6546158808782465,2.6546158808782465,0.601504175337052,-7.293369565517921,"{'bias_segment_0_end': {'mean': 2.6546158808782465, 'abs_mean': 2.6546158808782465, 'std': 0.601504175337052}}"
1,716,12.0,True,0.405011655011655,0.0,3,6,8,8,1,28,20,0.7142857142857143,20,9.562189001125969,9.562189001125969,3.3296359970236886,3.231796653740762,3.231796653740762,1.125339236872315,2.9587842385002348,"{'bias_segment_0_end': {'mean': 3.231796653740762, 'abs_mean': 3.231796653740762, 'std': 1.125339236872315}}"
1,717,-2.0,False,0.0,0.013333333333333334,6,1,6,6,1,20,9,0.45,14,14.429280752477192,14.429280752477192,2.4243909005447675,11.796034308808641,11.796034308808641,1.9819559083622287,-1.2232315009207952,"{'bias_segment_0_end': {'mean': 11.796034308808641, 'abs_mean': 11.796034308808641, 'std': 1.9819559083622287}}"
1,718,-1.0,False,0.0,0.11833333333333333,6,3,3,6,0,25,12,0.48,17,15.201690261903929,15.201690261903929,2.3199283979804104,6.877891339518212,6.877891339518212,1.0496342947309463,-2.2102254181539296,"{'bias_segment_0_end': {'mean': 6.877891339518212, 'abs_mean': 6.877891339518212, 'std': 1.0496342947309463}}"
1,719,13.0,True,0.7109471094710947,0.0,1,6,9,9,1,21,17,0.8095238095238095,15,11.9173134269045,11.9173134269045,3.702089059119291,2.8659669007770217,2.8659669007770217,0.8903067601806444,4.158217397302625,"{'bias_segment_0_end': {'mean': 2.8659669007770217, 'abs_mean': 2.8659669007770217, 'std': 0.8903067601806444}}"
1,720,1.0,True,0.42419522326064385,0.0,3,6,3,6,0,35,18,0.5142857142857142,27,18.564045482629556,18.564045482629556,5.08585190044724,6.4608734727734705,6.4608734727734705,1.7700369060612595,-2.8733027447232353,"{'bias_segment_0_end': {'mean': 6.4608734727734705, 'abs_mean': 6.4608734727734705, 'std': 1.7700369060612595}}"
1,721,-15.0,False,0.0,0.06666666666666667,6,5,8,9,0,33,9,0.2727272727272727,23,21.211057244997868,21.211057244997868,4.7005245597802485,2.53676995152018,2.53676995152018,0.5621666719345257,-8.361442957130174,"{'bias_segment_0_end': {'mean': 2.53676995152018, 'abs_mean': 2.53676995152018, 'std': 0.5621666719345257}}"
1,722,-25.0,False,0.0,0.13666666666666666,6,5,7,9,0,63,19,0.30158730158730157,53,32.53757007264723,32.53757007264723,8.423434603700862,1.7535431509774744,1.7535431509774744,0.4539630963236389,-18.55532899461862,"{'bias_segment_0_end': {'mean': 1.7535431509774744, 'abs_mean': 1.7535431509774744, 'std': 0.4539630963236389}}"
1,723,1.0,False,0.0,0.16666666666666666,6,3,3,8,0,39,20,0.5128205128205128,31,19.679258675055237,19.679258675055237,4.870632543147901,2.6736062419249653,2.6736062419249653,0.6617197214847093,-7.360567299127189,"{'bias_segment_0_end': {'mean': 2.6736062419249653, 'abs_mean': 2.6736062419249653, 'std': 0.6617197214847093}}"
1,724,14.0,False,0.0,0.08333333333333333,6,3,6,6,1,34,24,0.7058823529411765,22,9.973526032699514,9.973526032699514,1.9457689405104512,2.5532237484603284,2.5532237484603284,0.4981170602693159,3.906248341420862,"{'bias_segment_0_end': {'mean': 2.5532237484603284, 'abs_mean': 2.5532237484603284, 'std': 0.4981170602693159}}"
1,725,17.0,True,0.16666666666666666,0.0,5,6,6,8,0,31,24,0.7741935483870968,22,6.330910146887424,6.593215245027729,3.8480934408058376,0.9367290266599889,0.9755400022650877,0.569368501474459,6.758528845274481,"{'bias_segment_0_end': {'mean': 0.9367290266599889, 'abs_mean': 0.9755400022650877, 'std': 0.569368501474459}}"
1,726,-11.0,False,0.0,0.051666666666666666,6,4,6,9,0,39,14,0.358974358974359,30,22.24749791721283,22.24749791721283,5.056043471840601,2.59787303850144,2.59787303850144,0.5904016292467403,-8.563735635843887,"{'bias_segment_0_end': {'mean': 2.59787303850144, 'abs_mean': 2.59787303850144, 'std': 0.5904016292467403}}"
1,727,-10.0,True,0.050505050505050504,0.0,5,6,6,6,1,42,16,0.38095238095238093,32,15.230564941303545,15.230564941303545,6.225555875798017,12.973147472363873,12.973147472363873,5.3028272283678435,-1.174006922664569,"{'bias_segment_0_end': {'mean': 12.973147472363873, 'abs_mean': 12.973147472363873, 'std': 5.3028272283678435}}"
1,728,-12.0,False,0.0,0.049999999999999996,6,5,8,6,0,40,14,0.35,30,19.419778137509063,19.419778137509063,4.696622327534178,3.273360176984748,3.273360176984748,0.7916535598104293,-5.93267379314108,"{'bias_segment_0_end': {'mean': 3.273360176984748, 'abs_mean': 3.273360176984748, 'std': 0.7916535598104293}}"
1,729,-20.0,True,0.3811320754716981,0.0,3,6,8,6,0,48,14,0.2916666666666667,40,23.88951443305268,23.88951443305268,11.027193635711788,2.9590012592137085,2.9590012592137085,1.3658494376310801,-8.073506004320121,"{'bias_segment_0_end': {'mean': 2.9590012592137085, 'abs_mean': 2.9590012592137085, 'std': 1.3658494376310801}}"
1,730,7.0,True,0.2152777777777778,0.0,4,6,6,6,1,27,17,0.6296296296296297,18,8.148277913154345,8.148277913154345,2.5233505348130527,1.6686045461804853,1.6686045461804853,0.5167317829450502,4.8832888126825145,"{'bias_segment_0_end': {'mean': 1.6686045461804853, 'abs_mean': 1.6686045461804853, 'std': 0.5167317829450502}}"
1,731,0.0,False,0.0,0.018333333333333333,6,5,6,8,0,54,27,0.5,44,15.161485135226451,15.161485135226451,3.581387129255834,6.769805802181499,6.769805802181499,1.599137231692584,-2.2395746020278486,"{'bias_segment_0_end': {'mean': 6.769805802181499, 'abs_mean': 6.769805802181499, 'std': 1.599137231692584}}"
1,732,5.0,True,0.5251572327044025,0.0,2,6,6,6,1,31,18,0.5806451612903226,23,11.682733532621487,11.682733532621487,2.2455570125058966,2.5481437906230378,2.5481437906230378,0.48978281854409134,4.584801523215839,"{'bias_segment_0_end': {'mean': 2.5481437906230378, 'abs_mean': 2.5481437906230378, 'std': 0.48978281854409134}}"
1,733,3.0,False,0.0,0.07166666666666667,6,4,8,6,0,23,13,0.5652173913043478,14,11.974011885534221,11.974011885534221,2.3504204835460074,30.54852375185914,30.54852375185914,5.996476089622489,0.39196695666203835,"{'bias_segment_0_end': {'mean': 30.54852375185914, 'abs_mean': 30.54852375185914, 'std': 5.996476089622489}}"
1,734,3.0,True,0.16666666666666666,0.0,5,6,3,9,0,43,23,0.5348837209302325,33,17.07574957859106,17.07574957859106,3.692444294150762,4.265339234016798,4.265339234016798,0.9223330106110761,-4.00337432540162,"{'bias_segment_0_end': {'mean': 4.265339234016798, 'abs_mean': 4.265339234016798, 'std': 0.9223330106110761}}"
1,735,13.0,False,0.0,0.045000000000000005,6,5,6,6,1,31,22,0.7096774193548387,20,8.040177029008376,8.040177029008376,2.3589372016769445,1.506593014082036,1.506593014082036,0.4420248827709003,5.336661562782592,"{'bias_segment_0_end': {'mean': 1.506593014082036, 'abs_mean': 1.506593014082036, 'std': 0.4420248827709003}}"
1,736,-11.0,False,0.0,0.051666666666666666,6,5,6,7,0,49,19,0.3877551020408163,37,22.628926653868458,22.628926653868458,4.234615050061835,2.8401632286892555,2.8401632286892555,0.5314877783115577,-7.967473990680381,"{'bias_segment_0_end': {'mean': 2.8401632286892555, 'abs_mean': 2.8401632286892555, 'std': 0.5314877783115577}}"
1,737,7.0,True,0.2459546925566343,0.0,4,6,7,7,1,25,16,0.64,17,7.413986669679587,7.413986669679587,2.7544139394381717,1.2969410138349098,1.2969410138349098,0.48183420962238344,5.716518014768655,"{'bias_segment_0_end': {'mean': 1.2969410138349098, 'abs_mean': 1.2969410138349098, 'std': 0.48183420962238344}}"
1,738,4.0,False,0.0,0.07333333333333333,6,5,8,7,0,30,17,0.5666666666666667,20,14.624053376593093,14.624053376593093,2.981742437953502,10.297406616806347,10.297406616806347,2.0995693546454848,-1.4201685842652116,"{'bias_segment_0_end': {'mean': 10.297406616806347, 'abs_mean': 10.297406616806347, 'std': 2.0995693546454848}}"
1,739,-7.0,False,0.0,0.15833333333333333,6,4,6,6,1,31,12,0.3870967741935484,22,20.545417874375406,20.545417874375406,3.3891058425671257,2.7903746217423624,2.7903746217423624,0.4602911944318665,-7.362960411941554,"{'bias_segment_0_end': {'mean': 2.7903746217423624, 'abs_mean': 2.7903746217423624, 'std': 0.4602911944318665}}"
1,740,-8.0,False,0.0,0.024999999999999998,6,5,6,6,1,38,15,0.39473684210526316,28,21.70035108924881,21.70035108924881,4.328679382447681,2.5601847709195713,2.5601847709195713,0.5106930753128066,-8.476087872928968,"{'bias_segment_0_end': {'mean': 2.5601847709195713, 'abs_mean': 2.5601847709195713, 'std': 0.5106930753128066}}"
1,741,-12.0,False,0.0,0.135,6,1,3,9,0,32,10,0.3125,26,24.200883281209848,24.200883281209848,6.275213543411203,2.283653080965337,2.283653080965337,0.5921441203450983,-10.597442966678523,"{'bias_segment_0_end': {'mean': 2.283653080965337, 'abs_mean': 2.283653080965337, 'std': 0.5921441203450983}}"
1,742,-11.0,True,0.00823643410852713,0.0,5,6,3,6,0,29,9,0.3103448275862069,20,19.766116694088478,19.766116694088478,4.04003939725735,2.6458242894487554,2.6458242894487554,0.5407857564045583,-7.470683814081491,"{'bias_segment_0_end': {'mean': 2.6458242894487554, 'abs_mean': 2.6458242894487554, 'std': 0.5407857564045583}}"
1,743,0.0,False,0.0,0.11833333333333333,6,3,3,9,0,20,10,0.5,12,13.735955674877417,13.735955674877417,1.8098237791623168,13.11039440727383,13.11039440727383,1.7274009988163839,-1.0477149083521482,"{'bias_segment_0_end': {'mean': 13.11039440727383, 'abs_mean': 13.11039440727383, 'std': 1.7274009988163839}}"
1,744,-9.0,False,0.0,0.11,6,4,6,6,1,37,14,0.3783783783783784,28,18.892083069818952,18.892083069818952,5.9350393976703035,2.968685079439778,2.968685079439778,0.9326267961365642,-6.363788197225719,"{'bias_segment_0_end': {'mean': 2.968685079439778, 'abs_mean': 2.968685079439778, 'std': 0.9326267961365642}}"
1,745,2.0,True,0.5,0.0,3,6,7,6,0,34,18,0.5294117647058824,25,19.173205133563442,19.173205133563442,3.636460502769694,3.6102898919180175,3.6102898919180175,0.6847408403577907,-5.310710692923722,"{'bias_segment_0_end': {'mean': 3.6102898919180175, 'abs_mean': 3.6102898919180175, 'std': 0.6847408403577907}}"
1,746,6.0,False,0.0,0.14833333333333334,6,4,6,6,1,26,16,0.6153846153846154,17,10.592814358897613,10.592814358897613,1.2350428488325498,5.3595448713641325,5.3595448713641325,0.6248828065995015,1.9764391591335797,"{'bias_segment_0_end': {'mean': 5.3595448713641325, 'abs_mean': 5.3595448713641325, 'std': 0.6248828065995015}}"
1,747,3.0,True,0.0953197392874905,0.0,4,6,3,0,0,35,19,0.5428571428571428,22,16.18961835686136,16.18961835686136,2.0747593577526304,4.7748657435433035,4.7748657435433035,0.6119166718485592,-3.3905913226467943,"{'bias_segment_0_end': {'mean': 4.7748657435433035, 'abs_mean': 4.7748657435433035, 'std': 0.6119166718485592}}"
1,748,0.0,True,0.09056603773584905,0.0,5,6,6,8,0,40,20,0.5,25,16.94234021634596,16.94234021634596,2.7750045940558796,4.085644292269125,4.085644292269125,0.6691921857280622,-4.146797666258988,"{'bias_segment_0_end': {'mean': 4.085644292269125, 'abs_mean': 4.085644292269125, 'std': 0.6691921857280622}}"
1,749,3.0,False,0.0,0.07333333333333333,6,4,3,8,0,31,17,0.5483870967741935,22,15.223906188635628,15.223906188635628,2.8528900812186713,5.287390656213955,5.287390656213955,0.9908327187342542,-2.8792852994026226,"{'bias_segment_0_end': {'mean': 5.287390656213955, 'abs_mean': 5.287390656213955, 'std': 0.9908327187342542}}"
1,750,-9.0,True,0.12469135802469135,0.0,5,6,3,7,0,39,15,0.38461538461538464,29,18.942103932705436,18.942103932705436,2.7032242391072936,3.164265136162652,3.164265136162652,0.45157170742095715,-5.986256877221353,"{'bias_segment_0_end': {'mean': 3.164265136162652, 'abs_mean': 3.164265136162652, 'std': 0.45157170742095715}}"
1,751,2.0,True,0.39348370927318294,0.0,3,6,6,8,0,32,17,0.53125,23,12.564653690902865,12.564653690902865,3.1118634093227397,13.886088821055273,13.886088821055273,3.439140684962433,-0.9048374854013078,"{'bias_segment_0_end': {'mean': 13.886088821055273, 'abs_mean': 13.886088821055273, 'std': 3.439140684962433}}"
1,752,6.0,True,0.24859943977591037,0.0,4,6,3,6,0,22,14,0.6363636363636364,13,11.518263870583054,11.518263870583054,1.7540231635067065,7.972852894646764,7.972852894646764,1.2141212263905206,1.4446853620385738,"{'bias_segment_0_end': {'mean': 7.972852894646764, 'abs_mean': 7.972852894646764, 'std': 1.2141212263905206}}"
1,753,-8.0,True,0.07375886524822695,0.0,5,6,3,6,0,36,14,0.3888888888888889,26,21.67854627743699,21.67854627743699,4.4522271589185145,2.4374369544263477,2.4374369544263477,0.5005881329756593,-8.893992617150195,"{'bias_segment_0_end': {'mean': 2.4374369544263477, 'abs_mean': 2.4374369544263477, 'std': 0.5005881329756593}}"
1,754,22.0,True,0.4599083619702176,0.0,3,6,6,6,1,28,25,0.8928571428571429,20,2.8057460015691253,4.409359309834831,4.757229182628093,0.259658445411331,0.4080652286455673,0.44025893054318027,10.805525686347224,"{'bias_segment_0_end': {'mean': 0.259658445411331, 'abs_mean': 0.4080652286455673, 'std': 0.44025893054318027}}"
1,755,3.0,True,0.13472706155632985,0.0,5,6,7,7,1,31,17,0.5483870967741935,21,13.839137058825898,13.839137058825898,2.7624401886125636,6.493763380644785,6.493763380644785,1.2962248196388362,-2.1311427977303,"{'bias_segment_0_end': {'mean': 6.493763380644785, 'abs_mean': 6.493763380644785, 'std': 1.2962248196388362}}"
1,756,10.0,True,0.5910209102091021,0.0,2,6,9,9,1,24,17,0.7083333333333334,17,8.943121878434054,8.943121878434054,3.4357590496337354,1.3126292733275096,1.3126292733275096,0.5042845178622152,6.813136092693772,"{'bias_segment_0_end': {'mean': 1.3126292733275096, 'abs_mean': 1.3126292733275096, 'std': 0.5042845178622152}}"
1,757,-3.0,False,0.0,0.16666666666666666,6,2,6,7,0,19,8,0.42105263157894735,12,16.92126422926883,16.92126422926883,2.4389560250764646,4.8225854870536535,4.8225854870536535,0.6951060967271514,-3.508753608348544,"{'bias_segment_0_end': {'mean': 4.8225854870536535, 'abs_mean': 4.8225854870536535, 'std': 0.6951060967271514}}"
1,758,6.0,True,0.8027777777777777,0.0,1,6,6,6,1,24,15,0.625,18,10.158630380771037,10.158630380771037,2.6424761248191935,2.196706736060771,2.196706736060771,0.5714102084329903,4.624481827277467,"{'bias_segment_0_end': {'mean': 2.196706736060771, 'abs_mean': 2.196706736060771, 'std': 0.5714102084329903}}"
1,759,0.0,True,0.07187112763320942,0.0,5,6,6,9,0,30,15,0.5,20,14.080851446843191,14.080851446843191,3.012764860692093,9.269066057286889,9.269066057286889,1.9832264131362887,-1.5191230011543084,"{'bias_segment_0_end': {'mean': 9.269066057286889, 'abs_mean': 9.269066057286889, 'std': 1.9832264131362887}}"
1,760,3.0,True,0.7691846522781774,0.0,1,6,7,8,0,17,10,0.5882352941176471,11,16.533803683288188,16.533803683288188,2.8230614673507435,25.66378654795454,25.66378654795454,4.381958821917989,-0.6442464619316266,"{'bias_segment_0_end': {'mean': 25.66378654795454, 'abs_mean': 25.66378654795454, 'std': 4.381958821917989}}"
1,761,-14.0,True,0.052884615384615384,0.0,5,6,3,7,0,36,11,0.3055555555555556,26,22.786585269449198,22.786585269449198,5.242706187054416,2.3722069496615372,2.3722069496615372,0.5457941110921288,-9.605648138203268,"{'bias_segment_0_end': {'mean': 2.3722069496615372, 'abs_mean': 2.3722069496615372, 'std': 0.5457941110921288}}"
1,762,-3.0,True,0.3333333333333333,0.0,4,6,3,6,0,23,10,0.43478260869565216,16,16.235860221237495,16.235860221237495,4.237108178537707,5.522805155721735,5.522805155721735,1.44129861768391,-2.9397850844723035,"{'bias_segment_0_end': {'mean': 5.522805155721735, 'abs_mean': 5.522805155721735, 'std': 1.44129861768391}}"
1,763,5.0,True,0.5,0.0,3,6,9,8,0,25,15,0.6,17,12.409134012003447,12.409134012003447,2.4458011008083136,5.434146282122152,5.434146282122152,1.0710530602628217,2.2835480253500675,"{'bias_segment_0_end': {'mean': 5.434146282122152, 'abs_mean': 5.434146282122152, 'std': 1.0710530602628217}}"
1,764,2.0,False,0.0,0.11833333333333333,6,4,6,9,0,26,14,0.5384615384615384,17,14.012520132758821,14.012520132758821,2.79616982685472,20.411437670964332,20.411437670964332,4.07306077690105,-0.6865033398745793,"{'bias_segment_0_end': {'mean': 20.411437670964332, 'abs_mean': 20.411437670964332, 'std': 4.07306077690105}}"
1,765,-3.0,False,0.0,0.09999999999999999,6,5,8,6,0,31,14,0.45161290322580644,21,17.672702521930677,17.672702521930677,2.9012298314544207,3.3510035133245952,3.3510035133245952,0.550115713547573,-5.273853772954492,"{'bias_segment_0_end': {'mean': 3.3510035133245952, 'abs_mean': 3.3510035133245952, 'std': 0.550115713547573}}"
1,766,-4.0,False,0.0,0.085,6,5,3,9,0,36,16,0.4444444444444444,26,16.464330232528575,16.464330232528575,3.903549472602153,4.194209000654812,4.194209000654812,0.9944104680397224,-3.925491130737195,"{'bias_segment_0_end': {'mean': 4.194209000654812, 'abs_mean': 4.194209000654812, 'std': 0.9944104680397224}}"
1,767,14.0,False,0.0,0.09999999999999999,6,5,8,8,1,32,23,0.71875,22,7.852362263374306,7.852362263374306,3.993973182025894,1.2841785385764248,1.2841785385764248,0.653176008948348,6.114696693248772,"{'bias_segment_0_end': {'mean': 1.2841785385764248, 'abs_mean': 1.2841785385764248, 'std': 0.653176008948348}}"
1,768,-4.0,False,0.0,0.016666666666666666,6,4,6,6,1,34,15,0.4411764705882353,25,15.506991558137402,15.506991558137402,2.8568118088644003,10.057384261524144,10.057384261524144,1.8528451516136792,-1.541851355671221,"{'bias_segment_0_end': {'mean': 10.057384261524144, 'abs_mean': 10.057384261524144, 'std': 1.8528451516136792}}"
1,769,2.0,False,0.0,0.11166666666666668,6,2,6,6,1,20,11,0.55,13,12.025668606574039,12.025668606574039,1.8949994325595951,36.206403839948074,36.206403839948074,5.705388779316412,0.3321420337610443,"{'bias_segment_0_end': {'mean': 36.206403839948074, 'abs_mean': 36.206403839948074, 'std': 5.705388779316412}}"
1,770,10.0,False,0.0,0.12,6,4,6,8,0,38,24,0.631578947368421,29,8.82305253648338,8.94984892509324,5.639033225494911,2.5145949465224158,2.550732276173037,1.6071404305332635,3.5087370825608746,"{'bias_segment_0_end': {'mean': 2.5145949465224158, 'abs_mean': 2.550732276173037, 'std': 1.6071404305332635}}"
1,771,10.0,True,0.19166666666666665,0.0,4,6,9,9,1,24,17,0.7083333333333334,16,8.612835289909052,8.612835289909052,3.020730319378707,2.6751838106969874,2.6751838106969874,0.9382518734976053,3.2195302825434933,"{'bias_segment_0_end': {'mean': 2.6751838106969874, 'abs_mean': 2.6751838106969874, 'std': 0.9382518734976053}}"
1,772,-22.0,False,0.0,0.15166666666666667,6,5,5,6,0,42,10,0.23809523809523808,32,25.39640251129082,25.39640251129082,5.220144031667041,1.8762951717602865,1.8762951717602865,0.38566608157024046,-13.535398317666958,"{'bias_segment_0_end': {'mean': 1.8762951717602865, 'abs_mean': 1.8762951717602865, 'std': 0.38566608157024046}}"
1,773,-5.0,False,0.0,0.043333333333333335,6,4,6,8,0,39,17,0.4358974358974359,30,19.37131966091563,19.37131966091563,2.997848285075744,2.9349653539678475,2.9349653539678475,0.45420657999370145,-6.600186824940572,"{'bias_segment_0_end': {'mean': 2.9349653539678475, 'abs_mean': 2.9349653539678475, 'std': 0.45420657999370145}}"
1,774,-22.0,False,0.0,0.021666666666666667,6,5,6,8,0,44,11,0.25,33,24.592493110847954,24.592493110847954,5.752357542371286,2.0670269801050556,2.0670269801050556,0.4834921854282175,-11.897519165230271,"{'bias_segment_0_end': {'mean': 2.0670269801050556, 'abs_mean': 2.0670269801050556, 'std': 0.4834921854282175}}"
1,775,4.0,False,0.0,0.10333333333333333,6,5,6,7,0,32,18,0.5625,22,14.186235347710843,14.186235347710843,2.468078914269036,6.995975352115957,6.995975352115957,1.2171389257326477,-2.0277709159481483,"{'bias_segment_0_end': {'mean': 6.995975352115957, 'abs_mean': 6.995975352115957, 'std': 1.2171389257326477}}"
1,776,5.0,False,0.0,0.135,6,4,3,9,0,29,17,0.5862068965517241,20,9.112017866465646,9.112017866465646,3.896570431428993,1.8226579548306205,1.8226579548306205,0.779422867413296,4.999302168745327,"{'bias_segment_0_end': {'mean': 1.8226579548306205, 'abs_mean': 1.8226579548306205, 'std': 0.779422867413296}}"
1,777,10.0,False,0.0,0.10833333333333334,6,5,4,6,0,62,36,0.5806451612903226,52,6.761425086180046,7.454758175658919,5.24905634048321,0.9429599862680828,1.039653412905391,0.7320424365655154,7.17042630084388,"{'bias_segment_0_end': {'mean': 0.9429599862680828, 'abs_mean': 1.039653412905391, 'std': 0.7320424365655154}}"
1,778,20.0,True,0.10516605166051661,0.0,5,6,6,6,1,44,32,0.7272727272727273,34,1.4526509805948498,4.987520396079344,5.889020402761858,0.11953013523427204,0.41039382163424526,0.4845729735103088,12.15301043329148,"{'bias_segment_0_end': {'mean': 0.11953013523427204, 'abs_mean': 0.41039382163424526, 'std': 0.4845729735103088}}"
1,779,12.0,True,0.7047803617571059,0.0,1,6,7,7,1,16,14,0.875,10,10.162310007286028,10.162310007286028,2.65312429161369,1.9777497118635536,1.9777497118635536,0.5163408515893626,5.138319548893017,"{'bias_segment_0_end': {'mean': 1.9777497118635536, 'abs_mean': 1.9777497118635536, 'std': 0.5163408515893626}}"
1,780,-6.0,False,0.0,0.015,6,4,6,8,0,32,13,0.40625,24,18.674018040150123,18.674018040150123,3.4449861566163356,3.2481331509017446,3.2481331509017446,0.5992161791663959,-5.7491541056332185,"{'bias_segment_0_end': {'mean': 3.2481331509017446, 'abs_mean': 3.2481331509017446, 'std': 0.5992161791663959}}"
1,781,-8.0,False,0.0,0.11666666666666665,6,4,3,7,0,26,9,0.34615384615384615,18,17.06568966511465,17.06568966511465,2.9821901852344106,2.868044467355671,2.868044467355671,0.5011842022914503,-5.950287681853542,"{'bias_segment_0_end': {'mean': 2.868044467355671, 'abs_mean': 2.868044467355671, 'std': 0.5011842022914503}}"
1,782,0.0,True,0.5528120713305898,0.0,2,6,6,6,1,20,10,0.5,13,13.011984532878046,13.011984532878046,3.7098530896238024,6.593450846320657,6.593450846320657,1.8798619020564604,1.9734710754898739,"{'bias_segment_0_end': {'mean': 6.593450846320657, 'abs_mean': 6.593450846320657, 'std': 1.8798619020564604}}"
1,783,9.0,False,0.0,0.09166666666666667,6,5,3,9,0,37,23,0.6216216216216216,27,12.796984442054429,12.796984442054429,3.7349860113796796,194.98012228265407,194.98012228265407,56.9077842143488,0.06563225159692539,"{'bias_segment_0_end': {'mean': 194.98012228265407, 'abs_mean': 194.98012228265407, 'std': 56.9077842143488}}"
1,784,-10.0,False,0.0,0.15666666666666665,6,3,3,8,0,32,11,0.34375,22,22.083741886462498,22.083741886462498,3.984276020448151,2.4944444358421434,2.4944444358421434,0.45003945441685217,-8.853170497264196,"{'bias_segment_0_end': {'mean': 2.4944444358421434, 'abs_mean': 2.4944444358421434, 'std': 0.45003945441685217}}"
1,785,5.0,False,0.0,0.075,6,5,7,9,0,37,21,0.5675675675675675,26,15.595166343894814,15.595166343894814,3.4557965430687836,7.769128236596202,7.769128236596202,1.721592826305304,-2.0073251295343972,"{'bias_segment_0_end': {'mean': 7.769128236596202, 'abs_mean': 7.769128236596202, 'std': 1.721592826305304}}"
1,786,-8.0,True,0.31690140845070425,0.0,4,6,3,8,0,40,16,0.4,30,20.352498783225478,20.352498783225478,4.995764609710048,3.9228690157578496,3.9228690157578496,0.962915188261974,-5.188166798705519,"{'bias_segment_0_end': {'mean': 3.9228690157578496, 'abs_mean': 3.9228690157578496, 'std': 0.962915188261974}}"
1,787,7.0,True,0.0719225449515906,0.0,5,6,6,6,1,33,20,0.6060606060606061,23,12.366477598520682,12.366477598520682,2.673672098603501,5.822092979120122,5.822092979120122,1.2587551653035711,2.12406047840026,"{'bias_segment_0_end': {'mean': 5.822092979120122, 'abs_mean': 5.822092979120122, 'std': 1.2587551653035711}}"
1,788,3.0,True,0.5,0.0,3,6,7,7,1,23,13,0.5652173913043478,15,13.358759831774908,13.358759831774908,3.785057019091734,39.879582272311794,39.879582272311794,11.299439072122652,0.3349774263069409,"{'bias_segment_0_end': {'mean': 39.879582272311794, 'abs_mean': 39.879582272311794, 'std': 11.299439072122652}}"
1,789,0.0,True,0.3581818181818182,0.0,3,6,9,9,1,38,19,0.5,30,14.539964740418126,14.539964740418126,4.192566510857332,12.653516719264099,12.653516719264099,3.6486134174926756,1.149084879959264,"{'bias_segment_0_end': {'mean': 12.653516719264099, 'abs_mean': 12.653516719264099, 'std': 3.6486134174926756}}"
1,790,9.0,False,0.0,0.09999999999999999,6,5,3,9,0,31,20,0.6451612903225806,21,12.96289292991221,12.96289292991221,3.0854835136224184,47.678314205632134,47.678314205632134,11.348597356638338,0.27188236719118164,"{'bias_segment_0_end': {'mean': 47.678314205632134, 'abs_mean': 47.678314205632134, 'std': 11.348597356638338}}"
1,791,8.0,True,0.03171641791044776,0.0,5,6,8,6,0,28,18,0.6428571428571429,18,13.582313365702172,13.582313365702172,4.429861519127556,78.1352289185446,78.1352289185446,25.483747470333036,0.1738308513802607,"{'bias_segment_0_end': {'mean': 78.1352289185446, 'abs_mean': 78.1352289185446, 'std': 25.483747470333036}}"
1,792,29.0,True,0.16666666666666666,0.0,5,6,3,6,0,47,38,0.8085106382978723,37,4.849500866563044,8.538889693309894,9.234179985869005,0.4475468036949602,0.7880301281507159,0.8521965148855843,10.83574014276365,"{'bias_segment_0_end': {'mean': 0.4475468036949602, 'abs_mean': 0.7880301281507159, 'std': 0.8521965148855843}}"
1,793,-4.0,False,0.0,0.034999999999999996,6,5,6,6,1,40,18,0.45,30,15.238860219497482,15.238860219497482,2.860679074757794,25.665433599049702,25.665433599049702,4.817982958295566,-0.5937503514478603,"{'bias_segment_0_end': {'mean': 25.665433599049702, 'abs_mean': 25.665433599049702, 'std': 4.817982958295566}}"
1,794,11.0,False,0.0,0.13833333333333334,6,5,6,8,0,33,22,0.6666666666666666,23,13.071216187482513,13.091067612870509,5.441676044765628,16.056033803008035,16.080418309583084,6.684285017292152,-0.8140999419815415,"{'bias_segment_0_end': {'mean': 16.056033803008035, 'abs_mean': 16.080418309583084, 'std': 6.684285017292152}}"
1,795,-1.0,False,0.0,0.135,6,5,6,7,0,23,11,0.4782608695652174,14,17.10562715206004,17.10562715206004,2.0098388374006784,4.105764086090572,4.105764086090572,0.48240991365440516,-4.166246962413197,"{'bias_segment_0_end': {'mean': 4.105764086090572, 'abs_mean': 4.105764086090572, 'std': 0.48240991365440516}}"
1,796,-8.0,False,0.0,0.16666666666666666,6,4,6,7,0,24,8,0.3333333333333333,16,19.06640172331028,19.06640172331028,3.673866497544141,2.8276960487682516,2.8276960487682516,0.5448630491251379,-6.742733799700865,"{'bias_segment_0_end': {'mean': 2.8276960487682516, 'abs_mean': 2.8276960487682516, 'std': 0.5448630491251379}}"
1,797,-19.0,True,0.16666666666666666,0.0,5,6,3,6,0,47,14,0.2978723404255319,37,25.187325312322816,25.187325312322816,6.431542100057571,2.1186070186109887,2.1186070186109887,0.5409828183307577,-11.888625446372897,"{'bias_segment_0_end': {'mean': 2.1186070186109887, 'abs_mean': 2.1186070186109887, 'std': 0.5409828183307577}}"
1,798,-15.0,False,0.0,0.02,6,5,6,9,0,35,10,0.2857142857142857,26,22.782719458734004,22.782719458734004,5.843507051247876,2.793617925255391,2.793617925255391,0.716531056544444,-8.155273938060525,"{'bias_segment_0_end': {'mean': 2.793617925255391, 'abs_mean': 2.793617925255391, 'std': 0.716531056544444}}"
1,799,117.0,True,0.5,0.0,3,6,6,9,0,137,127,0.927007299270073,129,-25.689971246991476,27.507430232981186,20.443656155752553,-0.5813657647732936,0.6224949829874923,0.46264130393463176,44.188999083923356,"{'bias_segment_0_100': {'mean': -0.8079918164869316, 'abs_mean': 0.8079918164869316, 'std': 0.30951266435576064}, 'bias_segment_100_end': {'mean': 0.03113707769599856, 'abs_mean': 0.12115218974576403, 'std': 0.14011674381078074}}"
1,800,7.0,True,0.25046296296296294,0.0,4,6,3,0,0,31,19,0.6129032258064516,21,14.101251534953953,14.101251534953953,3.269760293673421,8.009854186055797,8.009854186055797,1.8573034535806268,-1.7604879199302468,"{'bias_segment_0_end': {'mean': 8.009854186055797, 'abs_mean': 8.009854186055797, 'std': 1.8573034535806268}}"
1,801,20.0,False,0.0,0.13333333333333333,6,3,6,6,1,52,36,0.6923076923076923,44,3.9075127657680797,6.474930102087926,6.378062330110723,0.44517679408180527,0.7376786200171719,0.7266426268512781,8.777440373610396,"{'bias_segment_0_end': {'mean': 0.44517679408180527, 'abs_mean': 0.7376786200171719, 'std': 0.7266426268512781}}"
1,802,9.0,True,0.6193181818181818,0.0,2,6,9,9,1,21,15,0.7142857142857143,14,10.308567752798663,10.308567752798663,1.8961405755509768,1.964986784591989,1.964986784591989,0.36143635682801595,5.246125741725609,"{'bias_segment_0_end': {'mean': 1.964986784591989, 'abs_mean': 1.964986784591989, 'std': 0.36143635682801595}}"
1,803,2.0,False,0.0,0.05666666666666667,6,4,3,7,0,28,15,0.5357142857142857,19,16.23273122026067,16.23273122026067,2.627184051322693,4.200053165392268,4.200053165392268,0.6797570009077478,-3.8648870814340266,"{'bias_segment_0_end': {'mean': 4.200053165392268, 'abs_mean': 4.200053165392268, 'std': 0.6797570009077478}}"
1,804,14.0,False,0.0,0.065,6,5,6,6,1,30,22,0.7333333333333333,20,7.18457329222885,7.249640480234094,3.1445059999166034,1.2382365503176307,1.2494506568675117,0.5419448175163532,5.802262330558625,"{'bias_segment_0_end': {'mean': 1.2382365503176307, 'abs_mean': 1.2494506568675117, 'std': 0.5419448175163532}}"
1,805,12.0,True,0.1186623516720604,0.0,5,6,6,6,1,44,28,0.6363636363636364,34,9.735319114679571,9.735319114679571,2.482048129215391,2.1068452012470646,2.1068452012470646,0.5371463563445622,4.620804181017728,"{'bias_segment_0_end': {'mean': 2.1068452012470646, 'abs_mean': 2.1068452012470646, 'std': 0.5371463563445622}}"
1,806,6.0,True,0.5,0.0,3,6,8,8,1,24,15,0.625,16,10.896451374329777,10.896451374329777,2.4537003530798454,5.4743551710623635,5.4743551710623635,1.2327341034866415,1.9904538587355105,"{'bias_segment_0_end': {'mean': 5.4743551710623635, 'abs_mean': 5.4743551710623635, 'std': 1.2327341034866415}}"
1,807,5.0,True,0.276969696969697,0.0,4,6,8,6,0,25,15,0.6,16,13.992026491627117,13.992026491627117,1.5804538659478198,11.055319956398748,11.055319956398748,1.2487414296160781,-1.265637407764813,"{'bias_segment_0_end': {'mean': 11.055319956398748, 'abs_mean': 11.055319956398748, 'std': 1.2487414296160781}}"
1,808,-1.0,False,0.0,0.20333333333333334,6,3,6,7,0,27,13,0.48148148148148145,20,15.349875877251739,15.349875877251739,2.605029507879985,5.2826993868555565,5.2826993868555565,0.8965276262860647,-2.9056879358771375,"{'bias_segment_0_end': {'mean': 5.2826993868555565, 'abs_mean': 5.2826993868555565, 'std': 0.8965276262860647}}"
1,809,11.0,False,0.0,0.16666666666666666,6,4,8,9,0,29,20,0.6896551724137931,20,11.173475785297226,11.173475785297226,4.10073632725813,5.530864306759163,5.530864306759163,2.029862203998084,2.020204287355656,"{'bias_segment_0_end': {'mean': 5.530864306759163, 'abs_mean': 5.530864306759163, 'std': 2.029862203998084}}"
1,810,6.0,True,0.05973715651135006,0.0,5,6,6,6,1,30,18,0.6,20,10.194762252518851,10.194762252518851,2.7642385317471447,3.6980329931934177,3.6980329931934177,1.002695799888009,2.756806732466499,"{'bias_segment_0_end': {'mean': 3.6980329931934177, 'abs_mean': 3.6980329931934177, 'std': 1.002695799888009}}"
1,811,-6.0,True,0.3581818181818182,0.0,3,6,8,8,1,48,21,0.4375,40,18.548078848866158,18.548078848866158,6.646104454240665,3.8526172434093624,3.8526172434093624,1.3804608461362338,-4.814409965224598,"{'bias_segment_0_end': {'mean': 3.8526172434093624, 'abs_mean': 3.8526172434093624, 'std': 1.3804608461362338}}"
1,812,2.0,False,0.0,0.005,6,4,3,6,0,30,16,0.5333333333333333,21,17.841627755450894,17.841627755450894,2.9330237718100154,4.651011746910584,4.651011746910584,0.7645898795578597,-3.836074541695606,"{'bias_segment_0_end': {'mean': 4.651011746910584, 'abs_mean': 4.651011746910584, 'std': 0.7645898795578597}}"
1,813,-4.0,True,0.011266511266511266,0.0,5,6,7,7,1,64,30,0.46875,53,15.136530050349634,15.136530050349634,6.021803837316622,9.355723245370827,9.355723245370827,3.722010920101534,-1.617889889789026,"{'bias_segment_0_end': {'mean': 9.355723245370827, 'abs_mean': 9.355723245370827, 'std': 3.722010920101534}}"
1,814,-4.0,True,0.003401360544217687,0.0,5,6,3,8,0,26,11,0.4230769230769231,17,19.28693123601152,19.28693123601152,3.4663373366414083,3.105854685359042,3.105854685359042,0.5581987059683772,-6.209862723755189,"{'bias_segment_0_end': {'mean': 3.105854685359042, 'abs_mean': 3.105854685359042, 'std': 0.5581987059683772}}"
1,815,5.0,True,0.3333333333333333,0.0,4,6,3,6,0,23,14,0.6086956521739131,15,12.385754635192308,12.385754635192308,2.7369604163246297,4.715575932317807,4.715575932317807,1.0420313535241092,2.626562441780986,"{'bias_segment_0_end': {'mean': 4.715575932317807, 'abs_mean': 4.715575932317807, 'std': 1.0420313535241092}}"
1,816,-6.0,False,0.0,0.018333333333333333,6,4,6,8,0,30,12,0.4,21,19.671355985535218,19.671355985535218,3.1674810525334705,2.9155447379016173,2.9155447379016173,0.4694609116884308,-6.747060242228743,"{'bias_segment_0_end': {'mean': 2.9155447379016173, 'abs_mean': 2.9155447379016173, 'std': 0.4694609116884308}}"
1,817,18.0,True,0.5396825396825397,0.0,2,6,6,6,1,22,20,0.9090909090909091,15,6.943483899626796,6.943483899626796,3.4284149686950367,0.8161429913896213,0.8161429913896213,0.40297880555697907,8.507680606071668,"{'bias_segment_0_end': {'mean': 0.8161429913896213, 'abs_mean': 0.8161429913896213, 'std': 0.40297880555697907}}"
1,818,0.0,False,0.0,0.043333333333333335,6,3,7,6,0,32,16,0.5,24,11.700662964568636,11.700662964568636,2.7401495182334963,56.67935235123692,56.67935235123692,13.273598300312567,0.20643607379386877,"{'bias_segment_0_end': {'mean': 56.67935235123692, 'abs_mean': 56.67935235123692, 'std': 13.273598300312567}}"
1,819,-15.0,False,0.0,0.12166666666666666,6,4,3,6,0,35,10,0.2857142857142857,25,23.237855044810228,23.237855044810228,2.9341789712422264,2.5122795881287403,2.5122795881287403,0.3172185179378129,-9.249708971332621,"{'bias_segment_0_end': {'mean': 2.5122795881287403, 'abs_mean': 2.5122795881287403, 'std': 0.3172185179378129}}"
1,820,5.0,True,0.18205128205128207,0.0,4,6,6,6,1,31,18,0.5806451612903226,20,11.991611468861668,11.991611468861668,2.9605992446457514,7.750849041934547,7.750849041934547,1.9136008432645608,1.5471352111211627,"{'bias_segment_0_end': {'mean': 7.750849041934547, 'abs_mean': 7.750849041934547, 'std': 1.9136008432645608}}"
1,821,-6.0,False,0.0,0.09666666666666666,6,5,6,9,0,50,22,0.44,40,20.437017599919233,20.437017599919233,6.053062104558939,2.5362657951519,2.5362657951519,0.7511944586172733,-8.057916342595012,"{'bias_segment_0_end': {'mean': 2.5362657951519, 'abs_mean': 2.5362657951519, 'std': 0.7511944586172733}}"
1,822,-15.0,False,0.0,0.06999999999999999,6,3,6,7,0,45,15,0.3333333333333333,37,18.610003407355002,18.610003407355002,6.687775357214366,5.943744983866784,5.943744983866784,2.135971195844096,-3.1310231946135776,"{'bias_segment_0_end': {'mean': 5.943744983866784, 'abs_mean': 5.943744983866784, 'std': 2.135971195844096}}"
1,823,-4.0,True,0.3587962962962963,0.0,3,6,3,9,0,26,11,0.4230769230769231,19,15.943134935901934,15.943134935901934,3.3558483478961976,7.523885259058708,7.523885259058708,1.5836921670602628,-2.1190029335849463,"{'bias_segment_0_end': {'mean': 7.523885259058708, 'abs_mean': 7.523885259058708, 'std': 1.5836921670602628}}"
1,824,-1.0,True,0.2382629107981221,0.0,4,6,6,6,1,39,19,0.48717948717948717,30,15.356483051588935,15.356483051588935,4.148176622283374,9.727578454554319,9.727578454554319,2.6276663348665927,-1.5786542481596995,"{'bias_segment_0_end': {'mean': 9.727578454554319, 'abs_mean': 9.727578454554319, 'std': 2.6276663348665927}}"
1,825,8.0,False,0.0,0.16666666666666666,6,3,6,7,0,26,17,0.6538461538461539,18,10.722303768115077,10.722303768115077,1.9694205847754065,4.035815745792792,4.035815745792792,0.7412789991793236,2.656787237943836,"{'bias_segment_0_end': {'mean': 4.035815745792792, 'abs_mean': 4.035815745792792, 'std': 0.7412789991793236}}"
1,826,7.0,False,0.0,0.03166666666666667,6,3,6,6,1,35,21,0.6,27,12.354112994985877,12.354112994985877,4.22360734292197,6.152781330510613,6.152781330510613,2.103504510399497,2.0078907946433753,"{'bias_segment_0_end': {'mean': 6.152781330510613, 'abs_mean': 6.152781330510613, 'std': 2.103504510399497}}"
1,827,-22.0,True,0.3333333333333333,0.0,4,6,7,6,0,48,13,0.2708333333333333,39,24.2678416831434,24.2678416831434,7.792559690988473,2.3747413130144195,2.3747413130144195,0.7625446743034887,-10.219151681973555,"{'bias_segment_0_end': {'mean': 2.3747413130144195, 'abs_mean': 2.3747413130144195, 'std': 0.7625446743034887}}"
1,828,7.0,True,0.47309941520467835,0.0,3,6,9,7,0,35,21,0.6,27,12.248449130972327,12.248449130972327,4.348371074207311,18.033106276399742,18.033106276399742,6.402005418965076,0.6792201489436183,"{'bias_segment_0_end': {'mean': 18.033106276399742, 'abs_mean': 18.033106276399742, 'std': 6.402005418965076}}"
1,829,3.0,True,0.2979591836734694,0.0,4,6,9,9,1,29,16,0.5517241379310345,20,10.407825033852045,10.407825033852045,3.346365403030821,3.4282492138399143,3.4282492138399143,1.102264356371057,3.0359009467093103,"{'bias_segment_0_end': {'mean': 3.4282492138399143, 'abs_mean': 3.4282492138399143, 'std': 1.102264356371057}}"
1,830,-17.0,True,0.3037037037037037,0.0,4,6,7,6,0,31,7,0.22580645161290322,22,22.169462158947947,22.169462158947947,5.475952729255284,2.3213144832248362,2.3213144832248362,0.5733746849038615,-9.5503915213373,"{'bias_segment_0_end': {'mean': 2.3213144832248362, 'abs_mean': 2.3213144832248362, 'std': 0.5733746849038615}}"
1,831,-4.0,False,0.0,0.15166666666666667,6,1,6,8,0,20,8,0.4,14,17.71668795235528,17.71668795235528,3.760377941949378,4.259710914629499,4.259710914629499,0.9041262681563633,-4.1591291774071575,"{'bias_segment_0_end': {'mean': 4.259710914629499, 'abs_mean': 4.259710914629499, 'std': 0.9041262681563633}}"
1,832,-1.0,False,0.0,0.005,6,5,6,6,1,27,13,0.48148148148148145,17,13.551280689654615,13.551280689654615,3.0601489721948747,34.601071214286854,34.601071214286854,7.813610752973069,0.3916433860018547,"{'bias_segment_0_end': {'mean': 34.601071214286854, 'abs_mean': 34.601071214286854, 'std': 7.813610752973069}}"
1,833,16.0,True,0.3988505747126437,0.0,3,6,9,9,1,24,20,0.8333333333333334,16,6.954170773542066,6.954170773542066,2.815411079502224,0.9338402041076351,0.9338402041076351,0.37806722652427976,7.446853051467598,"{'bias_segment_0_end': {'mean': 0.9338402041076351, 'abs_mean': 0.9338402041076351, 'std': 0.37806722652427976}}"
1,834,23.0,True,0.5,0.0,3,6,6,6,1,23,23,1.0,16,4.120983465828925,5.1440677541215125,4.782444025632646,0.36911792183731146,0.4607559372504609,0.42836517415866554,11.164409046616939,"{'bias_segment_0_end': {'mean': 0.36911792183731146, 'abs_mean': 0.4607559372504609, 'std': 0.42836517415866554}}"
1,835,-13.0,False,0.0,0.07166666666666667,6,5,7,6,0,47,17,0.3617021276595745,38,22.431852836173075,22.431852836173075,5.627161157310341,2.3466647661936677,2.3466647661936677,0.5886745476619565,-9.559035938719932,"{'bias_segment_0_end': {'mean': 2.3466647661936677, 'abs_mean': 2.3466647661936677, 'std': 0.5886745476619565}}"
1,836,10.0,True,0.2668488160291439,0.0,4,6,7,9,0,32,21,0.65625,23,9.29481632345453,9.29481632345453,3.901123842068203,2.0918106805472876,2.0918106805472876,0.877953069216006,4.443430951897948,"{'bias_segment_0_end': {'mean': 2.0918106805472876, 'abs_mean': 2.0918106805472876, 'std': 0.877953069216006}}"
1,837,8.0,True,0.1496062992125984,0.0,5,6,6,6,1,34,21,0.6176470588235294,23,10.277719784664665,10.277719784664665,2.233373907828737,3.9481826260670507,3.9481826260670507,0.8579498415161934,2.6031520722491828,"{'bias_segment_0_end': {'mean': 3.9481826260670507, 'abs_mean': 3.9481826260670507, 'std': 0.8579498415161934}}"
1,838,-12.0,False,0.0,0.09999999999999999,6,3,3,6,0,38,13,0.34210526315789475,30,23.97119122970842,23.97119122970842,5.925611242130634,2.1661393777948668,2.1661393777948668,0.5354635790137681,-11.066319866319558,"{'bias_segment_0_end': {'mean': 2.1661393777948668, 'abs_mean': 2.1661393777948668, 'std': 0.5354635790137681}}"
1,839,-1.0,False,0.0,0.09333333333333334,6,3,6,8,0,25,12,0.48,17,16.4386003894451,16.4386003894451,2.1346992091511243,4.949550613225913,4.949550613225913,0.6427433923444547,-3.3212308902385583,"{'bias_segment_0_end': {'mean': 4.949550613225913, 'abs_mean': 4.949550613225913, 'std': 0.6427433923444547}}"
1,840,-2.0,False,0.0,0.07833333333333332,6,5,6,6,1,28,13,0.4642857142857143,18,14.073912500033018,14.073912500033018,2.525217705541484,38.75239389675745,38.75239389675745,6.953164672579856,-0.3631753056992599,"{'bias_segment_0_end': {'mean': 38.75239389675745, 'abs_mean': 38.75239389675745, 'std': 6.953164672579856}}"
1,841,-8.0,True,0.08831908831908832,0.0,5,6,6,7,0,54,23,0.42592592592592593,44,18.3477708273857,18.3477708273857,3.8388443132619843,3.561493644751349,3.561493644751349,0.7451597119616131,-5.151706743721193,"{'bias_segment_0_end': {'mean': 3.561493644751349, 'abs_mean': 3.561493644751349, 'std': 0.7451597119616131}}"
1,842,6.0,False,0.0,0.034999999999999996,6,4,6,8,0,26,16,0.6153846153846154,17,11.32834429271589,11.32834429271589,2.5811567431759084,6.661000217734171,6.661000217734171,1.517705075344142,1.700697180966221,"{'bias_segment_0_end': {'mean': 6.661000217734171, 'abs_mean': 6.661000217734171, 'std': 1.517705075344142}}"
1,843,5.0,False,0.0,0.09999999999999999,6,5,6,6,1,39,22,0.5641025641025641,29,14.731965675794731,14.731965675794731,2.970201338106696,12.44214860226764,12.44214860226764,2.5085373697345448,-1.1840371102069749,"{'bias_segment_0_end': {'mean': 12.44214860226764, 'abs_mean': 12.44214860226764, 'std': 2.5085373697345448}}"
1,844,5.0,False,0.0,0.09000000000000001,6,2,6,6,1,31,18,0.5806451612903226,24,13.918464801424358,13.918464801424358,4.247080959102871,15.597531390402759,15.597531390402759,4.759431411602934,-0.8923504914366425,"{'bias_segment_0_end': {'mean': 15.597531390402759, 'abs_mean': 15.597531390402759, 'std': 4.759431411602934}}"
1,845,1.0,False,0.0,0.06,6,4,7,9,0,33,17,0.5151515151515151,24,18.947410443296693,18.947410443296693,4.097165590569114,4.298555512747406,4.298555512747406,0.9295145523282136,-4.407855240465773,"{'bias_segment_0_end': {'mean': 4.298555512747406, 'abs_mean': 4.298555512747406, 'std': 0.9295145523282136}}"
1,846,6.0,False,0.0,0.09000000000000001,6,5,7,7,1,32,19,0.59375,22,13.733831565365158,13.733831565365158,2.2461402020651353,213.72182243482007,213.72182243482007,34.953769102578335,-0.06426031468805035,"{'bias_segment_0_end': {'mean': 213.72182243482007, 'abs_mean': 213.72182243482007, 'std': 34.953769102578335}}"
1,847,6.0,False,0.0,0.15,6,4,3,9,0,30,18,0.6,21,15.146142632667976,15.146142632667976,2.344165732685853,14.395256322195964,14.395256322195964,2.2279511953715865,-1.0521620660074127,"{'bias_segment_0_end': {'mean': 14.395256322195964, 'abs_mean': 14.395256322195964, 'std': 2.2279511953715865}}"
1,848,-20.0,False,0.0,0.16666666666666666,6,3,6,9,0,38,9,0.23684210526315788,31,25.92921077137507,25.92921077137507,6.875648038546414,1.9326390078134843,1.9326390078134843,0.5124778274377989,-13.416479056122549,"{'bias_segment_0_end': {'mean': 1.9326390078134843, 'abs_mean': 1.9326390078134843, 'std': 0.5124778274377989}}"
1,849,-3.0,True,0.2253968253968254,0.0,4,6,3,8,0,25,11,0.44,16,13.878970967458509,13.878970967458509,2.787261975353462,6.980396559300616,6.980396559300616,1.4018470063987414,-1.9882782947290139,"{'bias_segment_0_end': {'mean': 6.980396559300616, 'abs_mean': 6.980396559300616, 'std': 1.4018470063987414}}"
1,850,18.0,True,0.18002544529262088,0.0,4,6,6,6,1,28,23,0.8214285714285714,19,5.536898480459442,5.626681400688564,2.8532043611042015,0.7120765403257951,0.7236231329611355,0.36693825929222446,7.77570691758242,"{'bias_segment_0_end': {'mean': 0.7120765403257951, 'abs_mean': 0.7236231329611355, 'std': 0.36693825929222446}}"
1,851,3.0,False,0.0,0.02,6,2,9,6,0,25,14,0.56,18,10.522258599599198,10.522258599599198,2.9960428322816814,6.523926417427054,6.523926417427054,1.857582456870045,1.6128720537821502,"{'bias_segment_0_end': {'mean': 6.523926417427054, 'abs_mean': 6.523926417427054, 'std': 1.857582456870045}}"
1,852,22.0,True,0.013793103448275862,0.0,5,6,6,6,1,38,30,0.7894736842105263,28,4.721653257366866,6.241880224037953,6.153682901153592,0.5321308052031372,0.7034605398896148,0.6935206925766019,8.87310640767059,"{'bias_segment_0_end': {'mean': 0.5321308052031372, 'abs_mean': 0.7034605398896148, 'std': 0.6935206925766019}}"
1,853,-12.0,True,0.1927860696517413,0.0,4,6,6,6,1,52,20,0.38461538461538464,43,15.662763262690909,15.662763262690909,4.877912394361972,15.313163085349327,15.313163085349327,4.769035115843196,-1.0228300433681174,"{'bias_segment_0_end': {'mean': 15.313163085349327, 'abs_mean': 15.313163085349327, 'std': 4.769035115843196}}"
1,854,-1.0,True,0.3543360433604336,0.0,3,6,6,6,1,29,14,0.4827586206896552,22,17.947654790492017,17.947654790492017,4.258642019585882,4.449937073022277,4.449937073022277,1.0558866450743765,-4.03323788538485,"{'bias_segment_0_end': {'mean': 4.449937073022277, 'abs_mean': 4.449937073022277, 'std': 1.0558866450743765}}"
1,855,11.0,True,0.04107424960505529,0.0,5,6,3,7,0,35,23,0.6571428571428571,25,6.626701745623946,7.00442164916786,4.833974826278541,1.149296986064975,1.2148065507600283,0.8383767538994298,5.765874117805533,"{'bias_segment_0_end': {'mean': 1.149296986064975, 'abs_mean': 1.2148065507600283, 'std': 0.8383767538994298}}"
1,856,2.0,True,0.6666666666666666,0.0,2,6,6,6,1,22,12,0.5454545454545454,15,13.087726943725716,13.087726943725716,2.9720883765855373,7.155622713333506,7.155622713333506,1.6249684291988908,1.8290129969175934,"{'bias_segment_0_end': {'mean': 7.155622713333506, 'abs_mean': 7.155622713333506, 'std': 1.6249684291988908}}"
1,857,-16.0,True,0.16666666666666666,0.0,5,6,6,7,0,56,20,0.35714285714285715,46,19.157921781872364,19.157921781872364,7.388116576572384,2.7277123566085564,2.7277123566085564,1.0519229124867744,-7.023439159725759,"{'bias_segment_0_end': {'mean': 2.7277123566085564, 'abs_mean': 2.7277123566085564, 'std': 1.0519229124867744}}"
1,858,-12.0,True,0.3333333333333333,0.0,4,6,8,6,0,38,13,0.34210526315789475,30,19.428186313541914,19.428186313541914,6.496691010616815,4.979847932297016,4.979847932297016,1.665236928134782,-3.9013613623700407,"{'bias_segment_0_end': {'mean': 4.979847932297016, 'abs_mean': 4.979847932297016, 'std': 1.665236928134782}}"
1,859,-2.0,False,0.0,0.09166666666666667,6,4,6,6,1,46,22,0.4782608695652174,37,17.400232326627606,17.400232326627606,4.027649208266307,3.693219669679466,3.693219669679466,0.854873256822831,-4.711399235057624,"{'bias_segment_0_end': {'mean': 3.693219669679466, 'abs_mean': 3.693219669679466, 'std': 0.854873256822831}}"
1,860,-3.0,True,0.2438692098092643,0.0,4,6,6,6,1,27,12,0.4444444444444444,19,13.564859046145628,13.564859046145628,3.5787443933165037,564.6295067517681,564.6295067517681,148.9631904552014,0.024024353817749096,"{'bias_segment_0_end': {'mean': 564.6295067517681, 'abs_mean': 564.6295067517681, 'std': 148.9631904552014}}"
1,861,-6.0,True,0.16666666666666666,0.0,5,6,6,8,0,28,11,0.39285714285714285,19,16.913112612311185,16.913112612311185,3.6544697704067053,4.18703385056024,4.18703385056024,0.9047056556227255,-4.039401928897267,"{'bias_segment_0_end': {'mean': 4.18703385056024, 'abs_mean': 4.18703385056024, 'std': 0.9047056556227255}}"
1,862,8.0,False,0.0,0.016666666666666666,6,5,6,9,0,34,21,0.6176470588235294,24,13.264128507233167,13.264128507233167,2.307086552440447,40.9196021673257,40.9196021673257,7.117321265394054,0.32415096444472696,"{'bias_segment_0_end': {'mean': 40.9196021673257, 'abs_mean': 40.9196021673257, 'std': 7.117321265394054}}"
1,863,10.0,True,0.12229102167182664,0.0,5,6,3,6,0,32,21,0.65625,22,12.399427619317603,12.399427619317603,2.8117275647405235,40.21643465283253,40.21643465283253,9.119586914865863,0.30831742610590385,"{'bias_segment_0_end': {'mean': 40.21643465283253, 'abs_mean': 40.21643465283253, 'std': 9.119586914865863}}"
1,864,-3.0,False,0.0,0.03166666666666667,6,5,7,7,1,47,22,0.46808510638297873,36,18.087968597263654,18.087968597263654,4.566514524781559,3.834913024460329,3.834913024460329,0.9681676487497506,-4.716656800791223,"{'bias_segment_0_end': {'mean': 3.834913024460329, 'abs_mean': 3.834913024460329, 'std': 0.9681676487497506}}"
1,865,-5.0,False,0.0,0.06,6,3,7,6,0,25,10,0.4,17,14.89181026116861,14.89181026116861,2.5742264247642703,6.0549588350612975,6.0549588350612975,1.0466716108194307,-2.4594403804923393,"{'bias_segment_0_end': {'mean': 6.0549588350612975, 'abs_mean': 6.0549588350612975, 'std': 1.0466716108194307}}"
1,866,5.0,True,0.10371702637889689,0.0,5,6,6,8,0,41,23,0.5609756097560976,30,14.583600234813108,14.583600234813108,4.623682376242976,18.756922716959807,18.756922716959807,5.946820510886694,-0.7775049486996486,"{'bias_segment_0_end': {'mean': 18.756922716959807, 'abs_mean': 18.756922716959807, 'std': 5.946820510886694}}"
1,867,-3.0,True,0.18843283582089554,0.0,4,6,3,6,0,27,12,0.4444444444444444,18,14.364186978398001,14.364186978398001,3.6602550183426326,5.9785979044505115,5.9785979044505115,1.5234550354522263,-2.4026012800936476,"{'bias_segment_0_end': {'mean': 5.9785979044505115, 'abs_mean': 5.9785979044505115, 'std': 1.5234550354522263}}"
1,868,9.0,False,0.0,0.10833333333333334,6,5,0,7,0,73,41,0.5616438356164384,40,10.01719039672752,10.01719039672752,4.016601911305645,4.447266978668998,4.447266978668998,1.7832246707064632,2.2524373834029454,"{'bias_segment_0_end': {'mean': 4.447266978668998, 'abs_mean': 4.447266978668998, 'std': 1.7832246707064632}}"
1,869,1.0,False,0.0,0.01,6,2,7,9,0,33,17,0.5151515151515151,23,14.31268845769087,14.31268845769087,1.7025511144592482,8.349732800869385,8.349732800869385,0.9932338657115307,-1.7141492786692065,"{'bias_segment_0_end': {'mean': 8.349732800869385, 'abs_mean': 8.349732800869385, 'std': 0.9932338657115307}}"
1,870,-25.0,False,0.0,0.16666666666666666,6,4,6,9,0,51,13,0.2549019607843137,42,28.335913803576933,28.335913803576933,7.1425010187644755,1.7112450566972777,1.7112450566972777,0.4313455230539657,-16.558653415931886,"{'bias_segment_0_end': {'mean': 1.7112450566972777, 'abs_mean': 1.7112450566972777, 'std': 0.4313455230539657}}"
1,871,-12.0,False,0.0,0.09333333333333334,6,3,6,7,0,30,9,0.3,22,21.55168735469424,21.55168735469424,4.981053300573602,2.5477206446409544,2.5477206446409544,0.5888324249082152,-8.459203484505847,"{'bias_segment_0_end': {'mean': 2.5477206446409544, 'abs_mean': 2.5477206446409544, 'std': 0.5888324249082152}}"
1,872,10.0,True,0.28960709759188846,0.0,4,6,3,6,0,26,18,0.6923076923076923,17,6.037168722470728,6.08471003218485,2.78832582357424,0.9856543559201081,0.9934161563865188,0.4552341701998538,6.125036313399164,"{'bias_segment_0_end': {'mean': 0.9856543559201081, 'abs_mean': 0.9934161563865188, 'std': 0.4552341701998538}}"
1,873,-3.0,False,0.0,0.13333333333333333,6,5,3,9,0,47,22,0.46808510638297873,34,18.990720360629492,18.990720360629492,3.7114815060179245,2.6801586292563075,2.6801586292563075,0.523801045815063,-7.085670285828959,"{'bias_segment_0_end': {'mean': 2.6801586292563075, 'abs_mean': 2.6801586292563075, 'std': 0.523801045815063}}"
1,874,11.0,True,0.5,0.0,3,6,7,7,1,27,19,0.7037037037037037,19,9.006727707684432,9.006727707684432,2.8159055049927533,1.7529914959008759,1.7529914959008759,0.548063465857994,5.137918654337685,"{'bias_segment_0_end': {'mean': 1.7529914959008759, 'abs_mean': 1.7529914959008759, 'std': 0.548063465857994}}"
1,875,3.0,False,0.0,0.016666666666666666,6,3,6,8,0,23,13,0.5652173913043478,15,13.034903780867822,13.034903780867822,2.0170877109634113,14.965926661433588,14.965926661433588,2.315904072592055,0.8709720470873407,"{'bias_segment_0_end': {'mean': 14.965926661433588, 'abs_mean': 14.965926661433588, 'std': 2.315904072592055}}"
1,876,5.0,True,0.5459349593495935,0.0,2,6,6,6,1,23,14,0.6086956521739131,15,12.182115968250752,12.182115968250752,2.8323760936232096,6.09412080248988,6.09412080248988,1.416900160662544,1.9989948284703336,"{'bias_segment_0_end': {'mean': 6.09412080248988, 'abs_mean': 6.09412080248988, 'std': 1.416900160662544}}"
1,877,-4.0,False,0.0,0.16666666666666666,6,4,6,7,0,48,22,0.4583333333333333,38,17.421839185929446,17.421839185929446,3.3577763840219617,4.333643110108659,4.333643110108659,0.835239284245869,-4.020137040194022,"{'bias_segment_0_end': {'mean': 4.333643110108659, 'abs_mean': 4.333643110108659, 'std': 0.835239284245869}}"
1,878,-18.0,False,0.0,0.0,6,5,7,6,0,40,11,0.275,31,23.33265588637223,23.33265588637223,6.752037038897442,2.0222668915988877,2.0222668915988877,0.5852064600406996,-11.537871674259808,"{'bias_segment_0_end': {'mean': 2.0222668915988877, 'abs_mean': 2.0222668915988877, 'std': 0.5852064600406996}}"
1,879,2.0,True,0.1076388888888889,0.0,5,6,3,6,0,24,13,0.5416666666666666,15,16.084245525255554,16.084245525255554,3.1363903666315704,4.525840489483424,4.525840489483424,0.882528340532864,-3.5538692896115287,"{'bias_segment_0_end': {'mean': 4.525840489483424, 'abs_mean': 4.525840489483424, 'std': 0.882528340532864}}"
1,880,5.0,False,0.0,0.11666666666666665,6,3,6,8,0,21,13,0.6190476190476191,14,11.420886060686879,11.420886060686879,2.152187430057871,6.5173138119910465,6.5173138119910465,1.2281429645105921,1.752391612580304,"{'bias_segment_0_end': {'mean': 6.5173138119910465, 'abs_mean': 6.5173138119910465, 'std': 1.2281429645105921}}"
1,881,4.0,False,0.0,0.11499999999999999,6,5,6,8,0,26,15,0.5769230769230769,16,15.813705345237858,15.813705345237858,2.216319444979747,5.7137560349960665,5.7137560349960665,0.800793256720548,-2.767654980083297,"{'bias_segment_0_end': {'mean': 5.7137560349960665, 'abs_mean': 5.7137560349960665, 'std': 0.800793256720548}}"
1,882,-9.0,True,0.0031094527363184077,0.0,5,6,2,9,0,37,14,0.3783783783783784,27,21.020334286416563,21.020334286416563,3.8203449331668313,2.586964842632958,2.586964842632958,0.4701684518509325,-8.12548123577223,"{'bias_segment_0_end': {'mean': 2.586964842632958, 'abs_mean': 2.586964842632958, 'std': 0.4701684518509325}}"
1,883,2.0,False,0.0,0.13166666666666668,6,5,3,8,0,36,19,0.5277777777777778,26,17.46507903861688,17.46507903861688,3.3554587278264614,3.9981672070619325,3.9981672070619325,0.7681433917694963,-4.368271293848953,"{'bias_segment_0_end': {'mean': 3.9981672070619325, 'abs_mean': 3.9981672070619325, 'std': 0.7681433917694963}}"
1,884,2.0,True,0.4386973180076628,0.0,3,6,3,6,0,22,12,0.5454545454545454,14,13.106188623709595,13.106188623709595,2.1364824541069947,7.503741884361459,7.503741884361459,1.223209381183803,-1.7466203962884423,"{'bias_segment_0_end': {'mean': 7.503741884361459, 'abs_mean': 7.503741884361459, 'std': 1.223209381183803}}"
1,885,3.0,True,0.3665389527458493,0.0,3,6,8,6,0,31,17,0.5483870967741935,23,15.689525573793082,15.689525573793082,3.207998130670169,28.802547059612557,28.802547059612557,5.889184901812077,-0.5447270181112979,"{'bias_segment_0_end': {'mean': 28.802547059612557, 'abs_mean': 28.802547059612557, 'std': 5.889184901812077}}"
1,886,-6.0,False,0.0,0.16666666666666666,6,5,8,8,1,34,14,0.4117647058823529,24,16.037735893104042,16.037735893104042,2.7938073963595267,7.3944635891292,7.3944635891292,1.2881311430189637,-2.1688842875204024,"{'bias_segment_0_end': {'mean': 7.3944635891292, 'abs_mean': 7.3944635891292, 'std': 1.2881311430189637}}"
1,887,-3.0,False,0.0,0.09833333333333333,6,4,3,9,0,23,10,0.43478260869565216,15,17.541910879058804,17.541910879058804,2.9207147285969612,3.8965229565148123,3.8965229565148123,0.6487680884865837,-4.501939568899373,"{'bias_segment_0_end': {'mean': 3.8965229565148123, 'abs_mean': 3.8965229565148123, 'std': 0.6487680884865837}}"
1,888,8.0,True,0.2654798761609907,0.0,3,6,3,8,0,30,19,0.6333333333333333,21,9.219774993204572,9.219774993204572,2.432183440984931,2.6548520083419964,2.6548520083419964,0.7003519172337919,3.4728018602296733,"{'bias_segment_0_end': {'mean': 2.6548520083419964, 'abs_mean': 2.6548520083419964, 'std': 0.7003519172337919}}"
1,889,9.0,False,0.0,0.0016666666666666668,6,2,6,6,1,43,26,0.6046511627906976,35,6.314750809270447,6.368830391904353,4.101531526246145,0.8208321774920686,0.8278617916307742,0.5331436117476733,7.693108265521749,"{'bias_segment_0_end': {'mean': 0.8208321774920686, 'abs_mean': 0.8278617916307742, 'std': 0.5331436117476733}}"
1,890,3.0,True,0.16666666666666666,0.0,5,6,3,6,0,33,18,0.5454545454545454,22,15.617371375307998,15.617371375307998,2.5232053501847687,7.902311877263466,7.902311877263466,1.2767292989564698,-1.9763041016189582,"{'bias_segment_0_end': {'mean': 7.902311877263466, 'abs_mean': 7.902311877263466, 'std': 1.2767292989564698}}"
1,891,-2.0,False,0.0,0.015,6,5,6,6,1,28,13,0.4642857142857143,20,14.975136528145935,14.975136528145935,3.4906603051814327,7.3569076378003375,7.3569076378003375,1.7148735446844852,-2.035520529196612,"{'bias_segment_0_end': {'mean': 7.3569076378003375, 'abs_mean': 7.3569076378003375, 'std': 1.7148735446844852}}"
1,892,-8.0,False,0.0,0.06166666666666667,6,3,3,6,0,32,12,0.375,24,16.20832977307854,16.20832977307854,3.543056861912716,4.864885243647974,4.864885243647974,1.063438693945763,-3.3316982747417474,"{'bias_segment_0_end': {'mean': 4.864885243647974, 'abs_mean': 4.864885243647974, 'std': 1.063438693945763}}"
1,893,13.0,True,0.6656346749226006,0.0,2,6,7,6,0,23,18,0.782608695652174,16,11.480386041500527,11.480386041500527,3.682694231288504,2.3129987690665588,2.3129987690665588,0.7419669680990522,4.9634207311461696,"{'bias_segment_0_end': {'mean': 2.3129987690665588, 'abs_mean': 2.3129987690665588, 'std': 0.7419669680990522}}"
1,894,-13.0,True,0.23789764868603044,0.0,4,6,3,8,0,61,24,0.39344262295081966,50,16.6917801838649,16.6917801838649,7.986817450883573,13.148093962736175,13.148093962736175,6.29120591996218,-1.2695209078344056,"{'bias_segment_0_end': {'mean': 13.148093962736175, 'abs_mean': 13.148093962736175, 'std': 6.29120591996218}}"
1,895,17.0,False,0.0,0.0,6,4,8,8,1,29,23,0.7931034482758621,19,7.2854193594453776,7.306558433487897,4.576084006417565,1.3525251463788857,1.356449577877342,0.8495418568593102,5.3865315398760805,"{'bias_segment_0_end': {'mean': 1.3525251463788857, 'abs_mean': 1.356449577877342, 'std': 0.8495418568593102}}"
1,896,-1.0,False,0.0,0.0033333333333333335,6,2,6,6,1,21,10,0.47619047619047616,14,13.564980572484107,13.564980572484107,2.342831206329017,17.83528321986555,17.83528321986555,3.0803625466280575,-0.7605699559273029,"{'bias_segment_0_end': {'mean': 17.83528321986555, 'abs_mean': 17.83528321986555, 'std': 3.0803625466280575}}"
1,897,-19.0,False,0.0,0.16666666666666666,6,2,6,6,1,35,8,0.22857142857142856,23,21.90564922830363,21.90564922830363,5.104488244323096,2.110088338101232,2.110088338101232,0.4916960462602593,-10.38138964741897,"{'bias_segment_0_end': {'mean': 2.110088338101232, 'abs_mean': 2.110088338101232, 'std': 0.4916960462602593}}"
1,898,9.0,False,0.0,0.07666666666666667,6,5,3,9,0,27,18,0.6666666666666666,17,7.923029991849843,8.070268950427531,4.587675820434175,2.1126971697504833,2.1519588324456995,1.223316045948864,3.750196717869215,"{'bias_segment_0_end': {'mean': 2.1126971697504833, 'abs_mean': 2.1519588324456995, 'std': 1.223316045948864}}"
1,899,1.0,False,0.0,0.043333333333333335,6,2,8,7,0,21,11,0.5238095238095238,15,14.443125863192817,14.443125863192817,1.5742987613891941,7.745778914440423,7.745778914440423,0.8442888517695458,-1.8646447339552328,"{'bias_segment_0_end': {'mean': 7.745778914440423, 'abs_mean': 7.745778914440423, 'std': 0.8442888517695458}}"
1,900,8.0,True,0.3543990086741016,0.0,3,6,8,8,1,26,17,0.6538461538461539,17,10.77681542210583,10.77681542210583,2.6851369832055503,5.972503686148321,5.972503686148321,1.48810106714017,1.8044049846465344,"{'bias_segment_0_end': {'mean': 5.972503686148321, 'abs_mean': 5.972503686148321, 'std': 1.48810106714017}}"
1,901,2.0,False,0.0,0.16666666666666666,6,5,6,7,0,26,14,0.5384615384615384,16,15.916642489434489,15.916642489434489,3.200724592127417,8.003840217387356,8.003840217387356,1.6095158405584291,-1.9886257167974875,"{'bias_segment_0_end': {'mean': 8.003840217387356, 'abs_mean': 8.003840217387356, 'std': 1.6095158405584291}}"
1,902,-7.0,True,0.38121890547263676,0.0,3,6,7,7,1,35,14,0.4,24,16.394858804303833,16.394858804303833,3.724519767584136,5.219462701985277,5.219462701985277,1.1857370802491483,-3.141100864283958,"{'bias_segment_0_end': {'mean': 5.219462701985277, 'abs_mean': 5.219462701985277, 'std': 1.1857370802491483}}"
1,903,16.0,True,0.5044893378226711,0.0,2,6,8,8,1,26,21,0.8076923076923077,19,4.316127003246613,4.783914716723741,4.924537540370732,0.3869617985268541,0.4289012444235372,0.4415087651733744,11.153883974278367,"{'bias_segment_0_end': {'mean': 0.3869617985268541, 'abs_mean': 0.4289012444235372, 'std': 0.4415087651733744}}"
1,904,-23.0,True,0.6666666666666666,0.0,2,6,6,6,1,41,9,0.21951219512195122,34,24.205147860803596,24.205147860803596,7.477571404496219,2.006108753160659,2.006108753160659,0.6197368234727938,-12.065720675745004,"{'bias_segment_0_end': {'mean': 2.006108753160659, 'abs_mean': 2.006108753160659, 'std': 0.6197368234727938}}"
1,905,-1.0,False,0.0,0.16666666666666666,6,5,3,6,0,27,13,0.48148148148148145,17,17.16868242841202,17.16868242841202,2.9565197352717902,3.958556505485802,3.958556505485802,0.6816801743789841,-4.337106822807635,"{'bias_segment_0_end': {'mean': 3.958556505485802, 'abs_mean': 3.958556505485802, 'std': 0.6816801743789841}}"
1,906,36.0,False,0.0,0.16666666666666666,6,5,6,6,1,96,66,0.6875,87,-4.126309193175101,6.091291231670419,6.759852602331545,-0.2076040665279922,0.30646681353706756,0.3401036673875608,19.875859188041158,"{'bias_segment_0_end': {'mean': -0.2076040665279922, 'abs_mean': 0.30646681353706756, 'std': 0.3401036673875608}}"
1,907,-5.0,False,0.0,0.0,6,4,3,8,0,33,14,0.42424242424242425,24,15.985264210220242,15.985264210220242,3.9929416643478013,11.078289766626341,11.078289766626341,2.767233884729812,-1.4429360981670927,"{'bias_segment_0_end': {'mean': 11.078289766626341, 'abs_mean': 11.078289766626341, 'std': 2.767233884729812}}"
1,908,11.0,True,0.2250712250712251,0.0,4,6,6,6,1,23,17,0.7391304347826086,15,9.047602225245516,9.047602225245516,1.813658737756309,1.8551993522776962,1.8551993522776962,0.3718884221224685,4.8768894912223,"{'bias_segment_0_end': {'mean': 1.8551993522776962, 'abs_mean': 1.8551993522776962, 'std': 0.3718884221224685}}"
1,909,6.0,True,0.29797979797979796,0.0,4,6,3,9,0,26,16,0.6153846153846154,18,13.216126540473683,13.216126540473683,1.8671137889525462,641.1291567264905,641.1291567264905,90.57578900728686,0.020613828589473686,"{'bias_segment_0_end': {'mean': 641.1291567264905, 'abs_mean': 641.1291567264905, 'std': 90.57578900728686}}"
1,910,-40.0,False,0.0,0.024999999999999998,6,5,7,7,1,74,17,0.22972972972972974,64,31.798593973965346,31.798593973965346,11.34063776113084,1.7971819970688476,1.7971819970688476,0.6409462643622019,-17.693585861547653,"{'bias_segment_0_end': {'mean': 1.7971819970688476, 'abs_mean': 1.7971819970688476, 'std': 0.6409462643622019}}"
1,911,4.0,False,0.0,0.09166666666666667,6,5,8,8,1,36,20,0.5555555555555556,27,8.940866446004481,8.99046082951541,4.123551072829181,2.2791899996740526,2.2918325129719244,1.0511684102537333,3.9228262879720948,"{'bias_segment_0_end': {'mean': 2.2791899996740526, 'abs_mean': 2.2918325129719244, 'std': 1.0511684102537333}}"
1,912,-7.0,True,0.05717790782220428,0.0,4,6,6,6,1,49,21,0.42857142857142855,36,12.441159831349488,12.441159831349488,5.442807246370426,32.297457210123675,32.297457210123675,14.129617859232349,0.3852055519544057,"{'bias_segment_0_end': {'mean': 32.297457210123675, 'abs_mean': 32.297457210123675, 'std': 14.129617859232349}}"
1,913,-13.0,False,0.0,0.0033333333333333335,6,4,4,8,0,41,14,0.34146341463414637,32,23.23779321577896,23.23779321577896,3.252136052354238,2.32800279769546,2.32800279769546,0.3258046819706647,-9.981857942259586,"{'bias_segment_0_end': {'mean': 2.32800279769546, 'abs_mean': 2.32800279769546, 'std': 0.3258046819706647}}"
1,914,11.0,False,0.0,0.041666666666666664,6,4,3,6,0,33,22,0.6666666666666666,24,12.34348147668273,12.34348147668273,2.4565871917143216,6.807978615025438,6.807978615025438,1.3549170141932376,1.813090518445556,"{'bias_segment_0_end': {'mean': 6.807978615025438, 'abs_mean': 6.807978615025438, 'std': 1.3549170141932376}}"
1,915,11.0,True,0.8333333333333334,0.0,1,6,9,9,1,23,17,0.7391304347826086,18,7.873421243993732,7.90861178233718,4.374871310987882,1.0087309844158874,1.013239543692122,0.5605019860447773,7.8052735225069885,"{'bias_segment_0_end': {'mean': 1.0087309844158874, 'abs_mean': 1.013239543692122, 'std': 0.5605019860447773}}"
1,916,14.0,True,0.6131346578366447,0.0,2,6,7,7,1,22,18,0.8181818181818182,15,10.760884459974362,10.760884459974362,3.7449460439812388,1.7609834113775127,1.7609834113775127,0.6128481245648942,6.110724490900662,"{'bias_segment_0_end': {'mean': 1.7609834113775127, 'abs_mean': 1.7609834113775127, 'std': 0.6128481245648942}}"
1,917,2.0,False,0.0,0.06166666666666667,6,4,6,7,0,34,18,0.5294117647058824,25,12.188912145502036,12.188912145502036,3.2414629454392756,17.026497381935652,17.026497381935652,4.527947998585732,0.71587901328631,"{'bias_segment_0_end': {'mean': 17.026497381935652, 'abs_mean': 17.026497381935652, 'std': 4.527947998585732}}"
1,918,7.0,True,0.597165991902834,0.0,2,6,8,8,1,23,15,0.6521739130434783,16,9.15719509821507,9.15719509821507,3.739584197419595,2.937590618294468,2.937590618294468,1.199643268144776,3.1172468488926595,"{'bias_segment_0_end': {'mean': 2.937590618294468, 'abs_mean': 2.937590618294468, 'std': 1.199643268144776}}"
1,919,5.0,True,0.11046511627906976,0.0,5,6,3,6,0,27,16,0.5925925925925926,17,10.92495272845475,10.92495272845475,1.8824981580249922,4.898141118018543,4.898141118018543,0.8440074626959587,2.2304283329579215,"{'bias_segment_0_end': {'mean': 4.898141118018543, 'abs_mean': 4.898141118018543, 'std': 0.8440074626959587}}"
1,920,-3.0,True,0.027675276752767528,0.0,5,6,6,9,0,29,13,0.4482758620689655,20,18.328157139976224,18.328157139976224,2.9575687801764547,3.6496020112218335,3.6496020112218335,0.5889271292265282,-5.021960499698492,"{'bias_segment_0_end': {'mean': 3.6496020112218335, 'abs_mean': 3.6496020112218335, 'std': 0.5889271292265282}}"
1,921,-6.0,False,0.0,0.16666666666666666,6,5,6,9,0,34,14,0.4117647058823529,26,22.305634482540228,22.305634482540228,4.439653593518305,2.387346236878185,2.387346236878185,0.47517098461489693,-9.343275867562555,"{'bias_segment_0_end': {'mean': 2.387346236878185, 'abs_mean': 2.387346236878185, 'std': 0.47517098461489693}}"
1,922,-6.0,False,0.0,0.021666666666666667,6,3,6,6,1,28,11,0.39285714285714285,18,16.145195484906157,16.145195484906157,4.0011652049368625,6.893307723057147,6.893307723057147,1.7083263584020403,-2.3421550485701874,"{'bias_segment_0_end': {'mean': 6.893307723057147, 'abs_mean': 6.893307723057147, 'std': 1.7083263584020403}}"
1,923,-73.0,False,0.0,0.14333333333333334,6,5,3,6,0,103,15,0.14563106796116504,93,41.451713544847664,41.451713544847664,14.377611755027159,1.603825959664048,1.603825959664048,0.556290319475821,-25.84551852093137,"{'bias_segment_0_100': {'mean': 1.6377286955697554, 'abs_mean': 1.6377286955697554, 'std': 0.5284646325571505}, 'bias_segment_100_end': {'mean': 0.4737347628071394, 'abs_mean': 0.4737347628071394, 'std': 0.013216614197831022}}"
1,924,-9.0,True,0.5035460992907801,0.0,2,6,8,0,0,27,9,0.3333333333333333,20,18.910555390478137,18.910555390478137,5.143992128028472,4.6204622684182,4.6204622684182,1.2568441828294108,-4.092784291246274,"{'bias_segment_0_end': {'mean': 4.6204622684182, 'abs_mean': 4.6204622684182, 'std': 1.2568441828294108}}"
1,925,-12.0,False,0.0,0.06333333333333334,6,5,6,6,1,30,9,0.3,20,18.4795870056005,18.4795870056005,5.438438298695435,3.531158650564302,3.531158650564302,1.0392000880852232,-5.233292761470048,"{'bias_segment_0_end': {'mean': 3.531158650564302, 'abs_mean': 3.531158650564302, 'std': 1.0392000880852232}}"
1,926,-3.0,True,0.3333333333333333,0.0,4,6,9,0,0,49,23,0.46938775510204084,40,18.434004662457287,18.434004662457287,5.1245955313548475,3.8951810544471153,3.8951810544471153,1.0828481271945647,-4.732515486388302,"{'bias_segment_0_end': {'mean': 3.8951810544471153, 'abs_mean': 3.8951810544471153, 'std': 1.0828481271945647}}"
1,927,-2.0,False,0.0,0.075,6,4,3,8,0,30,14,0.4666666666666667,22,16.932499997345605,16.932499997345605,2.2912551478262637,2.804682329943975,2.804682329943975,0.3795212064083208,-6.037225612529116,"{'bias_segment_0_end': {'mean': 2.804682329943975, 'abs_mean': 2.804682329943975, 'std': 0.3795212064083208}}"
1,928,-20.0,False,0.0,0.11666666666666665,6,5,8,6,0,46,13,0.2826086956521739,36,24.888325050255652,24.888325050255652,7.885723048355566,2.035976333157512,2.035976333157512,0.6450874240780509,-12.224270314408502,"{'bias_segment_0_end': {'mean': 2.035976333157512, 'abs_mean': 2.035976333157512, 'std': 0.6450874240780509}}"
1,929,9.0,True,0.26291079812206575,0.0,4,6,6,6,1,21,15,0.7142857142857143,14,7.743840701262728,7.743840701262728,2.0244167260196644,1.350961776295574,1.350961776295574,0.3531722463893187,5.732094598928514,"{'bias_segment_0_end': {'mean': 1.350961776295574, 'abs_mean': 1.350961776295574, 'std': 0.3531722463893187}}"
1,930,-8.0,False,0.0,0.16666666666666666,6,4,3,6,0,26,9,0.34615384615384615,17,17.43590924338882,17.43590924338882,3.0169844713471368,3.5510334474483254,3.5510334474483254,0.614445316194112,-4.910094343357365,"{'bias_segment_0_end': {'mean': 3.5510334474483254, 'abs_mean': 3.5510334474483254, 'std': 0.614445316194112}}"
1,931,-7.0,False,0.0,0.024999999999999998,6,2,6,8,0,29,11,0.3793103448275862,21,20.372983638887593,20.372983638887593,4.77801013617843,3.016925198398771,3.016925198398771,0.7075497351564423,-6.75289650857122,"{'bias_segment_0_end': {'mean': 3.016925198398771, 'abs_mean': 3.016925198398771, 'std': 0.7075497351564423}}"
1,932,0.0,True,0.14181662382176521,0.0,5,6,6,7,0,30,15,0.5,20,17.327588638382817,17.327588638382817,2.8659248832587685,4.23980396633207,4.23980396633207,0.7012493163840682,-4.086884388047126,"{'bias_segment_0_end': {'mean': 4.23980396633207, 'abs_mean': 4.23980396633207, 'std': 0.7012493163840682}}"
1,933,2.0,False,0.0,0.16666666666666666,6,2,7,7,1,18,10,0.5555555555555556,11,12.036503545581985,12.036503545581985,2.8418151201439152,7.36567453249903,7.36567453249903,1.7390336967248088,1.6341345918115437,"{'bias_segment_0_end': {'mean': 7.36567453249903, 'abs_mean': 7.36567453249903, 'std': 1.7390336967248088}}"
1,934,-10.0,False,0.0,0.034999999999999996,6,3,6,8,0,70,30,0.42857142857142855,62,24.22374459405701,24.22374459405701,5.224721186920502,2.5616558413200914,2.5616558413200914,0.5525131548417713,-9.456283784621846,"{'bias_segment_0_end': {'mean': 2.5616558413200914, 'abs_mean': 2.5616558413200914, 'std': 0.5525131548417713}}"
1,935,-7.0,False,0.0,0.011666666666666667,6,5,8,7,0,39,16,0.41025641025641024,30,17.893223194551386,17.893223194551386,3.1235403672262616,3.8676872082300346,3.8676872082300346,0.6751649488388358,-4.626336679056278,"{'bias_segment_0_end': {'mean': 3.8676872082300346, 'abs_mean': 3.8676872082300346, 'std': 0.6751649488388358}}"
1,936,-14.0,False,0.0,0.10666666666666667,6,4,7,6,0,38,12,0.3157894736842105,29,19.23289953455406,19.23289953455406,4.2764502434618255,2.8409309060609935,2.8409309060609935,0.6316832073632755,-6.7699286503313285,"{'bias_segment_0_end': {'mean': 2.8409309060609935, 'abs_mean': 2.8409309060609935, 'std': 0.6316832073632755}}"
1,937,-7.0,True,0.3343915343915344,0.0,3,6,6,6,1,47,20,0.425531914893617,39,16.65861647083767,16.65861647083767,6.8768412059712505,34.417843975572936,34.417843975572936,14.20802550357339,-0.48401104039697074,"{'bias_segment_0_end': {'mean': 34.417843975572936, 'abs_mean': 34.417843975572936, 'std': 14.20802550357339}}"
1,938,-16.0,False,0.0,0.09666666666666666,6,2,6,9,0,34,9,0.2647058823529412,27,22.819493083278484,22.819493083278484,4.188656005495933,2.193618850881146,2.193618850881146,0.4026520107164586,-10.402670032723423,"{'bias_segment_0_end': {'mean': 2.193618850881146, 'abs_mean': 2.193618850881146, 'std': 0.4026520107164586}}"
1,939,-5.0,False,0.0,0.16666666666666666,6,2,8,8,1,27,11,0.4074074074074074,20,18.888196851650534,18.888196851650534,4.3807649467442955,3.1275310140851067,3.1275310140851067,0.7253724822950697,-6.039331589866227,"{'bias_segment_0_end': {'mean': 3.1275310140851067, 'abs_mean': 3.1275310140851067, 'std': 0.7253724822950697}}"
1,940,20.0,True,0.32517482517482516,0.0,4,6,6,6,1,34,27,0.7941176470588235,25,4.8177129539981145,4.967760256849287,3.098811802873773,0.5351409493244492,0.5518078734143772,0.3442091934081484,9.002699120820216,"{'bias_segment_0_end': {'mean': 0.5351409493244492, 'abs_mean': 0.5518078734143772, 'std': 0.3442091934081484}}"
1,941,0.0,False,0.0,0.05833333333333333,6,3,3,6,0,18,9,0.5,11,14.43397094384019,14.43397094384019,3.8054335818107092,10.657248557773826,10.657248557773826,2.8097224048219127,-1.3543806232530318,"{'bias_segment_0_end': {'mean': 10.657248557773826, 'abs_mean': 10.657248557773826, 'std': 2.8097224048219127}}"
1,942,-4.0,False,0.0,0.055,6,5,3,6,0,36,16,0.4444444444444444,27,21.92047493868776,21.92047493868776,4.65648215962616,2.760914685411766,2.760914685411766,0.586490484938342,-7.9395698297061,"{'bias_segment_0_end': {'mean': 2.760914685411766, 'abs_mean': 2.760914685411766, 'std': 0.586490484938342}}"
1,943,-24.0,False,0.0,0.11,6,5,6,9,0,52,14,0.2692307692307692,42,25.67994503975615,25.67994503975615,5.488861596290785,1.8902920316476661,1.8902920316476661,0.40403323769667554,-13.58517340697475,"{'bias_segment_0_end': {'mean': 1.8902920316476661, 'abs_mean': 1.8902920316476661, 'std': 0.40403323769667554}}"
1,944,2.0,True,0.0503030303030303,0.0,5,6,8,6,0,36,19,0.5277777777777778,26,12.642008567913411,12.642008567913411,3.2799779919528533,11.29311145913739,11.29311145913739,2.930005690761443,1.1194442394070778,"{'bias_segment_0_end': {'mean': 11.29311145913739, 'abs_mean': 11.29311145913739, 'std': 2.930005690761443}}"
1,945,-7.0,False,0.0,0.16666666666666666,6,4,6,7,0,59,26,0.4406779661016949,50,20.824084741577547,20.824084741577547,3.7663225407172445,3.9443840044269916,3.9443840044269916,0.7133961741644598,-5.279426323148448,"{'bias_segment_0_end': {'mean': 3.9443840044269916, 'abs_mean': 3.9443840044269916, 'std': 0.7133961741644598}}"
1,946,-13.0,False,0.0,0.16666666666666666,6,5,3,9,0,31,9,0.2903225806451613,21,22.07526100776213,22.07526100776213,4.798254816680428,2.2568770364434565,2.2568770364434565,0.49055234757870075,-9.781330861760132,"{'bias_segment_0_end': {'mean': 2.2568770364434565, 'abs_mean': 2.2568770364434565, 'std': 0.49055234757870075}}"
1,947,-2.0,True,0.26092384519350814,0.0,4,6,9,9,1,46,22,0.4782608695652174,37,20.007524784902483,20.007524784902483,4.5390920043413425,3.6175392755710254,3.6175392755710254,0.8207083973488754,-5.530700086661618,"{'bias_segment_0_end': {'mean': 3.6175392755710254, 'abs_mean': 3.6175392755710254, 'std': 0.8207083973488754}}"
1,948,-13.0,False,0.0,0.16666666666666666,6,5,3,9,0,35,11,0.3142857142857143,26,23.136978854957515,23.136978854957515,5.357031085240249,2.2763892936364485,2.2763892936364485,0.5270648464765146,-10.163893723993507,"{'bias_segment_0_end': {'mean': 2.2763892936364485, 'abs_mean': 2.2763892936364485, 'std': 0.5270648464765146}}"
1,949,7.0,False,0.0,0.16666666666666666,6,3,7,9,0,23,15,0.6521739130434783,15,11.357244626515136,11.357244626515136,3.321323848976501,8.61390669433164,8.61390669433164,2.51905939139048,1.318477785925954,"{'bias_segment_0_end': {'mean': 8.61390669433164, 'abs_mean': 8.61390669433164, 'std': 2.51905939139048}}"
1,950,10.0,False,0.0,0.028333333333333335,6,4,6,6,1,26,18,0.6923076923076923,17,6.786464996108865,6.786464996108865,4.457767721449592,0.9939677299082867,0.9939677299082867,0.6528991551696215,6.827651232434931,"{'bias_segment_0_end': {'mean': 0.9939677299082867, 'abs_mean': 0.9939677299082867, 'std': 0.6528991551696215}}"
1,951,0.0,False,0.0,0.13333333333333333,6,4,3,6,0,32,16,0.5,23,12.924158998371084,12.924158998371084,3.8513495472415022,55.54147004527678,55.54147004527678,16.55114391110204,-0.23269385898204448,"{'bias_segment_0_end': {'mean': 55.54147004527678, 'abs_mean': 55.54147004527678, 'std': 16.55114391110204}}"
1,952,16.0,False,0.0,0.16666666666666666,6,5,6,6,1,30,23,0.7666666666666667,20,5.1402838186883315,5.463924998136652,4.221701479938187,0.6931818092782259,0.736825737559247,0.5693083832174194,7.41549150581525,"{'bias_segment_0_end': {'mean': 0.6931818092782259, 'abs_mean': 0.736825737559247, 'std': 0.5693083832174194}}"
1,953,12.0,False,0.0,0.16666666666666666,6,4,6,7,0,28,20,0.7142857142857143,19,9.428705249715035,9.428705249715035,3.8039198477946687,2.3975923904723224,2.3975923904723224,0.9672854373419696,3.9325722283668045,"{'bias_segment_0_end': {'mean': 2.3975923904723224, 'abs_mean': 2.3975923904723224, 'std': 0.9672854373419696}}"
1,954,9.0,True,0.21752738654147105,0.0,4,6,9,7,0,25,17,0.68,16,10.295788839943903,10.295788839943903,2.357524848842245,3.1086986289749037,3.1086986289749037,0.7118283386831858,3.3119289029760184,"{'bias_segment_0_end': {'mean': 3.1086986289749037, 'abs_mean': 3.1086986289749037, 'std': 0.7118283386831858}}"
1,955,-14.0,False,0.0,0.07666666666666667,6,4,6,8,0,38,12,0.3157894736842105,28,22.87249259831136,22.87249259831136,4.295252942773711,2.248056295233936,2.248056295233936,0.422165200234338,-10.17434156199866,"{'bias_segment_0_end': {'mean': 2.248056295233936, 'abs_mean': 2.248056295233936, 'std': 0.422165200234338}}"
1,956,11.0,True,0.2607192254495159,0.0,4,6,6,6,1,25,18,0.72,17,10.509986673888243,10.509986673888243,2.035500311972167,3.011611643677299,3.011611643677299,0.5832677652650405,3.4898213705453496,"{'bias_segment_0_end': {'mean': 3.011611643677299, 'abs_mean': 3.011611643677299, 'std': 0.5832677652650405}}"
1,957,20.0,True,0.16666666666666666,0.0,5,6,3,9,0,36,28,0.7777777777777778,25,7.615910656920162,7.615910656920162,4.734664092997719,1.2183189722606231,1.2183189722606231,0.7574052994619742,6.25116314390856,"{'bias_segment_0_end': {'mean': 1.2183189722606231, 'abs_mean': 1.2183189722606231, 'std': 0.7574052994619742}}"
1,958,-6.0,False,0.0,0.09166666666666667,6,4,6,7,0,30,12,0.4,21,15.165082669951584,15.165082669951584,2.937112832212171,5.973971803098816,5.973971803098816,1.157015073641615,-2.538525987364916,"{'bias_segment_0_end': {'mean': 5.973971803098816, 'abs_mean': 5.973971803098816, 'std': 1.157015073641615}}"
1,959,-18.0,True,0.17972636815920398,0.0,4,6,3,8,0,58,20,0.3448275862068966,49,28.373927651874816,28.373927651874816,7.14602778360261,1.8055922046620732,1.8055922046620732,0.4547418397156202,-15.714471727676273,"{'bias_segment_0_end': {'mean': 1.8055922046620732, 'abs_mean': 1.8055922046620732, 'std': 0.4547418397156202}}"
1,960,5.0,False,0.0,0.145,6,5,6,6,1,39,22,0.5641025641025641,25,15.980517119708164,15.980517119708164,2.4274441856911517,6.340205409070318,6.340205409070318,0.9630786438916187,-2.5205046348887032,"{'bias_segment_0_end': {'mean': 6.340205409070318, 'abs_mean': 6.340205409070318, 'std': 0.9630786438916187}}"
1,961,-3.0,True,0.1815034619188922,0.0,4,6,7,6,0,27,12,0.4444444444444444,18,14.830325194875384,14.830325194875384,3.504116340209727,7.887130214079284,7.887130214079284,1.8635749046195675,-1.8803195576005363,"{'bias_segment_0_end': {'mean': 7.887130214079284, 'abs_mean': 7.887130214079284, 'std': 1.8635749046195675}}"
1,962,2.0,False,0.0,0.03,6,4,6,6,1,28,15,0.5357142857142857,20,10.528892081521485,10.528892081521485,2.488558017175897,6.037366811321921,6.037366811321921,1.4269628242571697,1.7439543447611252,"{'bias_segment_0_end': {'mean': 6.037366811321921, 'abs_mean': 6.037366811321921, 'std': 1.4269628242571697}}"
1,963,-18.0,False,0.0,0.06166666666666667,6,5,6,7,0,36,9,0.25,26,23.675475298686948,23.675475298686948,5.807929589509894,2.5020992667391684,2.5020992667391684,0.6138004067015025,-9.46224460932029,"{'bias_segment_0_end': {'mean': 2.5020992667391684, 'abs_mean': 2.5020992667391684, 'std': 0.6138004067015025}}"
1,964,28.0,True,0.28240528128587833,0.0,3,6,7,7,1,32,30,0.9375,24,1.4012364979347232,3.1874426536769365,3.9833848376916503,0.10511933915640334,0.2391187111150034,0.2988294855015188,13.329959160510636,"{'bias_segment_0_end': {'mean': 0.10511933915640334, 'abs_mean': 0.2391187111150034, 'std': 0.2988294855015188}}"
1,965,-17.0,False,0.0,0.16666666666666666,6,3,6,8,0,31,7,0.22580645161290322,23,21.255871086627526,21.255871086627526,4.333896042052243,2.131724492403186,2.131724492403186,0.43464096591102397,-9.971209301378742,"{'bias_segment_0_end': {'mean': 2.131724492403186, 'abs_mean': 2.131724492403186, 'std': 0.43464096591102397}}"
1,966,10.0,True,0.16558441558441558,0.0,5,6,6,6,1,36,23,0.6388888888888888,26,10.272696931031218,10.272696931031218,2.363341041324774,3.5493485266314746,3.5493485266314746,0.8165646372390081,2.8942485794091826,"{'bias_segment_0_end': {'mean': 3.5493485266314746, 'abs_mean': 3.5493485266314746, 'std': 0.8165646372390081}}"
1,967,1.0,True,0.44507575757575757,0.0,3,6,6,9,0,27,14,0.5185185185185185,19,16.370796540043077,16.370796540043077,2.4014892274486765,6.059149003026885,6.059149003026885,0.8888376947745736,-2.701830988454805,"{'bias_segment_0_end': {'mean': 6.059149003026885, 'abs_mean': 6.059149003026885, 'std': 0.8888376947745736}}"
1,968,12.0,True,0.8266666666666667,0.0,1,6,7,6,0,16,14,0.875,10,8.492498802294659,8.492498802294659,3.0479923594198093,1.3904536517948376,1.3904536517948376,0.49903947065060666,6.107718003640247,"{'bias_segment_0_end': {'mean': 1.3904536517948376, 'abs_mean': 1.3904536517948376, 'std': 0.49903947065060666}}"
1,969,-5.0,False,0.0,0.028333333333333335,6,4,6,9,0,27,11,0.4074074074074074,19,16.236708370315828,16.236708370315828,3.102078437554849,4.842615625238623,4.842615625238623,0.9251982095017895,-3.3528798539561473,"{'bias_segment_0_end': {'mean': 4.842615625238623, 'abs_mean': 4.842615625238623, 'std': 0.9251982095017895}}"
1,970,-3.0,True,0.3333333333333333,0.0,4,6,3,6,0,29,13,0.4482758620689655,20,15.371397221831366,15.371397221831366,4.224274029435553,7.486613936498493,7.486613936498493,2.0574257735948973,-2.0531841700682922,"{'bias_segment_0_end': {'mean': 7.486613936498493, 'abs_mean': 7.486613936498493, 'std': 2.0574257735948973}}"
1,971,0.0,False,0.0,0.14666666666666667,6,2,3,8,0,22,11,0.5,15,13.607865366050346,13.607865366050346,2.4827554018487406,9.604578921653507,9.604578921653507,1.7523556824503614,-1.4168101982452805,"{'bias_segment_0_end': {'mean': 9.604578921653507, 'abs_mean': 9.604578921653507, 'std': 1.7523556824503614}}"
1,972,3.0,True,0.2305352798053528,0.0,4,6,8,6,0,29,16,0.5517241379310345,21,11.467236809597985,11.467236809597985,1.9271896730062985,7.6863179066174805,7.6863179066174805,1.291766511761425,1.4919024881504508,"{'bias_segment_0_end': {'mean': 7.6863179066174805, 'abs_mean': 7.6863179066174805, 'std': 1.291766511761425}}"
1,973,5.0,True,0.5,0.0,3,6,8,6,0,21,13,0.6190476190476191,13,7.737968456687386,7.737968456687386,3.425373501121643,1.709577782122141,1.709577782122141,0.756780344319782,4.526245332389647,"{'bias_segment_0_end': {'mean': 1.709577782122141, 'abs_mean': 1.709577782122141, 'std': 0.756780344319782}}"
1,974,1.0,False,0.0,0.045000000000000005,6,3,6,6,1,41,21,0.5121951219512195,33,16.083687664512485,16.083687664512485,4.009026278836407,4.609208067905225,4.609208067905225,1.148893006025489,-3.489468782393705,"{'bias_segment_0_end': {'mean': 4.609208067905225, 'abs_mean': 4.609208067905225, 'std': 1.148893006025489}}"
1,975,-11.0,False,0.0,0.16666666666666666,6,5,7,9,0,33,11,0.3333333333333333,23,22.342827439900343,22.342827439900343,3.0612927182830987,2.5071480709598326,2.5071480709598326,0.3435157951218141,-8.911650531811889,"{'bias_segment_0_end': {'mean': 2.5071480709598326, 'abs_mean': 2.5071480709598326, 'std': 0.3435157951218141}}"
1,976,14.0,True,0.16666666666666666,0.0,5,6,3,8,0,28,21,0.75,18,9.64290533663207,9.64290533663207,2.6970435921980407,2.235694985616394,2.235694985616394,0.6253060280660159,4.313157831757387,"{'bias_segment_0_end': {'mean': 2.235694985616394, 'abs_mean': 2.235694985616394, 'std': 0.6253060280660159}}"
1,977,6.0,False,0.0,0.045000000000000005,6,1,6,6,1,18,12,0.6666666666666666,12,11.727078523621879,11.727078523621879,2.3607998917068933,7.1278349377405466,7.1278349377405466,1.434917649372522,1.6452511353102752,"{'bias_segment_0_end': {'mean': 7.1278349377405466, 'abs_mean': 7.1278349377405466, 'std': 1.434917649372522}}"
1,978,15.0,True,0.19767441860465115,0.0,4,6,6,9,0,25,20,0.8,16,8.913163897371511,8.913163897371511,3.508765498387031,2.1745388327495223,2.1745388327495223,0.8560312498577972,4.098875477933665,"{'bias_segment_0_end': {'mean': 2.1745388327495223, 'abs_mean': 2.1745388327495223, 'std': 0.8560312498577972}}"
1,979,0.0,True,0.5382803297997644,0.0,2,6,6,8,0,28,14,0.5,21,17.38147799469845,17.38147799469845,4.523484930433574,6.627238650027122,6.627238650027122,1.7247218086360852,-2.6227330736953793,"{'bias_segment_0_end': {'mean': 6.627238650027122, 'abs_mean': 6.627238650027122, 'std': 1.7247218086360852}}"
1,980,-9.0,False,0.0,0.16666666666666666,6,5,3,6,0,35,13,0.37142857142857144,26,18.35525478040637,18.35525478040637,3.461482616889755,3.828302776951955,3.828302776951955,0.7219514887233065,-4.7946194044298105,"{'bias_segment_0_end': {'mean': 3.828302776951955, 'abs_mean': 3.828302776951955, 'std': 0.7219514887233065}}"
1,981,-10.0,False,0.0,0.06166666666666667,6,5,3,9,0,36,13,0.3611111111111111,26,20.62930481244081,20.62930481244081,3.5764557983040786,2.338644584746066,2.338644584746066,0.4054455087717465,-8.821051709608442,"{'bias_segment_0_end': {'mean': 2.338644584746066, 'abs_mean': 2.338644584746066, 'std': 0.4054455087717465}}"
1,982,10.0,True,0.4390402075226978,0.0,3,6,6,6,1,22,16,0.7272727272727273,14,9.36042748265233,9.36042748265233,1.776523128690415,1.978333858455696,1.978333858455696,0.37546958857716883,4.731470091685716,"{'bias_segment_0_end': {'mean': 1.978333858455696, 'abs_mean': 1.978333858455696, 'std': 0.37546958857716883}}"
1,983,22.0,True,0.35585585585585583,0.0,3,6,6,6,1,34,28,0.8235294117647058,26,4.823575261656208,5.318149887154658,4.145865673972911,0.5301088083417834,0.5844623430410734,0.4556288215186402,9.099217341331643,"{'bias_segment_0_end': {'mean': 0.5301088083417834, 'abs_mean': 0.5844623430410734, 'std': 0.4556288215186402}}"
1,984,7.0,True,0.30201371036846614,0.0,3,6,3,6,0,35,21,0.6,24,13.890523875679918,13.890523875679918,3.872722478120346,201.6859786544149,201.6859786544149,56.230695836043175,-0.06887203546995731,"{'bias_segment_0_end': {'mean': 201.6859786544149, 'abs_mean': 201.6859786544149, 'std': 56.230695836043175}}"
1,985,27.0,True,0.37222222222222223,0.0,3,6,8,8,1,33,30,0.9090909090909091,25,0.977591755112951,3.901897062712252,4.759100689382484,0.07224654933051877,0.28836024562346724,0.35170980209898706,13.53132798966762,"{'bias_segment_0_end': {'mean': 0.07224654933051877, 'abs_mean': 0.28836024562346724, 'std': 0.35170980209898706}}"
1,986,-94.0,True,0.46511627906976744,0.0,3,6,8,6,0,138,22,0.15942028985507245,130,45.74220416684575,45.74220416684575,21.180622015732858,1.436573242987847,1.436573242987847,0.6651956417897151,-31.841191801476924,"{'bias_segment_0_100': {'mean': 1.7706766367694713, 'abs_mean': 1.7706766367694713, 'std': 0.4260493640395844}, 'bias_segment_100_end': {'mean': 0.5573537856677837, 'abs_mean': 0.5573537856677837, 'std': 0.24992783620013387}}"
1,987,6.0,False,0.0,0.07833333333333332,6,4,6,9,0,28,17,0.6071428571428571,20,11.975042154565296,11.975042154565296,2.186249645609292,8.230302217348973,8.230302217348973,1.5025830451107705,1.4549942199355255,"{'bias_segment_0_end': {'mean': 8.230302217348973, 'abs_mean': 8.230302217348973, 'std': 1.5025830451107705}}"
1,988,-6.0,True,0.0,0.0,6,6,6,6,1,34,14,0.4117647058823529,24,15.54351456295827,15.54351456295827,3.258058186532881,5.784313996973679,5.784313996973679,1.2124433952812592,-2.687183747474731,"{'bias_segment_0_end': {'mean': 5.784313996973679, 'abs_mean': 5.784313996973679, 'std': 1.2124433952812592}}"
1,989,-12.0,True,0.21212121212121213,0.0,4,6,6,8,0,38,13,0.34210526315789475,30,20.152080392829152,20.152080392829152,3.882807021283113,2.689513532517543,2.689513532517543,0.5182026780525855,-7.492834726124474,"{'bias_segment_0_end': {'mean': 2.689513532517543, 'abs_mean': 2.689513532517543, 'std': 0.5182026780525855}}"
1,990,-20.0,True,0.20493827160493827,0.0,4,6,3,6,0,46,13,0.2826086956521739,37,24.17774922049738,24.17774922049738,6.633012568814913,2.1320340536508438,2.1320340536508438,0.5849100570130132,-11.340226568659155,"{'bias_segment_0_end': {'mean': 2.1320340536508438, 'abs_mean': 2.1320340536508438, 'std': 0.5849100570130132}}"
1,991,-12.0,False,0.0,0.18833333333333332,6,4,4,7,0,30,9,0.3,20,22.416609327565403,22.416609327565403,4.6141440623120875,2.4421952533496567,2.4421952533496567,0.5026915784892224,-9.17887678997792,"{'bias_segment_0_end': {'mean': 2.4421952533496567, 'abs_mean': 2.4421952533496567, 'std': 0.5026915784892224}}"
1,992,-2.0,False,0.0,0.09333333333333334,6,4,3,9,0,26,12,0.46153846153846156,18,19.029456292100306,19.029456292100306,3.2070032080083517,3.306571791360221,3.306571791360221,0.5572511468340933,-5.755041019167523,"{'bias_segment_0_end': {'mean': 3.306571791360221, 'abs_mean': 3.306571791360221, 'std': 0.5572511468340933}}"
1,993,6.0,True,0.6040914560770156,0.0,2,6,9,7,0,24,15,0.625,17,14.54591393201955,14.54591393201955,2.8280090829737516,158.21400398300278,158.21400398300278,30.75988503772593,0.09193822016907076,"{'bias_segment_0_end': {'mean': 158.21400398300278, 'abs_mean': 158.21400398300278, 'std': 30.75988503772593}}"
1,994,24.0,True,0.40977011494252874,0.0,3,6,7,7,1,28,26,0.9285714285714286,20,4.361888238346453,5.402506757973597,4.899873573626936,0.39536044511530566,0.48968184415944593,0.4441232996405812,11.03268749374845,"{'bias_segment_0_end': {'mean': 0.39536044511530566, 'abs_mean': 0.48968184415944593, 'std': 0.4441232996405812}}"
1,995,-3.0,False,0.0,0.05833333333333333,6,5,6,7,0,33,15,0.45454545454545453,23,14.143442577207871,14.143442577207871,3.5452251765014204,13.532511536185547,13.532511536185547,3.392087911941173,-1.0451454291680233,"{'bias_segment_0_end': {'mean': 13.532511536185547, 'abs_mean': 13.532511536185547, 'std': 3.392087911941173}}"
1,996,8.0,True,0.33267716535433073,0.0,4,6,7,7,1,92,50,0.5434782608695652,81,6.606384515109757,6.695416186028041,5.01311779813596,1.0660244435337978,1.0803908397419622,0.8089305275683728,6.1972167291118065,"{'bias_segment_0_end': {'mean': 1.0660244435337978, 'abs_mean': 1.0803908397419622, 'std': 0.8089305275683728}}"
1,997,-7.0,False,0.0,0.14333333333333334,6,5,7,7,1,45,19,0.4222222222222222,33,19.58211793494814,19.58211793494814,3.7085975114602157,2.933347720921314,2.933347720921314,0.5555377663537236,-6.675689279959531,"{'bias_segment_0_end': {'mean': 2.933347720921314, 'abs_mean': 2.933347720921314, 'std': 0.5555377663537236}}"
1,998,-19.0,True,0.053703703703703705,0.0,5,6,6,8,0,47,14,0.2978723404255319,37,20.161315554993358,20.161315554993358,6.3819463748268825,2.766560926676815,2.766560926676815,0.8757386604352768,-7.287501012750542,"{'bias_segment_0_end': {'mean': 2.766560926676815, 'abs_mean': 2.766560926676815, 'std': 0.8757386604352768}}"
1,999,-1.0,False,0.0,0.03166666666666667,6,3,6,6,1,29,14,0.4827586206896552,21,15.781167829231883,15.781167829231883,3.1046433517866854,6.638792900511533,6.638792900511533,1.3060557029425484,-2.377114042526603,"{'bias_segment_0_end': {'mean': 6.638792900511533, 'abs_mean': 6.638792900511533, 'std': 1.3060557029425484}}"
1,1000,1.0,False,0.0,0.16666666666666666,6,4,6,8,0,31,16,0.5161290322580645,20,14.788159108504162,14.788159108504162,2.202654061062812,5.2255213212429314,5.2255213212429314,0.7783264755913426,-2.8299873255491144,"{'bias_segment_0_end': {'mean': 5.2255213212429314, 'abs_mean': 5.2255213212429314, 'std': 0.7783264755913426}}"
