total_steps,episode,episode_reward,win,bias_mean,bias_abs_mean,bias_std,bias_mean_normalised,bias_abs_mean_normalised,bias_std_normalised,average_discounted_return,bias_segments
1,1,3.0,True,14.193205295705935,14.193205295705935,3.2527463057787913,15.329067831522684,15.329067831522684,3.5130590815242573,-0.9259013954207338,"{'bias_segment_0_end': {'mean': 15.329067831522684, 'abs_mean': 15.329067831522684, 'std': 3.5130590815242573}}"
1,2,21.0,True,3.8448786951948666,4.659220831859051,3.8514269723261196,0.4055745393469309,0.49147489229204055,0.40626528011967444,9.480079053744383,"{'bias_segment_0_end': {'mean': 0.4055745393469309, 'abs_mean': 0.49147489229204055, 'std': 0.40626528011967444}}"
1,3,0.0,True,14.746018868717773,14.746018868717773,3.6102418258481794,9.28322405127585,9.28322405127585,2.272795392913402,-1.5884587926854077,"{'bias_segment_0_end': {'mean': 9.28322405127585, 'abs_mean': 9.28322405127585, 'std': 2.272795392913402}}"
1,4,-18.0,True,24.357908706177597,24.357908706177597,8.126067500099316,1.9702562851364243,1.9702562851364243,0.6572992681203774,-12.362812335599788,"{'bias_segment_0_end': {'mean': 1.9702562851364243, 'abs_mean': 1.9702562851364243, 'std': 0.6572992681203774}}"
1,5,-2.0,True,17.28089717903272,17.28089717903272,5.530721728888489,4.672310177275003,4.672310177275003,1.4953649196475414,3.698576619138614,"{'bias_segment_0_end': {'mean': 4.672310177275003, 'abs_mean': 4.672310177275003, 'std': 1.4953649196475414}}"
1,6,-10.0,False,19.208521770413086,19.208521770413086,6.771960153765436,3.7342324929846535,3.7342324929846535,1.3165028496018625,-5.143900870258971,"{'bias_segment_0_end': {'mean': 3.7342324929846535, 'abs_mean': 3.7342324929846535, 'std': 1.3165028496018625}}"
1,7,16.0,False,7.530355032432595,7.530355032432595,4.351906110923157,1.5318626679103478,1.5318626679103478,0.8852866135609744,4.91581601287075,"{'bias_segment_0_end': {'mean': 1.5318626679103478, 'abs_mean': 1.5318626679103478, 'std': 0.8852866135609744}}"
1,8,10.0,True,7.657846147190679,7.657846147190679,1.9693962446373596,1.0774080778698198,1.0774080778698198,0.27708096790077047,7.107656146713943,"{'bias_segment_0_end': {'mean': 1.0774080778698198, 'abs_mean': 1.0774080778698198, 'std': 0.27708096790077047}}"
1,9,-5.0,True,22.95551542554866,22.95551542554866,2.5877253084105765,3.334981956969154,3.334981956969154,0.37594525991504496,-6.88325026094316,"{'bias_segment_0_end': {'mean': 3.334981956969154, 'abs_mean': 3.334981956969154, 'std': 0.37594525991504496}}"
1,10,8.0,False,9.168874270186251,9.168874270186251,2.445542769629885,3.041968476338269,3.041968476338269,0.8113606745531232,3.0141253407146302,"{'bias_segment_0_end': {'mean': 3.041968476338269, 'abs_mean': 3.041968476338269, 'std': 0.8113606745531232}}"
1,11,10.0,True,10.937815439902625,10.937815439902625,2.230959120880683,4.903828925578808,4.903828925578808,1.0002218385260997,2.230464317963868,"{'bias_segment_0_end': {'mean': 4.903828925578808, 'abs_mean': 4.903828925578808, 'std': 1.0002218385260997}}"
1,12,11.0,True,13.956410344789388,13.956410344789388,4.128040702286007,6.4647135844058665,6.4647135844058665,1.9121393070111397,2.158859810658114,"{'bias_segment_0_end': {'mean': 6.4647135844058665, 'abs_mean': 6.4647135844058665, 'std': 1.9121393070111397}}"
1,13,24.0,True,6.35337510518617,6.556994435965461,3.973590579311915,0.6998232050369927,0.7222518402606761,0.4376903376047998,9.078543065530859,"{'bias_segment_0_end': {'mean': 0.6998232050369927, 'abs_mean': 0.7222518402606761, 'std': 0.4376903376047998}}"
1,14,4.0,False,15.834516535282503,15.834516535282503,3.9543752330355613,3.904564204709533,3.904564204709533,0.9750921003806381,-4.055386390159377,"{'bias_segment_0_end': {'mean': 3.904564204709533, 'abs_mean': 3.904564204709533, 'std': 0.9750921003806381}}"
1,15,0.0,False,15.465185908933083,15.465185908933083,2.478519835495463,4.857750848271282,4.857750848271282,0.7785248689691245,-3.183610356310606,"{'bias_segment_0_end': {'mean': 4.857750848271282, 'abs_mean': 4.857750848271282, 'std': 0.7785248689691245}}"
1,16,9.0,True,5.1205481638770785,5.300023247554115,3.4573901107563776,0.5351665112233119,0.5539240839106523,0.3613440093317102,9.568140114321166,"{'bias_segment_0_end': {'mean': 0.5351665112233119, 'abs_mean': 0.5539240839106523, 'std': 0.3613440093317102}}"
1,17,-1.0,False,14.998179624752664,14.998179624752664,3.325688244726792,7.617279299143304,7.617279299143304,1.6890513952875392,-1.9689680574584512,"{'bias_segment_0_end': {'mean': 7.617279299143304, 'abs_mean': 7.617279299143304, 'std': 1.6890513952875392}}"
1,18,0.0,False,13.128869039048771,13.128869039048771,3.2233548015180804,7.949766756850527,7.949766756850527,1.9517994101721636,1.6514785201383766,"{'bias_segment_0_end': {'mean': 7.949766756850527, 'abs_mean': 7.949766756850527, 'std': 1.9517994101721636}}"
1,19,-20.0,False,19.812091308692185,19.812091308692185,6.148955485664823,4.508288410293044,4.508288410293044,1.3992094181025894,-4.394592693639219,"{'bias_segment_0_end': {'mean': 4.508288410293044, 'abs_mean': 4.508288410293044, 'std': 1.3992094181025894}}"
1,20,3.0,False,13.831842629351403,13.831842629351403,2.1574548622925946,7.533119106816635,7.533119106816635,1.1749963385748048,-1.8361375192959741,"{'bias_segment_0_end': {'mean': 7.533119106816635, 'abs_mean': 7.533119106816635, 'std': 1.1749963385748048}}"
1,21,15.0,True,9.60958230354637,9.60958230354637,3.514221786680033,2.0142785722080783,2.0142785722080783,0.7366211578503312,4.7707315344233745,"{'bias_segment_0_end': {'mean': 2.0142785722080783, 'abs_mean': 2.0142785722080783, 'std': 0.7366211578503312}}"
1,22,-3.0,False,14.239259663643328,14.239259663643328,2.6800334559561563,10.454275666985787,10.454275666985787,1.96764503261692,-1.3620512905174655,"{'bias_segment_0_end': {'mean': 10.454275666985787, 'abs_mean': 10.454275666985787, 'std': 1.96764503261692}}"
1,23,11.0,False,9.778016727126921,9.778016727126921,2.2656361320275913,2.9768548838685196,2.9768548838685196,0.6897584830249157,3.2846803450560116,"{'bias_segment_0_end': {'mean': 2.9768548838685196, 'abs_mean': 2.9768548838685196, 'std': 0.6897584830249157}}"
1,24,-9.0,False,17.690205539168,17.690205539168,3.948748043248962,3.4616209686787944,3.4616209686787944,0.7726913628151569,-5.110382014446796,"{'bias_segment_0_end': {'mean': 3.4616209686787944, 'abs_mean': 3.4616209686787944, 'std': 0.7726913628151569}}"
1,25,-1.0,False,14.075421878945196,14.075421878945196,1.7895291394682404,17.394345415468067,17.394345415468067,2.211492362407868,-0.8091952610316977,"{'bias_segment_0_end': {'mean': 17.394345415468067, 'abs_mean': 17.394345415468067, 'std': 2.211492362407868}}"
1,26,-1.0,False,11.818947070491076,11.818947070491076,2.645409199283969,48.702740407544354,48.702740407544354,10.901028385695582,0.24267519592511988,"{'bias_segment_0_end': {'mean': 48.702740407544354, 'abs_mean': 48.702740407544354, 'std': 10.901028385695582}}"
1,27,18.0,False,7.596345948440813,7.641645605449571,4.0947417121964556,1.5093448877420705,1.5183456370742772,0.8135987370607426,5.032876190281925,"{'bias_segment_0_end': {'mean': 1.5093448877420705, 'abs_mean': 1.5183456370742772, 'std': 0.8135987370607426}}"
1,28,15.0,False,8.310799345271844,8.310799345271844,2.784441232588426,1.5901863236045763,1.5901863236045763,0.5327743076196183,5.226305384411323,"{'bias_segment_0_end': {'mean': 1.5901863236045763, 'abs_mean': 1.5901863236045763, 'std': 0.5327743076196183}}"
1,29,11.0,True,11.317138651082882,11.317138651082882,1.6157900079654248,2.695857424421638,2.695857424421638,0.3848975985518291,4.197973731311414,"{'bias_segment_0_end': {'mean': 2.695857424421638, 'abs_mean': 2.695857424421638, 'std': 0.3848975985518291}}"
1,30,-3.0,True,15.232301268753607,15.232301268753607,2.9625709302157905,7.466710317712761,7.466710317712761,1.4522204190495351,-2.040028422238248,"{'bias_segment_0_end': {'mean': 7.466710317712761, 'abs_mean': 7.466710317712761, 'std': 1.4522204190495351}}"
1,31,-29.0,True,25.22773619262245,25.22773619262245,9.83189766236496,2.0779057498739784,2.0779057498739784,0.8098133153451607,-12.140943444693036,"{'bias_segment_0_end': {'mean': 2.0779057498739784, 'abs_mean': 2.0779057498739784, 'std': 0.8098133153451607}}"
1,32,-1.0,False,15.928831723412536,15.928831723412536,2.2955503705173017,3.8221631310937427,3.8221631310937427,0.5508230700223701,-4.167491333331545,"{'bias_segment_0_end': {'mean': 3.8221631310937427, 'abs_mean': 3.8221631310937427, 'std': 0.5508230700223701}}"
1,33,-1.0,False,17.152173316743372,17.152173316743372,2.578188448940251,3.242960093232279,3.242960093232279,0.48745789226511455,-5.2890485308586355,"{'bias_segment_0_end': {'mean': 3.242960093232279, 'abs_mean': 3.242960093232279, 'std': 0.48745789226511455}}"
1,34,2.0,False,11.824399563111939,11.824399563111939,1.6128677718957232,122.63478075739613,122.63478075739613,16.727588114846043,-0.09641962492275102,"{'bias_segment_0_end': {'mean': 122.63478075739613, 'abs_mean': 122.63478075739613, 'std': 16.727588114846043}}"
1,35,-2.0,True,15.306081899304752,15.306081899304752,2.9606441605155194,7.375019806076612,7.375019806076612,1.4265446550066365,-2.075395361880029,"{'bias_segment_0_end': {'mean': 7.375019806076612, 'abs_mean': 7.375019806076612, 'std': 1.4265446550066365}}"
1,36,-2.0,True,16.299348372324154,16.299348372324154,2.5300135479935126,3.6231317442382887,3.6231317442382887,0.5623888875614698,-4.498690503938841,"{'bias_segment_0_end': {'mean': 3.6231317442382887, 'abs_mean': 3.6231317442382887, 'std': 0.5623888875614698}}"
1,37,15.0,True,9.10759770173929,9.10759770173929,3.4592214042982503,1.4040212275367212,1.4040212275367212,0.5332712798081337,6.486794873976425,"{'bias_segment_0_end': {'mean': 1.4040212275367212, 'abs_mean': 1.4040212275367212, 'std': 0.5332712798081337}}"
1,38,-3.0,True,15.660716825347155,15.660716825347155,6.387079945947963,7.372035381893939,7.372035381893939,3.006617121912607,-2.124340974245811,"{'bias_segment_0_end': {'mean': 7.372035381893939, 'abs_mean': 7.372035381893939, 'std': 3.006617121912607}}"
1,39,4.0,False,12.732320684653152,12.732320684653152,1.9371144375831209,28.761737022858288,28.761737022858288,4.375853971703943,0.4426826055232403,"{'bias_segment_0_end': {'mean': 28.761737022858288, 'abs_mean': 28.761737022858288, 'std': 4.375853971703943}}"
1,40,1.0,False,12.761159898579917,12.761159898579917,1.9767045518895765,36.261981650174775,36.261981650174775,5.616983468439523,-0.3519156791178403,"{'bias_segment_0_end': {'mean': 36.261981650174775, 'abs_mean': 36.261981650174775, 'std': 5.616983468439523}}"
1,41,12.0,True,10.275697671175578,10.275697671175578,2.1863735285798493,2.4782010277611044,2.4782010277611044,0.527290048713197,4.146434270693129,"{'bias_segment_0_end': {'mean': 2.4782010277611044, 'abs_mean': 2.4782010277611044, 'std': 0.527290048713197}}"
1,42,19.0,True,-0.666505105524262,4.431805556794011,5.041407643423247,-0.053983101025253215,0.35895089942110076,0.40832518141077306,12.346550918082167,"{'bias_segment_0_end': {'mean': -0.053983101025253215, 'abs_mean': 0.35895089942110076, 'std': 0.40832518141077306}}"
1,43,13.0,True,8.728189424025825,8.728189424025825,1.946019736578368,1.6692717719419412,1.6692717719419412,0.37217751083292133,5.2287408022672786,"{'bias_segment_0_end': {'mean': 1.6692717719419412, 'abs_mean': 1.6692717719419412, 'std': 0.37217751083292133}}"
1,44,19.0,True,2.72630116539311,3.759994910377299,4.299206430493838,0.21733965127801624,0.29974530803924787,0.3427310372883931,12.543965858791609,"{'bias_segment_0_end': {'mean': 0.21733965127801624, 'abs_mean': 0.29974530803924787, 'std': 0.3427310372883931}}"
1,45,0.0,True,19.861955383805164,19.861955383805164,1.903778650504387,7.089065193884541,7.089065193884541,0.679490549009861,-2.80177355414072,"{'bias_segment_0_end': {'mean': 7.089065193884541, 'abs_mean': 7.089065193884541, 'std': 0.679490549009861}}"
1,46,-9.0,False,13.57243633255871,13.57243633255871,8.582548013525013,20.777207206992795,20.777207206992795,13.138494377254963,0.6532367992167283,"{'bias_segment_0_end': {'mean': 20.777207206992795, 'abs_mean': 20.777207206992795, 'std': 13.138494377254963}}"
1,47,21.0,True,2.6668189595129315,5.302022791691306,5.669114290098532,0.2147628420459137,0.4269796715198855,0.45654208827397524,12.417506371715819,"{'bias_segment_0_end': {'mean': 0.2147628420459137, 'abs_mean': 0.4269796715198855, 'std': 0.45654208827397524}}"
1,48,-15.0,False,23.670060144442008,23.670060144442008,5.07902782952714,2.0080830289541627,2.0080830289541627,0.43088650919436766,-11.787391160200036,"{'bias_segment_0_end': {'mean': 2.0080830289541627, 'abs_mean': 2.0080830289541627, 'std': 0.43088650919436766}}"
1,49,2.0,False,12.086735785586072,12.086735785586072,3.386421713635286,22.063577203839134,22.063577203839134,6.181700191763266,0.5478139684204492,"{'bias_segment_0_end': {'mean': 22.063577203839134, 'abs_mean': 22.063577203839134, 'std': 6.181700191763266}}"
1,50,-20.0,False,25.594857084563465,25.594857084563465,6.911702841122562,1.8281984989818651,1.8281984989818651,0.4936915536508248,-14.000042719003108,"{'bias_segment_0_end': {'mean': 1.8281984989818651, 'abs_mean': 1.8281984989818651, 'std': 0.4936915536508248}}"
1,51,-3.0,False,13.944746303027639,13.944746303027639,4.442978353289586,11.468891428370423,11.468891428370423,3.6541386444165607,-1.2158756920945937,"{'bias_segment_0_end': {'mean': 11.468891428370423, 'abs_mean': 11.468891428370423, 'std': 3.6541386444165607}}"
1,52,21.0,True,4.522921969355564,5.15358506391005,4.880551800798376,0.5120249202297533,0.5834201870216585,0.5525110013863505,8.833402029194323,"{'bias_segment_0_end': {'mean': 0.5120249202297533, 'abs_mean': 0.5834201870216585, 'std': 0.5525110013863505}}"
1,53,-6.0,False,19.19485354735352,19.19485354735352,3.03683232210804,3.0697563686908573,3.0697563686908573,0.48566848079560954,-6.252891513843312,"{'bias_segment_0_end': {'mean': 3.0697563686908573, 'abs_mean': 3.0697563686908573, 'std': 0.48566848079560954}}"
1,54,6.0,False,10.296129807407114,10.296129807407114,1.463935657445841,3.6796840957037893,3.6796840957037893,0.5231888929723683,2.798101559704092,"{'bias_segment_0_end': {'mean': 3.6796840957037893, 'abs_mean': 3.6796840957037893, 'std': 0.5231888929723683}}"
1,55,0.0,False,13.097040231903751,13.097040231903751,2.315205335358937,12.443027329700916,12.443027329700916,2.1995934006192743,-1.0525605935656621,"{'bias_segment_0_end': {'mean': 12.443027329700916, 'abs_mean': 12.443027329700916, 'std': 2.1995934006192743}}"
1,56,6.0,False,13.92356682565386,13.92356682565386,2.386897025470945,15.071041472833071,15.071041472833071,2.5836069530671564,-0.9238622858780104,"{'bias_segment_0_end': {'mean': 15.071041472833071, 'abs_mean': 15.071041472833071, 'std': 2.5836069530671564}}"
1,57,-6.0,False,15.465906842590567,15.465906842590567,3.136741160720932,5.372804860183772,5.372804860183772,1.0896934997079668,-2.8785536130678624,"{'bias_segment_0_end': {'mean': 5.372804860183772, 'abs_mean': 5.372804860183772, 'std': 1.0896934997079668}}"
1,58,16.0,False,10.034959032201407,11.231723314160654,9.19439274091322,2.290682407412545,2.563868065441321,2.0988061466785277,4.380772733805757,"{'bias_segment_0_end': {'mean': 2.290682407412545, 'abs_mean': 2.563868065441321, 'std': 2.0988061466785277}}"
1,59,0.0,False,15.951313685814798,15.951313685814798,2.955121904726929,5.356204512095917,5.356204512095917,0.9922842464045836,-2.978100191990792,"{'bias_segment_0_end': {'mean': 5.356204512095917, 'abs_mean': 5.356204512095917, 'std': 0.9922842464045836}}"
1,60,-1.0,False,15.483436929957275,15.483436929957275,2.0873378622953203,5.597169563472202,5.597169563472202,0.7545601150683757,-2.7662976356842996,"{'bias_segment_0_end': {'mean': 5.597169563472202, 'abs_mean': 5.597169563472202, 'std': 0.7545601150683757}}"
1,61,2.0,False,11.551296666245518,11.551296666245518,2.8215659571551206,4.422707974805748,4.422707974805748,1.0803083515823477,2.6118153701416085,"{'bias_segment_0_end': {'mean': 4.422707974805748, 'abs_mean': 4.422707974805748, 'std': 1.0803083515823477}}"
1,62,8.0,False,11.235047280612207,11.235047280612207,1.503459585711611,7.321642172751508,7.321642172751508,0.9797727444164185,1.5344982745025386,"{'bias_segment_0_end': {'mean': 7.321642172751508, 'abs_mean': 7.321642172751508, 'std': 0.9797727444164185}}"
1,63,10.0,True,11.786568271705649,11.786568271705649,4.711834670014363,2.6198402191780232,2.6198402191780232,1.0473153584707222,4.498964549602835,"{'bias_segment_0_end': {'mean': 2.6198402191780232, 'abs_mean': 2.6198402191780232, 'std': 1.0473153584707222}}"
1,64,-12.0,True,21.901197021069635,21.901197021069635,3.7245485553582864,2.2788147981496634,2.2788147981496634,0.3875384690714448,-9.610784096563187,"{'bias_segment_0_end': {'mean': 2.2788147981496634, 'abs_mean': 2.2788147981496634, 'std': 0.3875384690714448}}"
1,65,2.0,True,13.019689924705636,13.019689924705636,2.9599868312515745,8.996185834569776,8.996185834569776,2.045255436635949,1.4472455509616842,"{'bias_segment_0_end': {'mean': 8.996185834569776, 'abs_mean': 8.996185834569776, 'std': 2.045255436635949}}"
1,66,0.0,True,10.966638907868992,10.966638907868992,4.198026398319919,4.472570173970527,4.472570173970527,1.7120986490395058,2.451976935251382,"{'bias_segment_0_end': {'mean': 4.472570173970527, 'abs_mean': 4.472570173970527, 'std': 1.7120986490395058}}"
1,67,17.0,True,6.8862365267371315,6.8862365267371315,3.81367541056831,0.924464402547721,0.924464402547721,0.5119788067477965,7.44889311882581,"{'bias_segment_0_end': {'mean': 0.924464402547721, 'abs_mean': 0.924464402547721, 'std': 0.5119788067477965}}"
1,68,11.0,False,10.946786670460078,10.946786670460078,1.6640741206739746,4.2093479431826415,4.2093479431826415,0.6398833911749247,2.6005896443389127,"{'bias_segment_0_end': {'mean': 4.2093479431826415, 'abs_mean': 4.2093479431826415, 'std': 0.6398833911749247}}"
1,69,-2.0,False,18.048636879845283,18.048636879845283,3.183921724044647,4.375174153175091,4.375174153175091,0.7718151861279082,-4.125238504334113,"{'bias_segment_0_end': {'mean': 4.375174153175091, 'abs_mean': 4.375174153175091, 'std': 0.7718151861279082}}"
1,70,-4.0,False,17.360318919272714,17.360318919272714,3.624288018247594,7.486809445085043,7.486809445085043,1.5630100975046712,-2.3187873347931216,"{'bias_segment_0_end': {'mean': 7.486809445085043, 'abs_mean': 7.486809445085043, 'std': 1.5630100975046712}}"
1,71,1.0,True,18.879100614190214,18.879100614190214,3.2117614746334944,5.439029891039666,5.439029891039666,0.925301846756989,-3.47104189393993,"{'bias_segment_0_end': {'mean': 5.439029891039666, 'abs_mean': 5.439029891039666, 'std': 0.925301846756989}}"
1,72,5.0,False,12.770790236734266,12.770790236734266,2.3571887688412128,32.8855867736819,32.8855867736819,6.06990909432546,-0.38834004467132205,"{'bias_segment_0_end': {'mean': 32.8855867736819, 'abs_mean': 32.8855867736819, 'std': 6.06990909432546}}"
1,73,10.0,False,16.157400247247274,16.157400247247274,10.095401125472883,12.756939137600288,12.756939137600288,7.970738841433368,1.266557759112007,"{'bias_segment_0_end': {'mean': 12.756939137600288, 'abs_mean': 12.756939137600288, 'std': 7.970738841433368}}"
1,74,13.0,True,13.364329782135128,13.364329782135128,4.171335189172874,4.969611376807955,4.969611376807955,1.5511376290866272,2.6892102357346115,"{'bias_segment_0_end': {'mean': 4.969611376807955, 'abs_mean': 4.969611376807955, 'std': 1.5511376290866272}}"
1,75,21.0,False,4.666721425016311,4.885011594391611,3.962872928680619,0.5470753863520047,0.5726653386700647,0.46456388566503565,8.53030778104428,"{'bias_segment_0_end': {'mean': 0.5470753863520047, 'abs_mean': 0.5726653386700647, 'std': 0.46456388566503565}}"
1,76,-1.0,True,13.251917668994949,13.251917668994949,3.3525178699920777,24.39613097318687,24.39613097318687,6.17182109708045,0.5431975128990647,"{'bias_segment_0_end': {'mean': 24.39613097318687, 'abs_mean': 24.39613097318687, 'std': 6.17182109708045}}"
1,77,8.0,False,10.703711922106905,10.703711922106905,1.8100942793957047,16.03799944695962,16.03799944695962,2.712170437989404,0.6673969504429709,"{'bias_segment_0_end': {'mean': 16.03799944695962, 'abs_mean': 16.03799944695962, 'std': 2.712170437989404}}"
1,78,-12.0,False,16.81066133264576,16.81066133264576,4.8013815555469295,7.414968885618643,7.414968885618643,2.11782833154967,-2.267124999708373,"{'bias_segment_0_end': {'mean': 7.414968885618643, 'abs_mean': 7.414968885618643, 'std': 2.11782833154967}}"
1,79,9.0,True,12.709246858655339,12.709246858655339,2.602999256502712,6.652497354518313,6.652497354518313,1.3625076182940348,1.9104474878179907,"{'bias_segment_0_end': {'mean': 6.652497354518313, 'abs_mean': 6.652497354518313, 'std': 1.3625076182940348}}"
1,80,10.0,True,11.86395785565697,11.86395785565697,2.497809191844021,2.927666224632113,2.927666224632113,0.6163838152080512,4.0523601207811115,"{'bias_segment_0_end': {'mean': 2.927666224632113, 'abs_mean': 2.927666224632113, 'std': 0.6163838152080512}}"
1,81,-7.0,False,17.503113588483004,17.503113588483004,4.3149703195333595,3.1518469098847754,3.1518469098847754,0.7770118041634937,-5.553287989207217,"{'bias_segment_0_end': {'mean': 3.1518469098847754, 'abs_mean': 3.1518469098847754, 'std': 0.7770118041634937}}"
1,82,0.0,False,15.908580240969085,15.908580240969085,2.0622478699360944,6.777544524370266,6.777544524370266,0.8785810265321456,-2.347248355767493,"{'bias_segment_0_end': {'mean': 6.777544524370266, 'abs_mean': 6.777544524370266, 'std': 0.8785810265321456}}"
1,83,10.0,True,7.91964973319005,7.91964973319005,2.0778267111128534,1.3312388788468212,1.3312388788468212,0.3492684392022562,5.94908236157466,"{'bias_segment_0_end': {'mean': 1.3312388788468212, 'abs_mean': 1.3312388788468212, 'std': 0.3492684392022562}}"
1,84,15.0,True,4.168518626087047,4.34314524404056,2.694537932849518,0.4414311243964194,0.45992345494050113,0.28534187228595775,9.443191464550159,"{'bias_segment_0_end': {'mean': 0.4414311243964194, 'abs_mean': 0.45992345494050113, 'std': 0.28534187228595775}}"
1,85,3.0,False,13.449274093937838,13.449274093937838,3.1929951061778494,28.252124736960653,28.252124736960653,6.707343117120539,0.476044694661245,"{'bias_segment_0_end': {'mean': 28.252124736960653, 'abs_mean': 28.252124736960653, 'std': 6.707343117120539}}"
1,86,-11.0,False,19.723688591767885,19.723688591767885,5.247692886273106,4.671594245890251,4.671594245890251,1.242926330825592,-4.222046597715424,"{'bias_segment_0_end': {'mean': 4.671594245890251, 'abs_mean': 4.671594245890251, 'std': 1.242926330825592}}"
1,87,5.0,False,11.5005822956867,11.5005822956867,2.0878235545078545,11.039960726952806,11.039960726952806,2.0042020007298635,1.0417231166057808,"{'bias_segment_0_end': {'mean': 11.039960726952806, 'abs_mean': 11.039960726952806, 'std': 2.0042020007298635}}"
1,88,-7.0,True,21.80923635720838,21.80923635720838,2.834068407131295,2.943627340922798,2.943627340922798,0.38251872338115417,-7.408966499941328,"{'bias_segment_0_end': {'mean': 2.943627340922798, 'abs_mean': 2.943627340922798, 'std': 0.38251872338115417}}"
1,89,-11.0,True,23.76626447470578,23.76626447470578,5.4320568473896875,2.174897574725177,2.174897574725177,0.4970981988242549,-10.927532749540594,"{'bias_segment_0_end': {'mean': 2.174897574725177, 'abs_mean': 2.174897574725177, 'std': 0.4970981988242549}}"
1,90,7.0,True,8.638754089892542,8.638754089892542,3.363257002886235,1.6087432240674369,1.6087432240674369,0.6263191263334006,5.369877529647586,"{'bias_segment_0_end': {'mean': 1.6087432240674369, 'abs_mean': 1.6087432240674369, 'std': 0.6263191263334006}}"
1,91,4.0,True,11.701483075234325,11.701483075234325,2.4754553508096877,6.200729018364993,6.200729018364993,1.3117677245476116,1.8871140861949443,"{'bias_segment_0_end': {'mean': 6.200729018364993, 'abs_mean': 6.200729018364993, 'std': 1.3117677245476116}}"
1,92,5.0,False,12.146101989999297,12.146101989999297,2.0070806567411967,9.657966905303716,9.657966905303716,1.595929177528901,1.2576251408905958,"{'bias_segment_0_end': {'mean': 9.657966905303716, 'abs_mean': 9.657966905303716, 'std': 1.595929177528901}}"
1,93,4.0,False,10.706680787945265,10.706680787945265,1.9798925649971342,5.1825916125724945,5.1825916125724945,0.9583712080686766,2.0658932033100643,"{'bias_segment_0_end': {'mean': 5.1825916125724945, 'abs_mean': 5.1825916125724945, 'std': 0.9583712080686766}}"
1,94,-16.0,False,21.12575000643514,21.12575000643514,4.501048646714435,2.41358269241477,2.41358269241477,0.5142375114785365,-8.752859420490374,"{'bias_segment_0_end': {'mean': 2.41358269241477, 'abs_mean': 2.41358269241477, 'std': 0.5142375114785365}}"
1,95,20.0,True,2.221520092314805,4.192346326179786,4.868262600784032,0.1767210632009584,0.3334995270275216,0.3872684049666038,12.570771429711257,"{'bias_segment_0_end': {'mean': 0.1767210632009584, 'abs_mean': 0.3334995270275216, 'std': 0.3872684049666038}}"
1,96,11.0,True,6.505360506966787,6.522170388826753,3.7357561614305643,0.8814579051512555,0.8837355964850806,0.5061843685194698,7.380228220711784,"{'bias_segment_0_end': {'mean': 0.8814579051512555, 'abs_mean': 0.8837355964850806, 'std': 0.5061843685194698}}"
1,97,10.0,False,8.524003544562754,8.524003544562754,2.4782649219716006,1.7398584615931776,1.7398584615931776,0.5058456594979073,4.899251136070791,"{'bias_segment_0_end': {'mean': 1.7398584615931776, 'abs_mean': 1.7398584615931776, 'std': 0.5058456594979073}}"
1,98,20.0,True,6.850120807659903,7.0190933475811494,4.94378357111501,0.6944613306244897,0.7115916701042682,0.5011979516152318,9.863934110629282,"{'bias_segment_0_end': {'mean': 0.6944613306244897, 'abs_mean': 0.7115916701042682, 'std': 0.5011979516152318}}"
1,99,-18.0,True,23.66725590313197,23.66725590313197,6.957277682094071,1.9949780245826105,1.9949780245826105,0.5864480505684642,-11.863416845448024,"{'bias_segment_0_end': {'mean': 1.9949780245826105, 'abs_mean': 1.9949780245826105, 'std': 0.5864480505684642}}"
1,100,7.0,False,12.904695636382558,12.904695636382558,3.1859709878885125,96.86187527683992,96.86187527683992,23.913708091994497,0.13322781124668276,"{'bias_segment_0_end': {'mean': 96.86187527683992, 'abs_mean': 96.86187527683992, 'std': 23.913708091994497}}"
1,101,-2.0,False,14.607186506803515,14.607186506803515,3.2036530385234694,6.638156398910367,6.638156398910367,1.4558826853931175,-2.2004884532701334,"{'bias_segment_0_end': {'mean': 6.638156398910367, 'abs_mean': 6.638156398910367, 'std': 1.4558826853931175}}"
1,102,7.0,False,11.466535858001873,11.466535858001873,3.658805100440998,13.667395812279679,13.667395812279679,4.361067555796995,0.838970058048629,"{'bias_segment_0_end': {'mean': 13.667395812279679, 'abs_mean': 13.667395812279679, 'std': 4.361067555796995}}"
1,103,11.0,False,10.326921172994608,10.326921172994608,3.7344953295817698,3.125463166028499,3.125463166028499,1.1302524150989155,3.3041250606440338,"{'bias_segment_0_end': {'mean': 3.125463166028499, 'abs_mean': 3.125463166028499, 'std': 1.1302524150989155}}"
1,104,13.0,True,7.684171736343162,7.684171736343162,2.2243496418528754,1.1065991382874187,1.1065991382874187,0.3203290453911318,6.943952394753572,"{'bias_segment_0_end': {'mean': 1.1065991382874187, 'abs_mean': 1.1065991382874187, 'std': 0.3203290453911318}}"
1,105,-9.0,False,20.150481221502208,20.150481221502208,5.127303695716026,3.152975744411157,3.152975744411157,0.8022768294769848,-6.390940766740809,"{'bias_segment_0_end': {'mean': 3.152975744411157, 'abs_mean': 3.152975744411157, 'std': 0.8022768294769848}}"
1,106,6.0,True,10.691278666251236,10.691278666251236,1.6943950100983203,4.4775456201005435,4.4775456201005435,0.709618670789557,2.387754268377764,"{'bias_segment_0_end': {'mean': 4.4775456201005435, 'abs_mean': 4.4775456201005435, 'std': 0.709618670789557}}"
1,107,2.0,False,13.608121736877928,13.608121736877928,1.8782945594848086,8.86437784827167,8.86437784827167,1.223527611492861,-1.5351468506648964,"{'bias_segment_0_end': {'mean': 8.86437784827167, 'abs_mean': 8.86437784827167, 'std': 1.223527611492861}}"
1,108,11.0,True,5.591042206958053,5.592672093996756,2.8367102948467133,0.7988462496290475,0.7990791273466521,0.40530822276788603,6.998896482964411,"{'bias_segment_0_end': {'mean': 0.7988462496290475, 'abs_mean': 0.7990791273466521, 'std': 0.40530822276788603}}"
1,109,12.0,True,5.9924124197763415,5.9924124197763415,2.180740605161841,0.6987155950540075,0.6987155950540075,0.25427446625093325,8.576325563927274,"{'bias_segment_0_end': {'mean': 0.6987155950540075, 'abs_mean': 0.6987155950540075, 'std': 0.25427446625093325}}"
1,110,11.0,True,8.288909644886107,8.288909644886107,2.224116793924865,1.3894677845626509,1.3894677845626509,0.3728281241634682,5.96552848290407,"{'bias_segment_0_end': {'mean': 1.3894677845626509, 'abs_mean': 1.3894677845626509, 'std': 0.3728281241634682}}"
1,111,-12.0,True,19.749094530290407,19.749094530290407,4.657985568006574,2.8681467941683008,2.8681467941683008,0.6764758938020948,-6.8856637918413135,"{'bias_segment_0_end': {'mean': 2.8681467941683008, 'abs_mean': 2.8681467941683008, 'std': 0.6764758938020948}}"
1,112,5.0,False,7.238865287171535,7.238865287171535,2.1881683690514038,1.5160942606755257,1.5160942606755257,0.45828584648337944,4.77468022598154,"{'bias_segment_0_end': {'mean': 1.5160942606755257, 'abs_mean': 1.5160942606755257, 'std': 0.45828584648337944}}"
1,113,7.0,True,9.859268786772036,9.859268786772036,1.4782929047779836,2.0463535288111436,2.0463535288111436,0.3068290324296286,4.817969450518118,"{'bias_segment_0_end': {'mean': 2.0463535288111436, 'abs_mean': 2.0463535288111436, 'std': 0.3068290324296286}}"
1,114,2.0,True,17.835268395439577,17.835268395439577,2.3873970350476132,9.94405069172988,9.94405069172988,1.331092788257082,-1.793561693151117,"{'bias_segment_0_end': {'mean': 9.94405069172988, 'abs_mean': 9.94405069172988, 'std': 1.331092788257082}}"
1,115,6.0,False,12.647453470134748,12.647453470134748,3.3232400021426893,13.02382128946737,13.02382128946737,3.4221342653774887,0.9711015829404079,"{'bias_segment_0_end': {'mean': 13.02382128946737, 'abs_mean': 13.02382128946737, 'std': 3.4221342653774887}}"
1,116,-6.0,False,18.790922533907374,18.790922533907374,3.047896884896445,3.2697069737528763,3.2697069737528763,0.5303480806672938,-5.746974479593714,"{'bias_segment_0_end': {'mean': 3.2697069737528763, 'abs_mean': 3.2697069737528763, 'std': 0.5303480806672938}}"
1,117,-6.0,False,18.256684604843255,18.256684604843255,2.9570776366614053,3.3243136576398897,3.3243136576398897,0.5384468093208534,-5.4918658360910095,"{'bias_segment_0_end': {'mean': 3.3243136576398897, 'abs_mean': 3.3243136576398897, 'std': 0.5384468093208534}}"
1,118,5.0,False,13.71677736799698,13.71677736799698,2.4314766190379,215.45355388362194,215.45355388362194,38.19193566405082,-0.06366466053006557,"{'bias_segment_0_end': {'mean': 215.45355388362194, 'abs_mean': 215.45355388362194, 'std': 38.19193566405082}}"
1,119,12.0,False,9.76827061411264,9.76827061411264,2.692437700156942,3.971979365403111,3.971979365403111,1.0948004421792186,2.45929540802669,"{'bias_segment_0_end': {'mean': 3.971979365403111, 'abs_mean': 3.971979365403111, 'std': 1.0948004421792186}}"
1,120,8.0,True,11.136058582985484,11.136058582985484,2.3431556064093106,1.812976607016546,1.812976607016546,0.3814712601737115,6.142417138691659,"{'bias_segment_0_end': {'mean': 1.812976607016546, 'abs_mean': 1.812976607016546, 'std': 0.3814712601737115}}"
1,121,5.0,False,13.185320559141436,13.185320559141436,2.2940398680254885,17.479936645621592,17.479936645621592,3.04123599997077,-0.7543116903941479,"{'bias_segment_0_end': {'mean': 17.479936645621592, 'abs_mean': 17.479936645621592, 'std': 3.04123599997077}}"
1,122,1.0,False,12.546366970862122,12.546366970862122,1.6036958513918034,15.446143392070997,15.446143392070997,1.9743497169655202,-0.812265343678123,"{'bias_segment_0_end': {'mean': 15.446143392070997, 'abs_mean': 15.446143392070997, 'std': 1.9743497169655202}}"
1,123,1.0,False,14.784525159519868,14.784525159519868,2.782006980331908,6.492657199334316,6.492657199334316,1.2217245704248831,-2.2771147013638275,"{'bias_segment_0_end': {'mean': 6.492657199334316, 'abs_mean': 6.492657199334316, 'std': 1.2217245704248831}}"
1,124,-8.0,False,17.57151827677626,17.57151827677626,5.258985483502539,4.414639645868045,4.414639645868045,1.3212589513792563,-3.9802837119950696,"{'bias_segment_0_end': {'mean': 4.414639645868045, 'abs_mean': 4.414639645868045, 'std': 1.3212589513792563}}"
1,125,0.0,True,18.371454264385275,18.371454264385275,2.973282530211567,8.311343785096154,8.311343785096154,1.3451288571485205,-2.210407214454159,"{'bias_segment_0_end': {'mean': 8.311343785096154, 'abs_mean': 8.311343785096154, 'std': 1.3451288571485205}}"
1,126,5.0,True,10.363363725822316,10.363363725822316,2.0107056886412185,3.577598025662984,3.577598025662984,0.69412759140627,2.896737881529277,"{'bias_segment_0_end': {'mean': 3.577598025662984, 'abs_mean': 3.577598025662984, 'std': 0.69412759140627}}"
1,127,-2.0,True,13.245620917436144,13.245620917436144,2.9438425539986643,11.131296615502887,11.131296615502887,2.4739334503196337,-1.1899441165720597,"{'bias_segment_0_end': {'mean': 11.131296615502887, 'abs_mean': 11.131296615502887, 'std': 2.4739334503196337}}"
1,128,11.0,False,6.164751166308091,6.16663881251817,3.7143056587739727,1.0321836496340917,1.0324997041676447,0.6218978621039571,5.972533248800726,"{'bias_segment_0_end': {'mean': 1.0321836496340917, 'abs_mean': 1.0324997041676447, 'std': 0.6218978621039571}}"
1,129,-11.0,True,20.555751878885836,20.555751878885836,5.123293952318171,3.0024094293209105,3.0024094293209105,0.7483173645145508,-6.84641863902458,"{'bias_segment_0_end': {'mean': 3.0024094293209105, 'abs_mean': 3.0024094293209105, 'std': 0.7483173645145508}}"
1,130,10.0,False,7.991121408277865,7.991121408277865,2.8278963026151787,1.4835086205672297,1.4835086205672297,0.5249837073747957,5.386636314403353,"{'bias_segment_0_end': {'mean': 1.4835086205672297, 'abs_mean': 1.4835086205672297, 'std': 0.5249837073747957}}"
1,131,19.0,True,6.139044331293968,6.139044331293968,4.183786933226206,0.8030353881084448,0.8030353881084448,0.5472723085839312,7.644799248205648,"{'bias_segment_0_end': {'mean': 0.8030353881084448, 'abs_mean': 0.8030353881084448, 'std': 0.5472723085839312}}"
1,132,10.0,False,11.210706477301462,11.210706477301462,2.966423889169127,7.91764843889085,7.91764843889085,2.0950598896441766,1.4159136470666438,"{'bias_segment_0_end': {'mean': 7.91764843889085, 'abs_mean': 7.91764843889085, 'std': 2.0950598896441766}}"
1,133,-2.0,False,17.20770815626737,17.20770815626737,2.416523471637799,3.391682926183352,3.391682926183352,0.47630290594451286,-5.073501424153211,"{'bias_segment_0_end': {'mean': 3.391682926183352, 'abs_mean': 3.391682926183352, 'std': 0.47630290594451286}}"
1,134,5.0,False,13.276471977235905,13.276471977235905,1.4421532486676532,14.422184139229183,14.422184139229183,1.5666059285128486,-0.9205590393984173,"{'bias_segment_0_end': {'mean': 14.422184139229183, 'abs_mean': 14.422184139229183, 'std': 1.5666059285128486}}"
1,135,1.0,True,10.823774303394961,10.823774303394961,2.897303253969946,3.381103693151998,3.381103693151998,0.9050523835393045,3.201254763442234,"{'bias_segment_0_end': {'mean': 3.381103693151998, 'abs_mean': 3.381103693151998, 'std': 0.9050523835393045}}"
1,136,10.0,True,7.503802213786932,7.503802213786932,2.2774407364078906,1.3194146326176386,1.3194146326176386,0.4004488054089567,5.687220702486709,"{'bias_segment_0_end': {'mean': 1.3194146326176386, 'abs_mean': 1.3194146326176386, 'std': 0.4004488054089567}}"
1,137,-11.0,False,18.875247712171188,18.875247712171188,3.324037989816601,2.738989489226392,2.738989489226392,0.48235155663817353,-6.891318052301969,"{'bias_segment_0_end': {'mean': 2.738989489226392, 'abs_mean': 2.738989489226392, 'std': 0.48235155663817353}}"
1,138,16.0,True,9.400731643699455,9.400731643699455,4.061512774085061,1.7182715465747551,1.7182715465747551,0.742365817924137,5.471039581863009,"{'bias_segment_0_end': {'mean': 1.7182715465747551, 'abs_mean': 1.7182715465747551, 'std': 0.742365817924137}}"
1,139,5.0,True,10.030822483991857,10.030822483991857,1.936049610360965,3.0143878328372735,3.0143878328372735,0.5818071647220444,3.3276482789377537,"{'bias_segment_0_end': {'mean': 3.0143878328372735, 'abs_mean': 3.0143878328372735, 'std': 0.5818071647220444}}"
1,140,6.0,True,13.362187676906073,13.362187676906073,3.016112308924046,30.853909679959703,30.853909679959703,6.964342891620305,0.4330792374616015,"{'bias_segment_0_end': {'mean': 30.853909679959703, 'abs_mean': 30.853909679959703, 'std': 6.964342891620305}}"
1,141,3.0,False,12.697038448364705,12.697038448364705,2.5805861177491054,12.424367897966912,12.424367897966912,2.525167695576322,-1.0219464324170897,"{'bias_segment_0_end': {'mean': 12.424367897966912, 'abs_mean': 12.424367897966912, 'std': 2.525167695576322}}"
1,142,20.0,True,8.457582327582221,8.553912588384469,4.7386800944887275,1.4810166085422356,1.4978851072014874,0.8297955196508925,5.71066001474961,"{'bias_segment_0_end': {'mean': 1.4810166085422356, 'abs_mean': 1.4978851072014874, 'std': 0.8297955196508925}}"
1,143,10.0,True,10.132134306180722,10.132134306180722,2.1543282984023104,2.076693505534023,2.076693505534023,0.4415535217837689,4.878974330675357,"{'bias_segment_0_end': {'mean': 2.076693505534023, 'abs_mean': 2.076693505534023, 'std': 0.4415535217837689}}"
1,144,12.0,False,11.687108122197746,11.687108122197746,4.154463942352717,6.12006128315945,6.12006128315945,2.175523120008031,1.9096390675624633,"{'bias_segment_0_end': {'mean': 6.12006128315945, 'abs_mean': 6.12006128315945, 'std': 2.175523120008031}}"
1,145,-14.0,False,19.163640765583892,19.163640765583892,4.899968843129485,2.1266149205960763,2.1266149205960763,0.5437561150159433,-9.01133561134446,"{'bias_segment_0_end': {'mean': 2.1266149205960763, 'abs_mean': 2.1266149205960763, 'std': 0.5437561150159433}}"
1,146,22.0,True,6.095353175806605,6.509988815193719,5.209344765461076,0.6252861723398097,0.6678211862085882,0.5343958183953028,9.748101661992466,"{'bias_segment_0_end': {'mean': 0.6252861723398097, 'abs_mean': 0.6678211862085882, 'std': 0.5343958183953028}}"
1,147,5.0,True,14.939841986786274,14.939841986786274,3.0700525409727653,9.808465553986121,9.808465553986121,2.015583874561211,1.5231579195091105,"{'bias_segment_0_end': {'mean': 9.808465553986121, 'abs_mean': 9.808465553986121, 'std': 2.015583874561211}}"
1,148,3.0,False,13.06809644290253,13.06809644290253,1.69692286044256,55.66565389784138,55.66565389784138,7.22831523729941,0.23476049462897414,"{'bias_segment_0_end': {'mean': 55.66565389784138, 'abs_mean': 55.66565389784138, 'std': 7.22831523729941}}"
1,149,4.0,False,12.475743791725117,12.475743791725117,1.8250558106943149,11.855410507453485,11.855410507453485,1.7343082862238333,1.0523249097010712,"{'bias_segment_0_end': {'mean': 11.855410507453485, 'abs_mean': 11.855410507453485, 'std': 1.7343082862238333}}"
1,150,-4.0,False,16.13361076488722,16.13361076488722,3.8865688090732897,6.223106899468186,6.223106899468186,1.4991394997355951,-2.592533123007411,"{'bias_segment_0_end': {'mean': 6.223106899468186, 'abs_mean': 6.223106899468186, 'std': 1.4991394997355951}}"
1,151,8.0,False,10.974598287045252,10.974598287045252,2.450901622812067,10.55027133444452,10.55027133444452,2.356138826987489,1.0402195298253027,"{'bias_segment_0_end': {'mean': 10.55027133444452, 'abs_mean': 10.55027133444452, 'std': 2.356138826987489}}"
1,152,5.0,False,13.921978432842051,13.921978432842051,3.5126486426797596,29.60754562118643,29.60754562118643,7.470267637680047,-0.47021724161018696,"{'bias_segment_0_end': {'mean': 29.60754562118643, 'abs_mean': 29.60754562118643, 'std': 7.470267637680047}}"
1,153,19.0,True,5.837509543839866,6.663436735646923,5.529740016423765,0.5772456819560322,0.6589179946949137,0.5468117050341323,10.11269503837449,"{'bias_segment_0_end': {'mean': 0.5772456819560322, 'abs_mean': 0.6589179946949137, 'std': 0.5468117050341323}}"
1,154,-9.0,False,20.90957088484276,20.90957088484276,4.447081136773183,2.7759599860382913,2.7759599860382913,0.5903956307059749,-7.53237474243418,"{'bias_segment_0_end': {'mean': 2.7759599860382913, 'abs_mean': 2.7759599860382913, 'std': 0.5903956307059749}}"
1,155,13.0,True,4.682370313397817,4.682370313397817,3.857154245054514,0.47139088373171745,0.47139088373171745,0.38831344523589695,9.933094752130788,"{'bias_segment_0_end': {'mean': 0.47139088373171745, 'abs_mean': 0.47139088373171745, 'std': 0.38831344523589695}}"
1,156,25.0,False,9.940892131243162,10.951014567055648,7.711786502149063,1.6617497153027179,1.8306048490242393,1.2891256494118053,5.982183742653597,"{'bias_segment_0_end': {'mean': 1.6617497153027179, 'abs_mean': 1.8306048490242393, 'std': 1.2891256494118053}}"
1,157,15.0,True,7.614357519814194,7.614357519814194,1.8015858278871737,1.1036505288930318,1.1036505288930318,0.2611278951139122,6.899246926879509,"{'bias_segment_0_end': {'mean': 1.1036505288930318, 'abs_mean': 1.1036505288930318, 'std': 0.2611278951139122}}"
1,158,9.0,True,8.737188526910057,8.737188526910057,2.71438727427663,1.993133048311701,1.993133048311701,0.6192077652455997,4.383645404059182,"{'bias_segment_0_end': {'mean': 1.993133048311701, 'abs_mean': 1.993133048311701, 'std': 0.6192077652455997}}"
1,159,21.0,True,6.288127920416511,6.399712991229037,4.107235156957538,0.6085511526568897,0.6193501097267334,0.39748916062665796,10.332948829302197,"{'bias_segment_0_end': {'mean': 0.6085511526568897, 'abs_mean': 0.6193501097267334, 'std': 0.39748916062665796}}"
1,160,-5.0,True,13.704424450313386,13.704424450313386,3.574978414365881,18.476540680732434,18.476540680732434,4.81984736719542,-0.7417202541926331,"{'bias_segment_0_end': {'mean': 18.476540680732434, 'abs_mean': 18.476540680732434, 'std': 4.81984736719542}}"
1,161,0.0,False,11.482633117395196,11.482633117395196,2.5288318412175976,14.951996309460727,14.951996309460727,3.2928931866552267,0.7679665564209424,"{'bias_segment_0_end': {'mean': 14.951996309460727, 'abs_mean': 14.951996309460727, 'std': 3.2928931866552267}}"
1,162,-18.0,False,21.67277112480641,21.67277112480641,5.234794965156151,2.2804665809130684,2.2804665809130684,0.5508190395785036,-9.50365653511525,"{'bias_segment_0_end': {'mean': 2.2804665809130684, 'abs_mean': 2.2804665809130684, 'std': 0.5508190395785036}}"
1,163,-1.0,False,14.712800959423157,14.712800959423157,2.841304722783812,9.835101434842075,9.835101434842075,1.8993338000659152,-1.4959480648873864,"{'bias_segment_0_end': {'mean': 9.835101434842075, 'abs_mean': 9.835101434842075, 'std': 1.8993338000659152}}"
1,164,-4.0,True,20.161475018551112,20.161475018551112,2.0695657249621413,4.89971080011822,4.89971080011822,0.5029529597820179,-4.114829597302897,"{'bias_segment_0_end': {'mean': 4.89971080011822, 'abs_mean': 4.89971080011822, 'std': 0.5029529597820179}}"
1,165,21.0,False,0.6116007407972405,3.0066752012402813,3.7772402899230686,0.04897507751562518,0.24076516135854087,0.3024696074648042,12.487999444250256,"{'bias_segment_0_end': {'mean': 0.04897507751562518, 'abs_mean': 0.24076516135854087, 'std': 0.3024696074648042}}"
1,166,25.0,True,3.9274563099815856,4.756360113992633,3.897343156355562,0.3598425988187553,0.4357886757357729,0.35708356228106625,10.914372903247505,"{'bias_segment_0_end': {'mean': 0.3598425988187553, 'abs_mean': 0.4357886757357729, 'std': 0.35708356228106625}}"
1,167,7.0,True,7.949242159667588,7.949242159667588,3.9580894952264165,1.5072761868772429,1.5072761868772429,0.7505034972960517,5.273912126308275,"{'bias_segment_0_end': {'mean': 1.5072761868772429, 'abs_mean': 1.5072761868772429, 'std': 0.7505034972960517}}"
1,168,18.0,True,6.1354793393829254,6.195378465089131,4.960276933738437,0.6413220454593271,0.6475831096230592,0.5184818941155126,9.566924110629282,"{'bias_segment_0_end': {'mean': 0.6413220454593271, 'abs_mean': 0.6475831096230592, 'std': 0.5184818941155126}}"
1,169,-2.0,True,18.592724393849803,18.592724393849803,2.5165144605597143,4.962072832046116,4.962072832046116,0.6716136791832994,-3.7469672500117404,"{'bias_segment_0_end': {'mean': 4.962072832046116, 'abs_mean': 4.962072832046116, 'std': 0.6716136791832994}}"
1,170,27.0,True,0.23624544770867917,3.9406350413837625,4.748879756669535,0.017868590843310182,0.2980527070478244,0.35918486539746686,13.22126908497249,"{'bias_segment_0_end': {'mean': 0.017868590843310182, 'abs_mean': 0.2980527070478244, 'std': 0.35918486539746686}}"
1,171,19.0,True,6.852360477119643,6.852360477119643,4.56734776481075,0.8924677821455241,0.8924677821455241,0.5948622731624565,7.677991983807333,"{'bias_segment_0_end': {'mean': 0.8924677821455241, 'abs_mean': 0.8924677821455241, 'std': 0.5948622731624565}}"
1,172,1.0,False,16.22398239872136,16.22398239872136,3.4980818122689548,4.972633959715373,4.972633959715373,1.0721584864960287,-3.262653662054385,"{'bias_segment_0_end': {'mean': 4.972633959715373, 'abs_mean': 4.972633959715373, 'std': 1.0721584864960287}}"
1,173,-13.0,False,17.991060790604973,17.991060790604973,6.148052846462785,5.102154837418577,5.102154837418577,1.743550196198873,-3.5261691116586156,"{'bias_segment_0_end': {'mean': 5.102154837418577, 'abs_mean': 5.102154837418577, 'std': 1.743550196198873}}"
1,174,0.0,False,14.488004160697454,14.488004160697454,1.822875873334897,11.203385915395309,11.203385915395309,1.409606296237492,-1.2931808535479024,"{'bias_segment_0_end': {'mean': 11.203385915395309, 'abs_mean': 11.203385915395309, 'std': 1.409606296237492}}"
1,175,13.0,True,7.136288621884997,7.136288621884997,2.675753061574548,1.2921855595369665,1.2921855595369665,0.4845052730140512,5.522650032122453,"{'bias_segment_0_end': {'mean': 1.2921855595369665, 'abs_mean': 1.2921855595369665, 'std': 0.4845052730140512}}"
1,176,3.0,False,13.875056393029311,13.875056393029311,2.3086120714371767,12.35820674413342,12.35820674413342,2.0562298604534743,-1.1227402713274686,"{'bias_segment_0_end': {'mean': 12.35820674413342, 'abs_mean': 12.35820674413342, 'std': 2.0562298604534743}}"
1,177,0.0,False,14.891849962351435,14.891849962351435,2.422184259451685,11.199586676699889,11.199586676699889,1.8216314715263102,-1.3296785312026822,"{'bias_segment_0_end': {'mean': 11.199586676699889, 'abs_mean': 11.199586676699889, 'std': 1.8216314715263102}}"
1,178,-40.0,True,32.19098253187405,32.19098253187405,14.29319960317053,1.9696406472339227,1.9696406472339227,0.8745451273367364,-16.343581544725765,"{'bias_segment_0_end': {'mean': 1.9696406472339227, 'abs_mean': 1.9696406472339227, 'std': 0.8745451273367364}}"
1,179,10.0,False,9.757178653932964,9.757178653932964,1.5854435149829984,4.047129678210251,4.047129678210251,0.6576179170427798,2.410888562940205,"{'bias_segment_0_end': {'mean': 4.047129678210251, 'abs_mean': 4.047129678210251, 'std': 0.6576179170427798}}"
1,180,-1.0,True,19.787581354725937,19.787581354725937,3.2205225477900807,3.6844701573157224,3.6844701573157224,0.5996649618555312,-5.370536470606658,"{'bias_segment_0_end': {'mean': 3.6844701573157224, 'abs_mean': 3.6844701573157224, 'std': 0.5996649618555312}}"
1,181,-23.0,False,27.659888871351626,27.659888871351626,6.305355747548439,1.845751229063639,1.845751229063639,0.420757949348634,-14.985707952302791,"{'bias_segment_0_end': {'mean': 1.845751229063639, 'abs_mean': 1.845751229063639, 'std': 0.420757949348634}}"
1,182,-12.0,False,20.469940412690775,20.469940412690775,4.655031027194413,2.6177296223858284,2.6177296223858284,0.5952930183156379,-7.819730593121469,"{'bias_segment_0_end': {'mean': 2.6177296223858284, 'abs_mean': 2.6177296223858284, 'std': 0.5952930183156379}}"
1,183,4.0,False,13.441205339470507,13.441205339470507,2.0511479670474593,8.105905993010841,8.105905993010841,1.2369733352572214,-1.6581990157620778,"{'bias_segment_0_end': {'mean': 8.105905993010841, 'abs_mean': 8.105905993010841, 'std': 1.2369733352572214}}"
1,184,-6.0,False,15.598341953073291,15.598341953073291,4.0249049656691644,3.7449303071750726,3.7449303071750726,0.9663199226417856,-4.165188848291184,"{'bias_segment_0_end': {'mean': 3.7449303071750726, 'abs_mean': 3.7449303071750726, 'std': 0.9663199226417856}}"
1,185,8.0,True,12.944817940258275,12.944817940258275,4.2765510786892085,14.062950467700714,14.062950467700714,4.645946066584732,-0.9204909005396466,"{'bias_segment_0_end': {'mean': 14.062950467700714, 'abs_mean': 14.062950467700714, 'std': 4.645946066584732}}"
1,186,17.0,True,6.580130800742565,6.83083223433068,4.894226865998493,0.9506403008940044,0.9868594724390245,0.7070755037287828,6.921788182716907,"{'bias_segment_0_end': {'mean': 0.9506403008940044, 'abs_mean': 0.9868594724390245, 'std': 0.7070755037287828}}"
1,187,11.0,True,9.809730457632822,9.809730457632822,2.6109569683191935,1.631500165538847,1.631500165538847,0.4342399359926443,6.012705769106002,"{'bias_segment_0_end': {'mean': 1.631500165538847, 'abs_mean': 1.631500165538847, 'std': 0.4342399359926443}}"
1,188,7.0,True,7.83455280040394,7.83455280040394,2.0037793437530165,1.5256592044169217,1.5256592044169217,0.3902053476823424,5.135191907683053,"{'bias_segment_0_end': {'mean': 1.5256592044169217, 'abs_mean': 1.5256592044169217, 'std': 0.3902053476823424}}"
1,189,-3.0,False,15.337809079212516,15.337809079212516,2.820285706663318,4.721158543112421,4.721158543112421,0.8681172056103729,-3.24873840587041,"{'bias_segment_0_end': {'mean': 4.721158543112421, 'abs_mean': 4.721158543112421, 'std': 0.8681172056103729}}"
1,190,7.0,False,7.266360662028502,7.266360662028502,1.533293866580796,1.3054737925188993,1.3054737925188993,0.2754714570543219,5.56607164668402,"{'bias_segment_0_end': {'mean': 1.3054737925188993, 'abs_mean': 1.3054737925188993, 'std': 0.2754714570543219}}"
1,191,-11.0,False,23.653734112215503,23.653734112215503,3.67935361083122,2.197736363899549,2.197736363899549,0.3418593101540318,-10.762771413694749,"{'bias_segment_0_end': {'mean': 2.197736363899549, 'abs_mean': 2.197736363899549, 'std': 0.3418593101540318}}"
1,192,-1.0,False,15.239060265494322,15.239060265494322,2.3976663894780104,6.206683942598852,6.206683942598852,0.9765403653516823,-2.455266033590467,"{'bias_segment_0_end': {'mean': 6.206683942598852, 'abs_mean': 6.206683942598852, 'std': 0.9765403653516823}}"
1,193,12.0,True,11.794718823171689,11.794718823171689,3.974255565157686,3.1161742144944844,3.1161742144944844,1.050001521835796,3.7849998142947427,"{'bias_segment_0_end': {'mean': 3.1161742144944844, 'abs_mean': 3.1161742144944844, 'std': 1.050001521835796}}"
1,194,-3.0,True,16.405510575273404,16.405510575273404,4.3365224095709065,4.021108075726348,4.021108075726348,1.0629126842279488,-4.0798482075889035,"{'bias_segment_0_end': {'mean': 4.021108075726348, 'abs_mean': 4.021108075726348, 'std': 1.0629126842279488}}"
1,195,16.0,True,8.232567444029513,8.232567444029513,3.4542810229101764,1.1236541739011399,1.1236541739011399,0.47147105876860207,7.326602468308744,"{'bias_segment_0_end': {'mean': 1.1236541739011399, 'abs_mean': 1.1236541739011399, 'std': 0.47147105876860207}}"
1,196,-6.0,False,19.7734537516346,19.7734537516346,3.281855705740115,4.0425829539632385,4.0425829539632385,0.6709588572656525,-4.891292022158567,"{'bias_segment_0_end': {'mean': 4.0425829539632385, 'abs_mean': 4.0425829539632385, 'std': 0.6709588572656525}}"
1,197,2.0,False,13.418268601277935,13.418268601277935,1.970106897172738,26.38686020634298,26.38686020634298,3.8741909878222445,0.5085208507699751,"{'bias_segment_0_end': {'mean': 26.38686020634298, 'abs_mean': 26.38686020634298, 'std': 3.8741909878222445}}"
1,198,6.0,True,10.518093372158281,10.518093372158281,2.5655139430609166,2.4244588791472768,2.4244588791472768,0.5913603196654126,4.338326157075378,"{'bias_segment_0_end': {'mean': 2.4244588791472768, 'abs_mean': 2.4244588791472768, 'std': 0.5913603196654126}}"
1,199,0.0,False,16.04066925004075,16.04066925004075,3.3413260005410446,3.822365479846326,3.822365479846326,0.7962117391921555,-4.19652943566392,"{'bias_segment_0_end': {'mean': 3.822365479846326, 'abs_mean': 3.822365479846326, 'std': 0.7962117391921555}}"
1,200,-7.0,True,18.91305577175371,18.91305577175371,5.16021651744411,4.210582640936112,4.210582640936112,1.1488105546789322,-4.491790658109229,"{'bias_segment_0_end': {'mean': 4.210582640936112, 'abs_mean': 4.210582640936112, 'std': 1.1488105546789322}}"
1,201,-18.0,True,24.388594694713714,24.388594694713714,4.897115649703021,2.796991294665947,2.796991294665947,0.5616227590251694,-8.719581909755822,"{'bias_segment_0_end': {'mean': 2.796991294665947, 'abs_mean': 2.796991294665947, 'std': 0.5616227590251694}}"
1,202,-4.0,True,15.903000319707996,15.903000319707996,5.716621824623932,15.258244109887352,15.258244109887352,5.484852514020647,-1.0422562521072032,"{'bias_segment_0_end': {'mean': 15.258244109887352, 'abs_mean': 15.258244109887352, 'std': 5.484852514020647}}"
1,203,10.0,True,6.25997523334558,8.22858188069775,7.336296320726168,0.8532207325311877,1.121537449947641,0.999920908231856,7.336876607269692,"{'bias_segment_0_end': {'mean': 0.8532207325311877, 'abs_mean': 1.121537449947641, 'std': 0.999920908231856}}"
1,204,2.0,False,19.00456980790502,19.00456980790502,3.771583465130898,3.570231477729693,3.570231477729693,0.7085362175624816,-5.323063763918751,"{'bias_segment_0_end': {'mean': 3.570231477729693, 'abs_mean': 3.570231477729693, 'std': 0.7085362175624816}}"
1,205,-22.0,False,20.03056839352683,20.03056839352683,7.101159689058652,3.819984541077298,3.819984541077298,1.3542461553258558,-5.243625511604266,"{'bias_segment_0_end': {'mean': 3.819984541077298, 'abs_mean': 3.819984541077298, 'std': 1.3542461553258558}}"
1,206,11.0,False,8.922892549268195,8.922892549268195,3.256493196185322,2.2459305177820434,2.2459305177820434,0.8196733749597874,3.9729156706414717,"{'bias_segment_0_end': {'mean': 2.2459305177820434, 'abs_mean': 2.2459305177820434, 'std': 0.8196733749597874}}"
1,207,-4.0,True,14.800136151210419,14.800136151210419,2.9994276129114796,9.78268788580622,9.78268788580622,1.9825806920554618,-1.5128905597288909,"{'bias_segment_0_end': {'mean': 9.78268788580622, 'abs_mean': 9.78268788580622, 'std': 1.9825806920554618}}"
1,208,13.0,False,9.067876289818207,9.067876289818207,2.2992381326980436,2.738382908985968,2.738382908985968,0.6943405715998537,3.311398219753011,"{'bias_segment_0_end': {'mean': 2.738382908985968, 'abs_mean': 2.738382908985968, 'std': 0.6943405715998537}}"
1,209,14.0,True,7.728720694604839,7.728720694604839,3.638086587564676,1.3202101980748182,1.3202101980748182,0.6214533043916234,5.854159213339784,"{'bias_segment_0_end': {'mean': 1.3202101980748182, 'abs_mean': 1.3202101980748182, 'std': 0.6214533043916234}}"
1,210,16.0,True,10.558695679689716,10.558695679689716,3.9140585183826233,2.2450322142803345,2.2450322142803345,0.8322228169952876,4.703137715587035,"{'bias_segment_0_end': {'mean': 2.2450322142803345, 'abs_mean': 2.2450322142803345, 'std': 0.8322228169952876}}"
1,211,7.0,False,11.200588566484239,11.200588566484239,2.194140363192963,5.431402688098429,5.431402688098429,1.063985146492372,2.0621907837965225,"{'bias_segment_0_end': {'mean': 5.431402688098429, 'abs_mean': 5.431402688098429, 'std': 1.063985146492372}}"
1,212,1.0,True,14.05341759239904,14.05341759239904,2.4756834701958215,14.649766670714696,14.649766670714696,2.5807377422933855,-0.9592929299339782,"{'bias_segment_0_end': {'mean': 14.649766670714696, 'abs_mean': 14.649766670714696, 'std': 2.5807377422933855}}"
1,213,6.0,False,10.537262829815337,10.537262829815337,1.8133678808703897,5.87193576677642,5.87193576677642,1.0105071772413032,1.7945126187237044,"{'bias_segment_0_end': {'mean': 5.87193576677642, 'abs_mean': 5.87193576677642, 'std': 1.0105071772413032}}"
1,214,-1.0,False,14.938229024084759,14.938229024084759,2.3037029834255476,5.445264064987304,5.445264064987304,0.8397428538433954,-2.7433433614609446,"{'bias_segment_0_end': {'mean': 5.445264064987304, 'abs_mean': 5.445264064987304, 'std': 0.8397428538433954}}"
1,215,21.0,True,6.982909358571972,7.1501107263773225,4.385945543043955,0.6779338874019383,0.6941665874750182,0.4258083499650438,10.300280732879038,"{'bias_segment_0_end': {'mean': 0.6779338874019383, 'abs_mean': 0.6941665874750182, 'std': 0.4258083499650438}}"
1,216,11.0,True,8.252138474674762,8.252138474674762,2.9289581875209882,1.3565756341807387,1.3565756341807387,0.4814937755733371,6.083065526721172,"{'bias_segment_0_end': {'mean': 1.3565756341807387, 'abs_mean': 1.3565756341807387, 'std': 0.4814937755733371}}"
1,217,9.0,False,6.583275986600575,6.583275986600575,1.610625058904223,1.3741556036472138,1.3741556036472138,0.3361927184235707,4.7907791294723685,"{'bias_segment_0_end': {'mean': 1.3741556036472138, 'abs_mean': 1.3741556036472138, 'std': 0.3361927184235707}}"
1,218,6.0,True,10.974669269781762,10.974669269781762,2.443444171292505,7.551901070964206,7.551901070964206,1.6813853976295778,1.4532326584596729,"{'bias_segment_0_end': {'mean': 7.551901070964206, 'abs_mean': 7.551901070964206, 'std': 1.6813853976295778}}"
1,219,9.0,True,13.22367401945782,13.22367401945782,2.9085799431588746,8.680510742369119,8.680510742369119,1.909299896872773,1.5233751114336804,"{'bias_segment_0_end': {'mean': 8.680510742369119, 'abs_mean': 8.680510742369119, 'std': 1.909299896872773}}"
1,220,15.0,True,5.357994365849669,5.357994365849669,2.3943167275980994,0.5672191264125875,0.5672191264125875,0.25347212965347565,9.44607492299605,"{'bias_segment_0_end': {'mean': 0.5672191264125875, 'abs_mean': 0.5672191264125875, 'std': 0.25347212965347565}}"
1,221,-12.0,False,18.39968074244451,18.39968074244451,5.511360099568797,3.552313251069979,3.552313251069979,1.0640444139856051,-5.179633506955619,"{'bias_segment_0_end': {'mean': 3.552313251069979, 'abs_mean': 3.552313251069979, 'std': 1.0640444139856051}}"
1,222,11.0,False,13.778554461871389,13.79002464770298,8.611063987272638,3.136496597630799,3.139107626163185,1.9601891455886042,4.392976058790956,"{'bias_segment_0_end': {'mean': 3.136496597630799, 'abs_mean': 3.139107626163185, 'std': 1.9601891455886042}}"
1,223,7.0,False,12.318842791385268,12.318842791385268,1.7212607036795755,14.670426923288879,14.670426923288879,2.049837780779117,0.8397058146841972,"{'bias_segment_0_end': {'mean': 14.670426923288879, 'abs_mean': 14.670426923288879, 'std': 2.049837780779117}}"
1,224,13.0,False,10.225513264028578,10.225513264028578,3.4699299346152297,3.8602700816495226,3.8602700816495226,1.309945659073747,2.6489113579480787,"{'bias_segment_0_end': {'mean': 3.8602700816495226, 'abs_mean': 3.8602700816495226, 'std': 1.309945659073747}}"
1,225,20.0,False,6.28106119448364,6.31693953760446,3.930477600613001,0.9287587305150472,0.9340639366542808,0.581186088406397,6.76285561375068,"{'bias_segment_0_end': {'mean': 0.9287587305150472, 'abs_mean': 0.9340639366542808, 'std': 0.581186088406397}}"
1,226,2.0,False,14.962459703134051,14.962459703134051,1.901000380299545,5.133581058168741,5.133581058168741,0.652228292506826,-2.914624223050933,"{'bias_segment_0_end': {'mean': 5.133581058168741, 'abs_mean': 5.133581058168741, 'std': 0.652228292506826}}"
1,227,7.0,True,12.501334566983376,12.501334566983376,1.600238712080897,60.628507177366856,60.628507177366856,7.760778157008266,0.2061956519960338,"{'bias_segment_0_end': {'mean': 60.628507177366856, 'abs_mean': 60.628507177366856, 'std': 7.760778157008266}}"
1,228,0.0,True,17.894334289351715,17.894334289351715,5.7736681407940775,5.295136520499234,5.295136520499234,1.7084939028860195,-3.3793905445264336,"{'bias_segment_0_end': {'mean': 5.295136520499234, 'abs_mean': 5.295136520499234, 'std': 1.7084939028860195}}"
1,229,-2.0,True,17.511189629094325,17.511189629094325,2.7699175251776027,3.445514401224041,3.445514401224041,0.5450109858524721,-5.0823150304852485,"{'bias_segment_0_end': {'mean': 3.445514401224041, 'abs_mean': 3.445514401224041, 'std': 0.5450109858524721}}"
1,230,23.0,False,4.6840995688289695,5.5301940442273505,4.873692000179206,0.5039739432235577,0.5950073559084191,0.5243726652893246,9.294328867219134,"{'bias_segment_0_end': {'mean': 0.5039739432235577, 'abs_mean': 0.5950073559084191, 'std': 0.5243726652893246}}"
1,231,4.0,False,17.22149232216507,17.22149232216507,3.203015699665846,4.8270117740357446,4.8270117740357446,0.8977732129990367,-3.567733647305072,"{'bias_segment_0_end': {'mean': 4.8270117740357446, 'abs_mean': 4.8270117740357446, 'std': 0.8977732129990367}}"
1,232,5.0,False,12.019420254163695,12.019420254163695,1.2171750279118503,22.424490242534528,22.424490242534528,2.2708690568840693,-0.5359952500220222,"{'bias_segment_0_end': {'mean': 22.424490242534528, 'abs_mean': 22.424490242534528, 'std': 2.2708690568840693}}"
1,233,4.0,True,11.890736684268582,11.890736684268582,2.5953084944375098,19.421013032143602,19.421013032143602,4.2388896021545595,0.6122614028726665,"{'bias_segment_0_end': {'mean': 19.421013032143602, 'abs_mean': 19.421013032143602, 'std': 4.2388896021545595}}"
1,234,9.0,False,8.273341990435144,8.273341990435144,2.683682766102382,1.6740796251005077,1.6740796251005077,0.5430331109434862,4.942024182355383,"{'bias_segment_0_end': {'mean': 1.6740796251005077, 'abs_mean': 1.6740796251005077, 'std': 0.5430331109434862}}"
1,235,26.0,False,4.241667480770569,8.816209457081316,8.869810182064636,0.3396511948807354,0.705957289200925,0.7102493631010112,12.488304309543151,"{'bias_segment_0_end': {'mean': 0.3396511948807354, 'abs_mean': 0.705957289200925, 'std': 0.7102493631010112}}"
1,236,17.0,True,5.915057013048847,5.915057013048847,2.034606853151802,0.6579947481912366,0.6579947481912366,0.22633097551797488,8.989520097704066,"{'bias_segment_0_end': {'mean': 0.6579947481912366, 'abs_mean': 0.6579947481912366, 'std': 0.22633097551797488}}"
1,237,7.0,False,11.307443470185431,11.307443470185431,2.3977396572404484,7.654517347367524,7.654517347367524,1.6231378780898822,1.4772248800342962,"{'bias_segment_0_end': {'mean': 7.654517347367524, 'abs_mean': 7.654517347367524, 'std': 1.6231378780898822}}"
1,238,-2.0,False,15.37738277328617,15.37738277328617,2.030406827200948,5.2139078189483685,5.2139078189483685,0.6884366597403007,-2.949300852117433,"{'bias_segment_0_end': {'mean': 5.2139078189483685, 'abs_mean': 5.2139078189483685, 'std': 0.6884366597403007}}"
1,239,12.0,False,7.928639031690621,7.928639031690621,3.3719994859139453,1.6247157941081836,1.6247157941081836,0.6909812390993507,4.880015975989635,"{'bias_segment_0_end': {'mean': 1.6247157941081836, 'abs_mean': 1.6247157941081836, 'std': 0.6909812390993507}}"
1,240,8.0,True,10.606976213730475,10.606976213730475,1.992445059704776,2.2769027899258054,2.2769027899258054,0.4276999989255345,4.658510789595944,"{'bias_segment_0_end': {'mean': 2.2769027899258054, 'abs_mean': 2.2769027899258054, 'std': 0.4276999989255345}}"
1,241,5.0,False,12.286179168513007,12.286179168513007,2.7174323978947075,36.23619630379573,36.23619630379573,8.014649018367253,-0.3390581910283457,"{'bias_segment_0_end': {'mean': 36.23619630379573, 'abs_mean': 36.23619630379573, 'std': 8.014649018367253}}"
1,242,0.0,True,12.27364023781336,12.27364023781336,2.6878792436545127,7.777541278219864,7.777541278219864,1.7032511433720952,1.5780874441880905,"{'bias_segment_0_end': {'mean': 7.777541278219864, 'abs_mean': 7.777541278219864, 'std': 1.7032511433720952}}"
1,243,3.0,False,12.56663256991163,12.56663256991163,1.7840578466752148,11.423459858200259,11.423459858200259,1.6217640710684695,1.1000723708842688,"{'bias_segment_0_end': {'mean': 11.423459858200259, 'abs_mean': 11.423459858200259, 'std': 1.6217640710684695}}"
1,244,15.0,False,11.12300443629138,11.12300443629138,3.2910502764538014,3.4988962857433337,3.4988962857433337,1.0352457966220239,3.179003756588435,"{'bias_segment_0_end': {'mean': 3.4988962857433337, 'abs_mean': 3.4988962857433337, 'std': 1.0352457966220239}}"
1,245,4.0,False,13.587056494382729,13.587056494382729,1.8007291367557239,97.35277676297612,97.35277676297612,12.9024253143897,-0.13956516646117867,"{'bias_segment_0_end': {'mean': 97.35277676297612, 'abs_mean': 97.35277676297612, 'std': 12.9024253143897}}"
1,246,19.0,True,6.47776809610702,6.688553521772326,5.002082246919349,0.9215977540837272,0.9515863816487481,0.7116506327655351,7.028845358404068,"{'bias_segment_0_end': {'mean': 0.9215977540837272, 'abs_mean': 0.9515863816487481, 'std': 0.7116506327655351}}"
1,247,10.0,False,11.268259229182833,11.268259229182833,1.4275797860940358,5.449737304422476,5.449737304422476,0.6904291654177999,2.067670164585477,"{'bias_segment_0_end': {'mean': 5.449737304422476, 'abs_mean': 5.449737304422476, 'std': 0.6904291654177999}}"
1,248,-14.0,False,20.156464293076183,20.156464293076183,4.436288876158735,2.748410969142371,2.748410969142371,0.6049049492131019,-7.333861099879803,"{'bias_segment_0_end': {'mean': 2.748410969142371, 'abs_mean': 2.748410969142371, 'std': 0.6049049492131019}}"
1,249,6.0,True,10.932060577716822,10.932060577716822,2.0887769404735765,8.50868648676864,8.50868648676864,1.62574548512,1.2848117737933618,"{'bias_segment_0_end': {'mean': 8.50868648676864, 'abs_mean': 8.50868648676864, 'std': 1.62574548512}}"
1,250,7.0,False,15.402155968555864,15.402155968555864,6.96297009843206,6.8078420587869095,6.8078420587869095,3.0776730729747306,2.262413821524581,"{'bias_segment_0_end': {'mean': 6.8078420587869095, 'abs_mean': 6.8078420587869095, 'std': 3.0776730729747306}}"
1,251,17.0,True,6.1224923840913155,6.1224923840913155,3.0346644945963197,0.82478213952402,0.82478213952402,0.40881015729711045,7.423163149028169,"{'bias_segment_0_end': {'mean': 0.82478213952402, 'abs_mean': 0.82478213952402, 'std': 0.40881015729711045}}"
1,252,-12.0,False,17.566117484385604,17.566117484385604,4.544717662889981,3.715697845632911,3.715697845632911,0.9613278314926842,-4.727541962280706,"{'bias_segment_0_end': {'mean': 3.715697845632911, 'abs_mean': 3.715697845632911, 'std': 0.9613278314926842}}"
1,253,5.0,True,12.054093370336282,12.054093370336282,2.286591062242085,7.985835614379295,7.985835614379295,1.514866342856676,1.5094341972969845,"{'bias_segment_0_end': {'mean': 7.985835614379295, 'abs_mean': 7.985835614379295, 'std': 1.514866342856676}}"
1,254,-8.0,False,18.872174608169754,18.872174608169754,4.9019769205510215,2.9887988358899857,2.9887988358899857,0.7763293429555304,-6.314300708883312,"{'bias_segment_0_end': {'mean': 2.9887988358899857, 'abs_mean': 2.9887988358899857, 'std': 0.7763293429555304}}"
1,255,4.0,True,9.958708987173729,9.958708987173729,2.338996325501387,3.684891085575903,3.684891085575903,0.8654682770764345,2.702578924559261,"{'bias_segment_0_end': {'mean': 3.684891085575903, 'abs_mean': 3.684891085575903, 'std': 0.8654682770764345}}"
1,256,14.0,True,11.433981124457413,11.433981124457413,4.035678598169865,2.950941169315967,2.950941169315967,1.0415488701475302,3.87468962219529,"{'bias_segment_0_end': {'mean': 2.950941169315967, 'abs_mean': 2.950941169315967, 'std': 1.0415488701475302}}"
1,257,12.0,False,8.910307918206605,8.910307918206605,2.1727811432390083,2.52857821997366,2.52857821997366,0.6165945246782698,3.523841124558695,"{'bias_segment_0_end': {'mean': 2.52857821997366, 'abs_mean': 2.52857821997366, 'std': 0.6165945246782698}}"
1,258,10.0,True,10.625093985544979,10.625093985544979,3.731291192232874,2.3986986165261737,2.3986986165261737,0.8423683623732406,4.429524373067083,"{'bias_segment_0_end': {'mean': 2.3986986165261737, 'abs_mean': 2.3986986165261737, 'std': 0.8423683623732406}}"
1,259,-2.0,True,18.08163651559958,18.08163651559958,3.025584938868901,3.69446272125364,3.69446272125364,0.6181913211779313,-4.894253340703339,"{'bias_segment_0_end': {'mean': 3.69446272125364, 'abs_mean': 3.69446272125364, 'std': 0.6181913211779313}}"
1,260,-6.0,False,17.000921967873694,17.000921967873694,3.618324519981595,6.236134968549787,6.236134968549787,1.3272433171129057,-2.7261953202766,"{'bias_segment_0_end': {'mean': 6.236134968549787, 'abs_mean': 6.236134968549787, 'std': 1.3272433171129057}}"
1,261,3.0,True,12.042274040679299,12.042274040679299,2.415341567290161,12.89740585894892,12.89740585894892,2.5868569653953615,0.9336973785564571,"{'bias_segment_0_end': {'mean': 12.89740585894892, 'abs_mean': 12.89740585894892, 'std': 2.5868569653953615}}"
1,262,5.0,True,11.274167563081242,11.274167563081242,3.970923281528796,2.1372494191733127,2.1372494191733127,0.7527698545851431,5.2750827591484795,"{'bias_segment_0_end': {'mean': 2.1372494191733127, 'abs_mean': 2.1372494191733127, 'std': 0.7527698545851431}}"
1,263,0.0,False,13.224233239174017,13.224233239174017,2.1086221003138967,52.004186941846065,52.004186941846065,8.292138826589627,-0.2542917025885258,"{'bias_segment_0_end': {'mean': 52.004186941846065, 'abs_mean': 52.004186941846065, 'std': 8.292138826589627}}"
1,264,10.0,True,11.057367650197133,11.057367650197133,1.8230365080061741,4.868035246016211,4.868035246016211,0.8025966266564496,2.2714230878352826,"{'bias_segment_0_end': {'mean': 4.868035246016211, 'abs_mean': 4.868035246016211, 'std': 0.8025966266564496}}"
1,265,41.0,True,1.1313371397578802,10.720829119946552,12.835166370831528,0.06170963466534955,0.5847756827316113,0.7001037973371075,18.333233471452314,"{'bias_segment_0_end': {'mean': 0.06170963466534955, 'abs_mean': 0.5847756827316113, 'std': 0.7001037973371075}}"
1,266,1.0,True,13.574024945564842,13.574024945564842,1.547867310521825,19.583392930123658,19.583392930123658,2.2331249476263038,0.6931395899576188,"{'bias_segment_0_end': {'mean': 19.583392930123658, 'abs_mean': 19.583392930123658, 'std': 2.2331249476263038}}"
1,267,6.0,True,13.529956735586609,13.529956735586609,3.417438834550232,12.650702722421565,12.650702722421565,3.1953541029619092,-1.069502385160525,"{'bias_segment_0_end': {'mean': 12.650702722421565, 'abs_mean': 12.650702722421565, 'std': 3.1953541029619092}}"
1,268,-6.0,False,17.449431507666336,17.449431507666336,2.9108511593045217,2.984065137266076,2.984065137266076,0.49779097161044666,-5.847537069399583,"{'bias_segment_0_end': {'mean': 2.984065137266076, 'abs_mean': 2.984065137266076, 'std': 0.49779097161044666}}"
1,269,23.0,True,4.083361830338735,5.42245982478666,4.72551097103563,0.3627675667433951,0.4817335906376176,0.4198163640177846,11.256138102409565,"{'bias_segment_0_end': {'mean': 0.3627675667433951, 'abs_mean': 0.4817335906376176, 'std': 0.4198163640177846}}"
1,270,2.0,True,9.967204901404312,9.967204901404312,3.619182920865451,2.7008770815061984,2.7008770815061984,0.9807130786853723,3.69035857635028,"{'bias_segment_0_end': {'mean': 2.7008770815061984, 'abs_mean': 2.7008770815061984, 'std': 0.9807130786853723}}"
1,271,8.0,True,12.7839601390374,12.7839601390374,3.044092778371977,10.809966202910763,10.809966202910763,2.574049018835847,1.1826087056215873,"{'bias_segment_0_end': {'mean': 10.809966202910763, 'abs_mean': 10.809966202910763, 'std': 2.574049018835847}}"
1,272,1.0,False,11.43075079070091,11.43075079070091,2.1218648202982773,36.07772029952576,36.07772029952576,6.697026897165932,0.31683683713383537,"{'bias_segment_0_end': {'mean': 36.07772029952576, 'abs_mean': 36.07772029952576, 'std': 6.697026897165932}}"
1,273,10.0,False,12.541212766480054,12.541212766480054,3.298158044473544,8.740779100397553,8.740779100397553,2.298698813403013,1.4347934689151047,"{'bias_segment_0_end': {'mean': 8.740779100397553, 'abs_mean': 8.740779100397553, 'std': 2.298698813403013}}"
1,274,11.0,True,11.995897784680235,11.995897784680235,3.6983273417537963,413.2675373246275,413.2675373246275,127.41010803700081,0.02902695397354012,"{'bias_segment_0_end': {'mean': 413.2675373246275, 'abs_mean': 413.2675373246275, 'std': 127.41010803700081}}"
1,275,16.0,True,4.888823339225119,4.92394431424886,2.6302381095325944,0.6202011135586369,0.6246565962602152,0.33367468842002324,7.882641988779507,"{'bias_segment_0_end': {'mean': 0.6202011135586369, 'abs_mean': 0.6246565962602152, 'std': 0.33367468842002324}}"
1,276,13.0,False,13.984622989013959,13.984622989013959,1.9116548272872886,7.644412326719946,7.644412326719946,1.0449675860142027,1.8293915073278708,"{'bias_segment_0_end': {'mean': 7.644412326719946, 'abs_mean': 7.644412326719946, 'std': 1.0449675860142027}}"
1,277,-4.0,False,17.305989046111915,17.305989046111915,2.88688885387376,4.546171232292462,4.546171232292462,0.758367003661963,-3.806717380811272,"{'bias_segment_0_end': {'mean': 4.546171232292462, 'abs_mean': 4.546171232292462, 'std': 0.758367003661963}}"
1,278,-6.0,True,12.416004176204613,12.416004176204613,5.700348133688966,5.481883250619985,5.481883250619985,2.5168035153097597,2.264915834316683,"{'bias_segment_0_end': {'mean': 5.481883250619985, 'abs_mean': 5.481883250619985, 'std': 2.5168035153097597}}"
1,279,6.0,False,9.314579535360053,9.314579535360053,1.767029311288009,1.930284125983257,1.930284125983257,0.366186000857904,4.825496625070856,"{'bias_segment_0_end': {'mean': 1.930284125983257, 'abs_mean': 1.930284125983257, 'std': 0.366186000857904}}"
1,280,-1.0,True,14.77285633808023,14.77285633808023,3.779380609124981,4.787879083535653,4.787879083535653,1.224896320185921,-3.085469804131118,"{'bias_segment_0_end': {'mean': 4.787879083535653, 'abs_mean': 4.787879083535653, 'std': 1.224896320185921}}"
1,281,-6.0,False,16.988303692921946,16.988303692921946,3.6127291026446313,7.869334768111448,7.869334768111448,1.6734910824000946,-2.158797940807257,"{'bias_segment_0_end': {'mean': 7.869334768111448, 'abs_mean': 7.869334768111448, 'std': 1.6734910824000946}}"
1,282,-3.0,True,12.626808839325523,12.626808839325523,4.789535802794054,5.7055156930845445,5.7055156930845445,2.164186694608378,2.2130880920422387,"{'bias_segment_0_end': {'mean': 5.7055156930845445, 'abs_mean': 5.7055156930845445, 'std': 2.164186694608378}}"
1,283,-12.0,True,16.13725548415444,16.13725548415444,8.446404601825488,18.74590975236391,18.74590975236391,9.811800931902285,0.8608414153983373,"{'bias_segment_0_end': {'mean': 18.74590975236391, 'abs_mean': 18.74590975236391, 'std': 9.811800931902285}}"
1,284,8.0,True,9.124593586744126,9.124593586744126,3.7154201867831227,1.5746262387731647,1.5746262387731647,0.6411680759870159,5.794767902415595,"{'bias_segment_0_end': {'mean': 1.5746262387731647, 'abs_mean': 1.5746262387731647, 'std': 0.6411680759870159}}"
1,285,9.0,False,9.690301930188232,9.690301930188232,1.993862517083182,3.7736241149306977,3.7736241149306977,0.7764554428259556,2.5679033298116902,"{'bias_segment_0_end': {'mean': 3.7736241149306977, 'abs_mean': 3.7736241149306977, 'std': 0.7764554428259556}}"
1,286,17.0,False,2.843046692470297,3.4643845937459856,3.7502681697371862,0.23571503290110568,0.28722972811514963,0.31093213747026976,12.061371977336288,"{'bias_segment_0_end': {'mean': 0.23571503290110568, 'abs_mean': 0.28722972811514963, 'std': 0.31093213747026976}}"
1,287,-3.0,False,14.808305713996718,14.808305713996718,3.1663450029803477,9.48216680210616,9.48216680210616,2.0274980845983386,-1.561700613693858,"{'bias_segment_0_end': {'mean': 9.48216680210616, 'abs_mean': 9.48216680210616, 'std': 2.0274980845983386}}"
1,288,3.0,False,15.213689707066306,15.213689707066306,1.7034522971034434,8.952151169421153,8.952151169421153,1.002357926787791,-1.6994451299072546,"{'bias_segment_0_end': {'mean': 8.952151169421153, 'abs_mean': 8.952151169421153, 'std': 1.002357926787791}}"
1,289,12.0,False,15.230152537308888,15.230152537308888,4.008471678251816,11.077497347265963,11.077497347265963,2.9155213169172383,1.3748730475722335,"{'bias_segment_0_end': {'mean': 11.077497347265963, 'abs_mean': 11.077497347265963, 'std': 2.9155213169172383}}"
1,290,35.0,True,1.2575705360596603,7.167818854891536,7.9541633047290405,0.08445358764769409,0.48136307312121873,0.5341709340016991,14.890670379874583,"{'bias_segment_0_end': {'mean': 0.08445358764769409, 'abs_mean': 0.48136307312121873, 'std': 0.5341709340016991}}"
1,291,5.0,True,13.534492738111789,13.534492738111789,1.7748167704810816,6.15292657188993,6.15292657188993,0.8068508719634823,2.199683773238097,"{'bias_segment_0_end': {'mean': 6.15292657188993, 'abs_mean': 6.15292657188993, 'std': 0.8068508719634823}}"
1,292,4.0,False,12.543358584574575,12.543358584574575,2.580387249731878,20.542593216944606,20.542593216944606,4.225969086032491,-0.6106024907424131,"{'bias_segment_0_end': {'mean': 20.542593216944606, 'abs_mean': 20.542593216944606, 'std': 4.225969086032491}}"
1,293,23.0,True,0.4273561879257888,4.087581030928244,4.736988045521359,0.030809230389028476,0.2946844559029988,0.34150191378505207,13.871043921888273,"{'bias_segment_0_end': {'mean': 0.030809230389028476, 'abs_mean': 0.2946844559029988, 'std': 0.34150191378505207}}"
1,294,10.0,True,11.113928161689888,11.113928161689888,1.5234626272323273,5.346020014426417,5.346020014426417,0.7328157585622095,2.0789163025388175,"{'bias_segment_0_end': {'mean': 5.346020014426417, 'abs_mean': 5.346020014426417, 'std': 0.7328157585622095}}"
1,295,6.0,False,12.913361081954719,12.913361081954719,2.350253351872929,50.74797889261342,50.74797889261342,9.2362171812737,-0.2544605985054178,"{'bias_segment_0_end': {'mean': 50.74797889261342, 'abs_mean': 50.74797889261342, 'std': 9.2362171812737}}"
1,296,5.0,False,10.849639097818676,10.849639097818676,1.4343371531116393,7.884341849831755,7.884341849831755,1.0423207943681994,1.376099527958722,"{'bias_segment_0_end': {'mean': 7.884341849831755, 'abs_mean': 7.884341849831755, 'std': 1.0423207943681994}}"
1,297,15.0,False,8.532665656511284,8.532665656511284,2.659876566251563,1.83724955112895,1.83724955112895,0.5727233697097849,4.644260574872993,"{'bias_segment_0_end': {'mean': 1.83724955112895, 'abs_mean': 1.83724955112895, 'std': 0.5727233697097849}}"
1,298,10.0,False,4.688755767903258,4.819917509660181,3.2858640225195503,0.5447053678263345,0.559942780121835,0.3817276607295362,8.607875091471742,"{'bias_segment_0_end': {'mean': 0.5447053678263345, 'abs_mean': 0.559942780121835, 'std': 0.3817276607295362}}"
1,299,-4.0,False,21.099442763082145,21.099442763082145,5.047401745952186,2.4970694740954844,2.4970694740954844,0.5973481368601008,-8.449681909921635,"{'bias_segment_0_end': {'mean': 2.4970694740954844, 'abs_mean': 2.4970694740954844, 'std': 0.5973481368601008}}"
1,300,6.0,True,13.882206914216138,13.882206914216138,1.8328223136076818,8.59689269442588,8.59689269442588,1.1350195869720852,-1.6147935547941858,"{'bias_segment_0_end': {'mean': 8.59689269442588, 'abs_mean': 8.59689269442588, 'std': 1.1350195869720852}}"
1,301,-3.0,False,17.613490142585583,17.613490142585583,2.666779199927685,3.1422017190845106,3.1422017190845106,0.47574660777602745,-5.6054613030118645,"{'bias_segment_0_end': {'mean': 3.1422017190845106, 'abs_mean': 3.1422017190845106, 'std': 0.47574660777602745}}"
1,302,16.0,True,7.588724809208088,7.588724809208088,3.150503470731547,1.1231095696173892,1.1231095696173892,0.466265503895725,6.7568873193675545,"{'bias_segment_0_end': {'mean': 1.1231095696173892, 'abs_mean': 1.1231095696173892, 'std': 0.466265503895725}}"
1,303,18.0,True,6.659382555996811,6.67171684427947,4.148748025785701,0.7552618123981691,0.756660683366261,0.4705227439316575,8.817316653216446,"{'bias_segment_0_end': {'mean': 0.7552618123981691, 'abs_mean': 0.756660683366261, 'std': 0.4705227439316575}}"
1,304,-6.0,False,15.800685354940608,15.800685354940608,3.4272921462462085,4.1964114193442725,4.1964114193442725,0.9102344345740307,-3.765285091472182,"{'bias_segment_0_end': {'mean': 4.1964114193442725, 'abs_mean': 4.1964114193442725, 'std': 0.9102344345740307}}"
1,305,10.0,True,8.233694948805894,8.233694948805894,2.6597484772683773,1.3478554472106785,1.3478554472106785,0.43540069137688986,6.10873737673066,"{'bias_segment_0_end': {'mean': 1.3478554472106785, 'abs_mean': 1.3478554472106785, 'std': 0.43540069137688986}}"
1,306,12.0,True,10.89019382238768,10.89019382238768,3.276327715755322,2.810415513414862,2.810415513414862,0.845516837401064,3.874940830067968,"{'bias_segment_0_end': {'mean': 2.810415513414862, 'abs_mean': 2.810415513414862, 'std': 0.845516837401064}}"
1,307,11.0,True,4.572945976419104,4.749595029637122,3.696504345533131,0.427680681663403,0.44420162634218446,0.3457122621656905,10.692430526984019,"{'bias_segment_0_end': {'mean': 0.427680681663403, 'abs_mean': 0.44420162634218446, 'std': 0.3457122621656905}}"
1,308,13.0,True,10.281143505239154,10.281143505239154,2.809814807895571,2.5142078668143486,2.5142078668143486,0.6871277004063335,4.089217777472783,"{'bias_segment_0_end': {'mean': 2.5142078668143486, 'abs_mean': 2.5142078668143486, 'std': 0.6871277004063335}}"
1,309,2.0,False,17.800090466425118,17.800090466425118,3.686679102354602,3.1276063340018143,3.1276063340018143,0.6477765342656768,-5.691282266860504,"{'bias_segment_0_end': {'mean': 3.1276063340018143, 'abs_mean': 3.1276063340018143, 'std': 0.6477765342656768}}"
1,310,-3.0,False,17.975661924719432,17.975661924719432,4.209314489843767,3.9274892516099427,3.9274892516099427,0.9196900500655928,-4.57688379856187,"{'bias_segment_0_end': {'mean': 3.9274892516099427, 'abs_mean': 3.9274892516099427, 'std': 0.9196900500655928}}"
1,311,-2.0,False,14.608869206968507,14.608869206968507,1.9968435846317134,13.826566328997467,13.826566328997467,1.889912893352046,-1.0565796929878657,"{'bias_segment_0_end': {'mean': 13.826566328997467, 'abs_mean': 13.826566328997467, 'std': 1.889912893352046}}"
1,312,12.0,False,6.489496138513759,6.489496138513759,1.2619118850871118,1.0834667398420945,1.0834667398420945,0.210685009578641,5.989566545863275,"{'bias_segment_0_end': {'mean': 1.0834667398420945, 'abs_mean': 1.0834667398420945, 'std': 0.210685009578641}}"
1,313,20.0,False,13.498697874529208,13.504157215255269,6.714180066758889,7.919298227549319,7.922501065907312,3.939016547844997,1.704532079316133,"{'bias_segment_0_end': {'mean': 7.919298227549319, 'abs_mean': 7.922501065907312, 'std': 3.939016547844997}}"
1,314,4.0,True,11.618701203264337,11.618701203264337,5.178842323758733,5.049388569910141,5.049388569910141,2.2506807583284134,2.3010115071162174,"{'bias_segment_0_end': {'mean': 5.049388569910141, 'abs_mean': 5.049388569910141, 'std': 2.2506807583284134}}"
1,315,-5.0,False,21.901225564212858,21.901225564212858,4.887707757204877,2.2435395092013364,2.2435395092013364,0.50069186450631,-9.761907679535065,"{'bias_segment_0_end': {'mean': 2.2435395092013364, 'abs_mean': 2.2435395092013364, 'std': 0.50069186450631}}"
1,316,13.0,True,10.085933163204647,10.085933163204647,2.454238358498626,2.112464554111995,2.112464554111995,0.5140319151215813,4.774486342775307,"{'bias_segment_0_end': {'mean': 2.112464554111995, 'abs_mean': 2.112464554111995, 'std': 0.5140319151215813}}"
1,317,4.0,True,12.99803061422986,12.99803061422986,2.058694673822107,77.27632729050616,77.27632729050616,12.23942058047884,0.16820197167712372,"{'bias_segment_0_end': {'mean': 77.27632729050616, 'abs_mean': 77.27632729050616, 'std': 12.23942058047884}}"
1,318,9.0,True,7.632385315533036,7.632385315533036,2.9260491987833666,1.46582765009334,1.46582765009334,0.5619585023283874,5.2068777083356474,"{'bias_segment_0_end': {'mean': 1.46582765009334, 'abs_mean': 1.46582765009334, 'std': 0.5619585023283874}}"
1,319,5.0,False,14.576577224917642,14.576577224917642,2.736475430573857,21.534011630762688,21.534011630762688,4.0426015545365255,-0.6769095083098258,"{'bias_segment_0_end': {'mean': 21.534011630762688, 'abs_mean': 21.534011630762688, 'std': 4.0426015545365255}}"
1,320,15.0,False,11.989086290571123,11.989086290571123,5.447248099766984,3.8280936131991807,3.8280936131991807,1.739296486391042,3.1318686275677856,"{'bias_segment_0_end': {'mean': 3.8280936131991807, 'abs_mean': 3.8280936131991807, 'std': 1.739296486391042}}"
1,321,6.0,True,11.610490891357426,11.610490891357426,2.2659247556197446,2.9658404900345485,2.9658404900345485,0.5788188846167704,3.91473881699625,"{'bias_segment_0_end': {'mean': 2.9658404900345485, 'abs_mean': 2.9658404900345485, 'std': 0.5788188846167704}}"
1,322,11.0,True,7.716978525096063,7.716978525096063,2.0247404357024807,1.3523394707867056,1.3523394707867056,0.3548197523672973,5.706391547239846,"{'bias_segment_0_end': {'mean': 1.3523394707867056, 'abs_mean': 1.3523394707867056, 'std': 0.3548197523672973}}"
1,323,-12.0,False,19.611589152053273,19.611589152053273,4.013743930558192,3.0013643957803393,3.0013643957803393,0.6142647611856348,-6.534224627847751,"{'bias_segment_0_end': {'mean': 3.0013643957803393, 'abs_mean': 3.0013643957803393, 'std': 0.6142647611856348}}"
1,324,15.0,True,3.583383969853197,3.693676326337709,2.7251419837926893,0.36207975888618227,0.37322414926657943,0.2753594816306256,9.896670227787057,"{'bias_segment_0_end': {'mean': 0.36207975888618227, 'abs_mean': 0.37322414926657943, 'std': 0.2753594816306256}}"
1,325,3.0,False,14.602943099508876,14.602943099508876,1.8843443213439788,10.174265367566795,10.174265367566795,1.3128736473585239,-1.4352823100191272,"{'bias_segment_0_end': {'mean': 10.174265367566795, 'abs_mean': 10.174265367566795, 'std': 1.3128736473585239}}"
1,326,4.0,False,13.508123610309092,13.508123610309092,1.5624088058564949,68.49144748426556,68.49144748426556,7.922021130574001,-0.19722350901420638,"{'bias_segment_0_end': {'mean': 68.49144748426556, 'abs_mean': 68.49144748426556, 'std': 7.922021130574001}}"
1,327,10.0,True,10.209689679309765,10.209689679309765,2.1199939099118645,3.0766688227506096,3.0766688227506096,0.638855770539733,3.318423355745542,"{'bias_segment_0_end': {'mean': 3.0766688227506096, 'abs_mean': 3.0766688227506096, 'std': 0.638855770539733}}"
1,328,7.0,True,9.103147122777248,9.103147122777248,2.3070879489316325,2.4429891809746063,2.4429891809746063,0.6191475126985916,3.7262330892294977,"{'bias_segment_0_end': {'mean': 2.4429891809746063, 'abs_mean': 2.4429891809746063, 'std': 0.6191475126985916}}"
1,329,13.0,True,9.934982052588982,9.934982052588982,1.971988912632884,1.7186985428157686,1.7186985428157686,0.34114349202148525,5.780526255821663,"{'bias_segment_0_end': {'mean': 1.7186985428157686, 'abs_mean': 1.7186985428157686, 'std': 0.34114349202148525}}"
1,330,17.0,True,6.341953424074492,6.341953424074492,2.5783346089894636,0.7149022934561202,0.7149022934561202,0.29064504294003873,8.871077183729517,"{'bias_segment_0_end': {'mean': 0.7149022934561202, 'abs_mean': 0.7149022934561202, 'std': 0.29064504294003873}}"
1,331,-2.0,False,17.128349572557227,17.128349572557227,5.007781538181208,5.968137258931988,5.968137258931988,1.7448924343823353,-2.8699657580634104,"{'bias_segment_0_end': {'mean': 5.968137258931988, 'abs_mean': 5.968137258931988, 'std': 1.7448924343823353}}"
1,332,-7.0,False,19.48380693572306,19.48380693572306,3.9063903702802714,2.562794723018241,2.562794723018241,0.5138254890345961,-7.602562452905587,"{'bias_segment_0_end': {'mean': 2.562794723018241, 'abs_mean': 2.562794723018241, 'std': 0.5138254890345961}}"
1,333,5.0,False,15.342876139043119,15.342876139043119,3.6935314662335474,16.87313131222721,16.87313131222721,4.0619138726546815,-0.9093081690133483,"{'bias_segment_0_end': {'mean': 16.87313131222721, 'abs_mean': 16.87313131222721, 'std': 4.0619138726546815}}"
1,334,-8.0,False,16.967684907867326,16.967684907867326,4.206875146364258,4.646486501850707,4.646486501850707,1.1520244917731466,-3.651723705881649,"{'bias_segment_0_end': {'mean': 4.646486501850707, 'abs_mean': 4.646486501850707, 'std': 1.1520244917731466}}"
1,335,18.0,False,8.976913523104852,9.565007286345665,6.5375926578094745,1.2947311924279734,1.3795513633453467,0.942910401851173,6.933418747926119,"{'bias_segment_0_end': {'mean': 1.2947311924279734, 'abs_mean': 1.3795513633453467, 'std': 0.942910401851173}}"
1,336,23.0,False,6.515235017925198,6.875558011524927,6.1806774094665275,0.8801460652496372,0.9288222625262115,0.8349505255839018,7.402447474530573,"{'bias_segment_0_end': {'mean': 0.8801460652496372, 'abs_mean': 0.9288222625262115, 'std': 0.8349505255839018}}"
1,337,3.0,False,11.305219820143405,11.305219820143405,2.442954969158232,4.741577005971537,4.741577005971537,1.0246115770120114,2.3842742205611387,"{'bias_segment_0_end': {'mean': 4.741577005971537, 'abs_mean': 4.741577005971537, 'std': 1.0246115770120114}}"
1,338,2.0,True,11.894927358002686,11.894927358002686,2.8057623206307003,6.726999284089137,6.726999284089137,1.5867571574120358,1.7682367509889376,"{'bias_segment_0_end': {'mean': 6.726999284089137, 'abs_mean': 6.726999284089137, 'std': 1.5867571574120358}}"
1,339,8.0,False,9.326186300377714,9.326186300377714,2.9474158184235733,4.74226927699198,4.74226927699198,1.498730459809086,1.966608337832159,"{'bias_segment_0_end': {'mean': 4.74226927699198, 'abs_mean': 4.74226927699198, 'std': 1.498730459809086}}"
1,340,-3.0,False,16.285491325604468,16.285491325604468,4.079623030226628,4.254887333992915,4.254887333992915,1.065877351301391,-3.827478860720308,"{'bias_segment_0_end': {'mean': 4.254887333992915, 'abs_mean': 4.254887333992915, 'std': 1.065877351301391}}"
1,341,33.0,True,0.13142288412112713,4.315452552985923,5.450163836850625,0.008743576226215887,0.28710744403443333,0.3625998871623296,15.03079297542826,"{'bias_segment_0_end': {'mean': 0.008743576226215887, 'abs_mean': 0.28710744403443333, 'std': 0.3625998871623296}}"
1,342,-5.0,True,15.543650462152161,15.543650462152161,2.853498149634226,6.182668077886834,6.182668077886834,1.1350121364997519,-2.5140684032102856,"{'bias_segment_0_end': {'mean': 6.182668077886834, 'abs_mean': 6.182668077886834, 'std': 1.1350121364997519}}"
1,343,1.0,False,12.849675850596281,12.849675850596281,1.708426174322853,8.79727138717542,8.79727138717542,1.1696395205000105,-1.4606433387207334,"{'bias_segment_0_end': {'mean': 8.79727138717542, 'abs_mean': 8.79727138717542, 'std': 1.1696395205000105}}"
1,344,7.0,True,14.218258668914949,14.218258668914949,2.8926798350732743,100.38427442959929,100.38427442959929,20.42300489551606,-0.1416383068932414,"{'bias_segment_0_end': {'mean': 100.38427442959929, 'abs_mean': 100.38427442959929, 'std': 20.42300489551606}}"
1,345,20.0,False,4.864717077702662,5.472255659561313,4.528062960181926,0.5610973866078035,0.6311710013934927,0.5222676371044991,8.670004875825606,"{'bias_segment_0_end': {'mean': 0.5610973866078035, 'abs_mean': 0.6311710013934927, 'std': 0.5222676371044991}}"
1,346,5.0,True,12.5327856214736,12.5327856214736,5.395507095736002,9.748889673474691,9.748889673474691,4.197008151057437,1.2855603090445757,"{'bias_segment_0_end': {'mean': 9.748889673474691, 'abs_mean': 9.748889673474691, 'std': 4.197008151057437}}"
1,347,14.0,False,10.859212544312612,10.859212544312612,3.7782075127980446,3.6764312016932132,3.6764312016932132,1.2791277387601496,2.9537374558542817,"{'bias_segment_0_end': {'mean': 3.6764312016932132, 'abs_mean': 3.6764312016932132, 'std': 1.2791277387601496}}"
1,348,15.0,True,11.383719369793079,11.394478804077355,5.965433041828433,3.048713009617289,3.051594530692522,1.5976231257845706,3.7339425960668238,"{'bias_segment_0_end': {'mean': 3.048713009617289, 'abs_mean': 3.051594530692522, 'std': 1.5976231257845706}}"
1,349,19.0,True,6.952413409406784,7.014933156962479,4.5578493892490455,0.7376797627259067,0.7443133660269085,0.4836066352804153,9.424703998542563,"{'bias_segment_0_end': {'mean': 0.7376797627259067, 'abs_mean': 0.7443133660269085, 'std': 0.4836066352804153}}"
1,350,-6.0,True,9.276548714164809,9.398363267058906,7.711663499446248,1.5638040711320436,1.584339089015154,1.3000018807878566,5.932040263489966,"{'bias_segment_0_end': {'mean': 1.5638040711320436, 'abs_mean': 1.584339089015154, 'std': 1.3000018807878566}}"
1,351,9.0,False,7.893532486590004,7.893532486590004,2.7329137964170926,1.6816540504074182,1.6816540504074182,0.5822254564691738,4.6939098351873385,"{'bias_segment_0_end': {'mean': 1.6816540504074182, 'abs_mean': 1.6816540504074182, 'std': 0.5822254564691738}}"
1,352,5.0,False,22.57078821331161,22.57078821331161,6.0159778908711266,2.882191266925451,2.882191266925451,0.7682141525238888,-7.8311208809499915,"{'bias_segment_0_end': {'mean': 2.882191266925451, 'abs_mean': 2.882191266925451, 'std': 0.7682141525238888}}"
1,353,-67.0,False,38.958962933532696,38.958962933532696,14.120273345546384,1.4798546362871177,1.4798546362871177,0.5363580137309737,-26.326209330450737,"{'bias_segment_0_end': {'mean': 1.4798546362871177, 'abs_mean': 1.4798546362871177, 'std': 0.5363580137309737}}"
1,354,-3.0,False,15.151580081524715,15.151580081524715,2.8008533739200296,6.521758675007984,6.521758675007984,1.2055831596773081,-2.32323531681524,"{'bias_segment_0_end': {'mean': 6.521758675007984, 'abs_mean': 6.521758675007984, 'std': 1.2055831596773081}}"
1,355,9.0,True,9.76060422955607,9.76060422955607,1.9344123047386894,2.053490731882563,2.053490731882563,0.4069725240361635,4.75317666547631,"{'bias_segment_0_end': {'mean': 2.053490731882563, 'abs_mean': 2.053490731882563, 'std': 0.4069725240361635}}"
1,356,11.0,True,10.529545869588683,10.529545869588683,3.400595572758298,2.23867261861877,2.23867261861877,0.7229960617501539,4.703477311517423,"{'bias_segment_0_end': {'mean': 2.23867261861877, 'abs_mean': 2.23867261861877, 'std': 0.7229960617501539}}"
1,357,2.0,False,14.24665262142506,14.24665262142506,3.0257533785014523,7.926718090343679,7.926718090343679,1.6835038152202015,-1.7972952310213122,"{'bias_segment_0_end': {'mean': 7.926718090343679, 'abs_mean': 7.926718090343679, 'std': 1.6835038152202015}}"
1,358,8.0,True,5.928094453491757,5.928094453491757,2.2831313314919344,0.7888404543470344,0.7888404543470344,0.30381202104619126,7.514947313901084,"{'bias_segment_0_end': {'mean': 0.7888404543470344, 'abs_mean': 0.7888404543470344, 'std': 0.30381202104619126}}"
1,359,16.0,True,4.62656730058476,5.382755292902342,4.660675688006687,0.525180613414909,0.6110186111918228,0.5290523962433089,8.8094784582797,"{'bias_segment_0_end': {'mean': 0.525180613414909, 'abs_mean': 0.6110186111918228, 'std': 0.5290523962433089}}"
1,360,11.0,True,7.690060120176707,7.690060120176707,3.4780611435351765,1.4587589634922284,1.4587589634922284,0.6597676467306194,5.271645496365565,"{'bias_segment_0_end': {'mean': 1.4587589634922284, 'abs_mean': 1.4587589634922284, 'std': 0.6597676467306194}}"
1,361,13.0,True,10.857436431235866,10.857436431235866,3.562174675280069,1.9005375087542082,1.9005375087542082,0.6235400617798968,5.712824072781839,"{'bias_segment_0_end': {'mean': 1.9005375087542082, 'abs_mean': 1.9005375087542082, 'std': 0.6235400617798968}}"
1,362,-7.0,False,15.524048921809669,15.524048921809669,5.829921410121367,8.608404228139912,8.608404228139912,3.232811257513214,-1.803359659977779,"{'bias_segment_0_end': {'mean': 8.608404228139912, 'abs_mean': 8.608404228139912, 'std': 3.232811257513214}}"
1,363,1.0,False,14.474757778316857,14.474757778316857,2.303037875337065,6.970764232341136,6.970764232341136,1.1090986317695262,-2.0764951009475614,"{'bias_segment_0_end': {'mean': 6.970764232341136, 'abs_mean': 6.970764232341136, 'std': 1.1090986317695262}}"
1,364,18.0,True,5.946137497873307,5.980467060772038,3.4822060765582084,0.7457377121697206,0.7500431709158466,0.43672256044613716,7.973497116798673,"{'bias_segment_0_end': {'mean': 0.7457377121697206, 'abs_mean': 0.7500431709158466, 'std': 0.43672256044613716}}"
1,365,12.0,True,10.798465033423206,10.798465033423206,2.2783343537570477,1.9362835317889109,1.9362835317889109,0.4085304045930885,5.576902791424676,"{'bias_segment_0_end': {'mean': 1.9362835317889109, 'abs_mean': 1.9362835317889109, 'std': 0.4085304045930885}}"
1,366,19.0,True,7.031807818947884,7.031807818947884,3.2105545521793464,0.9679214815279296,0.9679214815279296,0.44192969982740976,7.264853558005241,"{'bias_segment_0_end': {'mean': 0.9679214815279296, 'abs_mean': 0.9679214815279296, 'std': 0.44192969982740976}}"
1,367,2.0,True,16.410066905840115,16.410066905840115,3.6441952335687,4.365031405205408,4.365031405205408,0.9693456298807743,-3.75943845129515,"{'bias_segment_0_end': {'mean': 4.365031405205408, 'abs_mean': 4.365031405205408, 'std': 0.9693456298807743}}"
1,368,3.0,False,13.066510128931805,13.066510128931805,1.9485068151549323,21.56787296323079,21.56787296323079,3.216248795016744,-0.6058321166490443,"{'bias_segment_0_end': {'mean': 21.56787296323079, 'abs_mean': 21.56787296323079, 'std': 3.216248795016744}}"
1,369,7.0,False,15.064526102658705,15.064526102658705,2.7199823889414847,6.579077249205793,6.579077249205793,1.1878882967428424,-2.289762763384068,"{'bias_segment_0_end': {'mean': 6.579077249205793, 'abs_mean': 6.579077249205793, 'std': 1.1878882967428424}}"
1,370,-15.0,False,21.92051475464918,21.92051475464918,5.5626428329282955,2.3433087789436917,2.3433087789436917,0.5946479784086484,-9.354513989628984,"{'bias_segment_0_end': {'mean': 2.3433087789436917, 'abs_mean': 2.3433087789436917, 'std': 0.5946479784086484}}"
1,371,-1.0,False,17.29263224667944,17.29263224667944,3.1937826964640172,4.3466860296399465,4.3466860296399465,0.802791063291805,-3.9783485921829636,"{'bias_segment_0_end': {'mean': 4.3466860296399465, 'abs_mean': 4.3466860296399465, 'std': 0.802791063291805}}"
1,372,-2.0,True,18.865029713899094,18.865029713899094,3.831991605170411,2.7763559819905863,2.7763559819905863,0.5639520836860467,-6.79488863685747,"{'bias_segment_0_end': {'mean': 2.7763559819905863, 'abs_mean': 2.7763559819905863, 'std': 0.5639520836860467}}"
1,373,-2.0,False,17.240037234932085,17.240037234932085,5.168370751729942,3.624131365986945,3.624131365986945,1.0864741355918424,-4.757012231050067,"{'bias_segment_0_end': {'mean': 3.624131365986945, 'abs_mean': 3.624131365986945, 'std': 1.0864741355918424}}"
1,374,-7.0,False,20.834092497739352,20.834092497739352,4.433282146033255,2.586922962599651,2.586922962599651,0.5504707913004085,-8.053619222121231,"{'bias_segment_0_end': {'mean': 2.586922962599651, 'abs_mean': 2.586922962599651, 'std': 0.5504707913004085}}"
1,375,-7.0,True,16.639041427679892,16.639041427679892,3.14226038372608,6.694373005494616,6.694373005494616,1.2642232535137186,-2.485526488294405,"{'bias_segment_0_end': {'mean': 6.694373005494616, 'abs_mean': 6.694373005494616, 'std': 1.2642232535137186}}"
1,376,18.0,True,6.325134915863947,6.325134915863947,3.815571180762437,0.8694324956045043,0.8694324956045043,0.5244760179781541,7.275015539264115,"{'bias_segment_0_end': {'mean': 0.8694324956045043, 'abs_mean': 0.8694324956045043, 'std': 0.5244760179781541}}"
1,377,0.0,False,14.910911517362932,14.910911517362932,1.877644468175507,14.341320696037664,14.341320696037664,1.8059192048648387,-1.0397167620331256,"{'bias_segment_0_end': {'mean': 14.341320696037664, 'abs_mean': 14.341320696037664, 'std': 1.8059192048648387}}"
1,378,-19.0,False,25.12288921153436,25.12288921153436,6.068338904691076,1.9061640151574242,1.9061640151574242,0.46042671105643446,-13.1798150693027,"{'bias_segment_0_end': {'mean': 1.9061640151574242, 'abs_mean': 1.9061640151574242, 'std': 0.46042671105643446}}"
1,379,5.0,False,14.883952665261576,14.883952665261576,3.2442567715716204,10.464175837210963,10.464175837210963,2.280877538533288,-1.422372186477767,"{'bias_segment_0_end': {'mean': 10.464175837210963, 'abs_mean': 10.464175837210963, 'std': 2.280877538533288}}"
1,380,-1.0,False,16.080069651002876,16.080069651002876,2.6459115095072927,5.244300677232592,5.244300677232592,0.8629288194868728,-3.066199030275339,"{'bias_segment_0_end': {'mean': 5.244300677232592, 'abs_mean': 5.244300677232592, 'std': 0.8629288194868728}}"
1,381,6.0,True,11.708617822277324,11.708617822277324,1.804220510964508,3.2607610958461706,3.2607610958461706,0.5024617029763553,3.590762241733298,"{'bias_segment_0_end': {'mean': 3.2607610958461706, 'abs_mean': 3.2607610958461706, 'std': 0.5024617029763553}}"
1,382,8.0,False,8.300120494837042,8.300120494837042,1.8467158458111566,1.5681110990986526,1.5681110990986526,0.34889320179136585,5.293069157923781,"{'bias_segment_0_end': {'mean': 1.5681110990986526, 'abs_mean': 1.5681110990986526, 'std': 0.34889320179136585}}"
1,383,-2.0,False,16.079225666584602,16.079225666584602,4.539941873878104,6.023389819617096,6.023389819617096,1.700693816469041,-2.669464562000862,"{'bias_segment_0_end': {'mean': 6.023389819617096, 'abs_mean': 6.023389819617096, 'std': 1.700693816469041}}"
1,384,-5.0,False,20.926765190111954,20.926765190111954,4.21593707726714,2.551528052296387,2.551528052296387,0.5140346165133226,-8.201659852917459,"{'bias_segment_0_end': {'mean': 2.551528052296387, 'abs_mean': 2.551528052296387, 'std': 0.5140346165133226}}"
1,385,-3.0,False,15.49414790744544,15.49414790744544,2.934359861916836,6.697058361068696,6.697058361068696,1.268322683184876,-2.3135751657049815,"{'bias_segment_0_end': {'mean': 6.697058361068696, 'abs_mean': 6.697058361068696, 'std': 1.268322683184876}}"
1,386,12.0,True,9.609509255602166,9.609509255602166,1.9349496714219783,1.890089272618496,1.890089272618496,0.3805842233701236,5.084156285533182,"{'bias_segment_0_end': {'mean': 1.890089272618496, 'abs_mean': 1.890089272618496, 'std': 0.3805842233701236}}"
1,387,7.0,True,12.948438374340341,12.948438374340341,2.457416829756182,6.695143775516457,6.695143775516457,1.270636544418791,1.9340045275340656,"{'bias_segment_0_end': {'mean': 6.695143775516457, 'abs_mean': 6.695143775516457, 'std': 1.270636544418791}}"
1,388,10.0,True,11.55946941520397,11.55946941520397,2.625826085613562,3.218457386904109,3.218457386904109,0.7310983799007998,3.591617978923508,"{'bias_segment_0_end': {'mean': 3.218457386904109, 'abs_mean': 3.218457386904109, 'std': 0.7310983799007998}}"
1,389,-8.0,False,15.693204269002957,15.693204269002957,4.164696351800133,7.907736879667648,7.907736879667648,2.0985722462554546,-1.9845379920711932,"{'bias_segment_0_end': {'mean': 7.907736879667648, 'abs_mean': 7.907736879667648, 'std': 2.0985722462554546}}"
1,390,-34.0,False,31.847055501329358,31.847055501329358,10.234486429944434,1.597996973633908,1.597996973633908,0.513538161826792,-19.929359083145137,"{'bias_segment_0_end': {'mean': 1.597996973633908, 'abs_mean': 1.597996973633908, 'std': 0.513538161826792}}"
1,391,-2.0,True,14.06899183519077,14.06899183519077,2.816735092986501,17.843242780048932,17.843242780048932,3.572373109601733,-0.7884772969026534,"{'bias_segment_0_end': {'mean': 17.843242780048932, 'abs_mean': 17.843242780048932, 'std': 3.572373109601733}}"
1,392,-5.0,False,19.22680173663956,19.22680173663956,3.5512599328410324,2.7532443055396087,2.7532443055396087,0.5085341972894577,-6.983325707041203,"{'bias_segment_0_end': {'mean': 2.7532443055396087, 'abs_mean': 2.7532443055396087, 'std': 0.5085341972894577}}"
1,393,6.0,True,13.541018801210361,13.541018801210361,2.7468178652273756,12.452413505945549,12.452413505945549,2.52599249624205,1.0874212292054906,"{'bias_segment_0_end': {'mean': 12.452413505945549, 'abs_mean': 12.452413505945549, 'std': 2.52599249624205}}"
1,394,22.0,True,5.559283656980747,6.059645242008647,5.073999123593815,0.5406061619664615,0.5892632503195132,0.49341522420480105,10.283426361177211,"{'bias_segment_0_end': {'mean': 0.5406061619664615, 'abs_mean': 0.5892632503195132, 'std': 0.49341522420480105}}"
1,395,14.0,False,12.019522920956963,12.019522920956963,3.993461076426561,5.923146272404523,5.923146272404523,1.967952825114733,2.029246344456321,"{'bias_segment_0_end': {'mean': 5.923146272404523, 'abs_mean': 5.923146272404523, 'std': 1.967952825114733}}"
1,396,8.0,True,9.803972821793161,9.803972821793161,2.4073027910045153,1.8435496718644542,1.8435496718644542,0.4526718250962109,5.317986800907848,"{'bias_segment_0_end': {'mean': 1.8435496718644542, 'abs_mean': 1.8435496718644542, 'std': 0.4526718250962109}}"
1,397,11.0,True,9.828978786168465,9.828978786168465,3.475449865008536,1.75662417211968,1.75662417211968,0.6211285398698015,5.595379445512269,"{'bias_segment_0_end': {'mean': 1.75662417211968, 'abs_mean': 1.75662417211968, 'std': 0.6211285398698015}}"
1,398,23.0,True,0.4656243055639734,4.031852753876471,4.857486675885454,0.036540928989900454,0.31640883737520653,0.3812023418277746,12.742541539999362,"{'bias_segment_0_end': {'mean': 0.036540928989900454, 'abs_mean': 0.31640883737520653, 'std': 0.3812023418277746}}"
1,399,6.0,True,14.88576205104936,14.88576205104936,3.271634278940438,8.755929172739792,8.755929172739792,1.9244025215014573,-1.7000779423152301,"{'bias_segment_0_end': {'mean': 8.755929172739792, 'abs_mean': 8.755929172739792, 'std': 1.9244025215014573}}"
1,400,-3.0,True,15.497696486394332,15.497696486394332,2.5762027483925767,5.527720675677522,5.527720675677522,0.9188803774502159,-2.8036323460745067,"{'bias_segment_0_end': {'mean': 5.527720675677522, 'abs_mean': 5.527720675677522, 'std': 0.9188803774502159}}"
1,401,2.0,True,12.883716669898273,12.883716669898273,1.9354740163142186,23.455675093781934,23.455675093781934,3.5236609778288415,0.5492792946008077,"{'bias_segment_0_end': {'mean': 23.455675093781934, 'abs_mean': 23.455675093781934, 'std': 3.5236609778288415}}"
1,402,-14.0,False,23.597857533246867,23.597857533246867,4.668758508300481,2.007154284196774,2.007154284196774,0.39710887433797004,-11.756872762120674,"{'bias_segment_0_end': {'mean': 2.007154284196774, 'abs_mean': 2.007154284196774, 'std': 0.39710887433797004}}"
1,403,-3.0,False,17.89716595777116,17.89716595777116,2.732177800521432,3.270513997620676,3.270513997620676,0.4992760173134484,-5.472279271940585,"{'bias_segment_0_end': {'mean': 3.270513997620676, 'abs_mean': 3.270513997620676, 'std': 0.4992760173134484}}"
1,404,14.0,True,8.194554995586174,8.194554995586174,2.4133573996269537,1.345745177558798,1.345745177558798,0.39633196482580874,6.089232294669054,"{'bias_segment_0_end': {'mean': 1.345745177558798, 'abs_mean': 1.345745177558798, 'std': 0.39633196482580874}}"
1,405,-1.0,False,14.343582584896337,14.343582584896337,2.2895509332525115,11.552200418904123,11.552200418904123,1.843985008185676,-1.2416320756887467,"{'bias_segment_0_end': {'mean': 11.552200418904123, 'abs_mean': 11.552200418904123, 'std': 1.843985008185676}}"
1,406,16.0,True,6.110145483130386,6.110145483130386,2.616692617989947,0.6903158844443893,0.6903158844443893,0.2956303551026739,8.851231183892319,"{'bias_segment_0_end': {'mean': 0.6903158844443893, 'abs_mean': 0.6903158844443893, 'std': 0.2956303551026739}}"
1,407,13.0,True,7.016890351592738,7.016890351592738,3.5392688857228545,0.8589003803034307,0.8589003803034307,0.4332231572142848,8.169620729605247,"{'bias_segment_0_end': {'mean': 0.8589003803034307, 'abs_mean': 0.8589003803034307, 'std': 0.4332231572142848}}"
1,408,5.0,True,14.536969527704468,14.536969527704468,2.4179956197296675,13.834017500789452,13.834017500789452,2.3010706362438555,-1.0508132960562542,"{'bias_segment_0_end': {'mean': 13.834017500789452, 'abs_mean': 13.834017500789452, 'std': 2.3010706362438555}}"
1,409,-3.0,True,14.927635794029362,14.927635794029362,3.8115457321263366,22.694974084371214,22.694974084371214,5.794817934036256,0.6577507310003589,"{'bias_segment_0_end': {'mean': 22.694974084371214, 'abs_mean': 22.694974084371214, 'std': 5.794817934036256}}"
1,410,2.0,False,16.25266692982937,16.25266692982937,3.653522907768859,5.113612383798266,5.113612383798266,1.149515957369935,-3.1783142150788684,"{'bias_segment_0_end': {'mean': 5.113612383798266, 'abs_mean': 5.113612383798266, 'std': 1.149515957369935}}"
1,411,-11.0,False,24.732222104229805,24.732222104229805,6.713438023227329,2.055783367582081,2.055783367582081,0.5580321157266133,-12.030558518098491,"{'bias_segment_0_end': {'mean': 2.055783367582081, 'abs_mean': 2.055783367582081, 'std': 0.5580321157266133}}"
1,412,21.0,False,1.340938147933,5.415792078306991,5.9321115975862,0.11681532787021844,0.47179471199291523,0.51677369482174,11.479128401906118,"{'bias_segment_0_end': {'mean': 0.11681532787021844, 'abs_mean': 0.47179471199291523, 'std': 0.51677369482174}}"
1,413,-6.0,False,16.540539528861107,16.540539528861107,5.835224989713441,13.289822606980493,13.289822606980493,4.688426568540769,-1.24460197987693,"{'bias_segment_0_end': {'mean': 13.289822606980493, 'abs_mean': 13.289822606980493, 'std': 4.688426568540769}}"
1,414,-12.0,False,21.51542084305505,21.51542084305505,4.4106331570508335,2.446873229014477,2.446873229014477,0.5016058144395961,-8.793026376654904,"{'bias_segment_0_end': {'mean': 2.446873229014477, 'abs_mean': 2.446873229014477, 'std': 0.5016058144395961}}"
1,415,6.0,True,13.661161028420478,13.661161028420478,2.1880081484334855,29.242676692765567,29.242676692765567,4.683585439968629,0.4671652041962408,"{'bias_segment_0_end': {'mean': 29.242676692765567, 'abs_mean': 29.242676692765567, 'std': 4.683585439968629}}"
1,416,9.0,False,11.601979587038494,11.601979587038494,2.6526844798019473,5.941145004610467,5.941145004610467,1.3583874224007253,1.9528187879668126,"{'bias_segment_0_end': {'mean': 5.941145004610467, 'abs_mean': 5.941145004610467, 'std': 1.3583874224007253}}"
1,417,-3.0,False,16.372321340358255,16.372321340358255,2.6413170843989695,4.729086561975439,4.729086561975439,0.7629350090360483,-3.4620472951375185,"{'bias_segment_0_end': {'mean': 4.729086561975439, 'abs_mean': 4.729086561975439, 'std': 0.7629350090360483}}"
1,418,-16.0,False,21.76518291112585,21.76518291112585,7.231782357958439,2.631091114042787,2.631091114042787,0.8742163288225545,-8.272302998159077,"{'bias_segment_0_end': {'mean': 2.631091114042787, 'abs_mean': 2.631091114042787, 'std': 0.8742163288225545}}"
1,419,-15.0,False,21.59460815763903,21.59460815763903,5.6338549776383635,2.9502243549421783,2.9502243549421783,0.7696891763864326,-7.319649477323314,"{'bias_segment_0_end': {'mean': 2.9502243549421783, 'abs_mean': 2.9502243549421783, 'std': 0.7696891763864326}}"
1,420,-5.0,True,15.57587597995159,15.57587597995159,4.840292882778592,9.372408769735097,9.372408769735097,2.912529832738271,-1.6618861130180762,"{'bias_segment_0_end': {'mean': 9.372408769735097, 'abs_mean': 9.372408769735097, 'std': 2.912529832738271}}"
1,421,20.0,True,4.253748367977062,4.471824904134404,3.8927296812134946,0.3852207020922835,0.40496977728460276,0.3525267437400565,11.042366998640778,"{'bias_segment_0_end': {'mean': 0.3852207020922835, 'abs_mean': 0.40496977728460276, 'std': 0.3525267437400565}}"
1,422,12.0,True,7.478612556102632,7.478612556102632,4.398506986139609,1.2862422946825922,1.2862422946825922,0.7564966999678305,5.81431087052548,"{'bias_segment_0_end': {'mean': 1.2862422946825922, 'abs_mean': 1.2862422946825922, 'std': 0.7564966999678305}}"
1,423,7.0,True,11.22630846433132,11.22630846433132,2.385546443837796,3.5633833937889463,3.5633833937889463,0.7572049717048465,3.1504632602540097,"{'bias_segment_0_end': {'mean': 3.5633833937889463, 'abs_mean': 3.5633833937889463, 'std': 0.7572049717048465}}"
1,424,-8.0,False,16.551289678011504,16.551289678011504,4.131580196948411,5.042039186880424,5.042039186880424,1.258608220991258,-3.2826578819693792,"{'bias_segment_0_end': {'mean': 5.042039186880424, 'abs_mean': 5.042039186880424, 'std': 1.258608220991258}}"
1,425,-6.0,False,16.48981130706317,16.48981130706317,5.58984340560772,3.8963873156822166,3.8963873156822166,1.320827421046994,-4.232077042416913,"{'bias_segment_0_end': {'mean': 3.8963873156822166, 'abs_mean': 3.8963873156822166, 'std': 1.320827421046994}}"
1,426,2.0,False,11.93012326572748,11.93012326572748,1.7201063524921847,16.07625212480974,16.07625212480974,2.317902572188134,0.7420960540495795,"{'bias_segment_0_end': {'mean': 16.07625212480974, 'abs_mean': 16.07625212480974, 'std': 2.317902572188134}}"
1,427,2.0,False,13.415901833157658,13.415901833157658,2.2878492441286857,88.36610054066414,88.36610054066414,15.069304981711708,0.15182181573106707,"{'bias_segment_0_end': {'mean': 88.36610054066414, 'abs_mean': 88.36610054066414, 'std': 15.069304981711708}}"
1,428,10.0,True,9.870984830252647,9.870984830252647,5.198723586004894,1.2522636357305938,1.2522636357305938,0.6595261375558462,7.882513353103743,"{'bias_segment_0_end': {'mean': 1.2522636357305938, 'abs_mean': 1.2522636357305938, 'std': 0.6595261375558462}}"
1,429,1.0,False,17.003319667166842,17.003319667166842,2.955974628923627,4.477093856855943,4.477093856855943,0.7783289446549072,-3.7978474900920416,"{'bias_segment_0_end': {'mean': 4.477093856855943, 'abs_mean': 4.477093856855943, 'std': 0.7783289446549072}}"
1,430,13.0,True,9.555128529734562,9.555128529734562,4.002671421698538,3.0323207490810415,3.0323207490810415,1.270248073168238,3.1510942675276965,"{'bias_segment_0_end': {'mean': 3.0323207490810415, 'abs_mean': 3.0323207490810415, 'std': 1.270248073168238}}"
1,431,8.0,False,12.162904031748427,12.162904031748427,2.208166469152861,7.806792749122128,7.806792749122128,1.4173176023784746,1.5579898714636868,"{'bias_segment_0_end': {'mean': 7.806792749122128, 'abs_mean': 7.806792749122128, 'std': 1.4173176023784746}}"
1,432,15.0,True,8.423568097020599,8.423568097020599,3.6559946994033417,1.3715704346149566,1.3715704346149566,0.5952886212891448,6.141549777124908,"{'bias_segment_0_end': {'mean': 1.3715704346149566, 'abs_mean': 1.3715704346149566, 'std': 0.5952886212891448}}"
1,433,-12.0,False,17.47327780093072,17.47327780093072,4.99129715917975,2.886824915682248,2.886824915682248,0.8246306826259369,-6.052766728598513,"{'bias_segment_0_end': {'mean': 2.886824915682248, 'abs_mean': 2.886824915682248, 'std': 0.8246306826259369}}"
1,434,4.0,False,18.021930176099037,18.021930176099037,4.057625171488841,4.585758331930866,4.585758331930866,1.0324803312513458,-3.929978178442468,"{'bias_segment_0_end': {'mean': 4.585758331930866, 'abs_mean': 4.585758331930866, 'std': 1.0324803312513458}}"
1,435,3.0,True,14.188729949619242,14.188729949619242,1.5347810268673057,30.864165727616893,30.864165727616893,3.338546588527167,-0.45971532406992394,"{'bias_segment_0_end': {'mean': 30.864165727616893, 'abs_mean': 30.864165727616893, 'std': 3.338546588527167}}"
1,436,0.0,True,15.58278847202545,15.58278847202545,2.5823198462966386,12.020230907606768,12.020230907606768,1.9919464918300742,-1.296380127120868,"{'bias_segment_0_end': {'mean': 12.020230907606768, 'abs_mean': 12.020230907606768, 'std': 1.9919464918300742}}"
1,437,14.0,True,5.86443778310471,5.86443778310471,2.7274227736270493,0.6969838533201571,0.6969838533201571,0.32415206788831064,8.414022441364793,"{'bias_segment_0_end': {'mean': 0.6969838533201571, 'abs_mean': 0.6969838533201571, 'std': 0.32415206788831064}}"
1,438,5.0,False,12.940014072235265,12.940014072235265,2.161917127910403,17.511863753075637,17.511863753075637,2.92574629193334,0.7389284347282904,"{'bias_segment_0_end': {'mean': 17.511863753075637, 'abs_mean': 17.511863753075637, 'std': 2.92574629193334}}"
1,439,13.0,True,9.167387810446664,9.167387810446664,4.122320926637871,1.0282729880355854,1.0282729880355854,0.46238594292314705,8.91532493521984,"{'bias_segment_0_end': {'mean': 1.0282729880355854, 'abs_mean': 1.0282729880355854, 'std': 0.46238594292314705}}"
1,440,11.0,False,5.687946027266646,5.687946027266646,3.0568671748817775,0.8264286046647596,0.8264286046647596,0.4441467028471548,6.882561899674272,"{'bias_segment_0_end': {'mean': 0.8264286046647596, 'abs_mean': 0.8264286046647596, 'std': 0.4441467028471548}}"
1,441,-10.0,True,16.381276234247668,16.381276234247668,9.989271719017525,9.56730175687984,9.56730175687984,5.83412278144125,-1.7122148595833624,"{'bias_segment_0_end': {'mean': 9.56730175687984, 'abs_mean': 9.56730175687984, 'std': 5.83412278144125}}"
1,442,13.0,True,6.0145646000415836,6.0145646000415836,2.6898106191575306,0.8785324624402626,0.8785324624402626,0.3928939339565985,6.846149524555052,"{'bias_segment_0_end': {'mean': 0.8785324624402626, 'abs_mean': 0.8785324624402626, 'std': 0.3928939339565985}}"
1,443,-5.0,False,16.770618186813692,16.770618186813692,2.45941098657764,3.8400518802365964,3.8400518802365964,0.5631435691922074,-4.367289481979709,"{'bias_segment_0_end': {'mean': 3.8400518802365964, 'abs_mean': 3.8400518802365964, 'std': 0.5631435691922074}}"
1,444,9.0,False,12.815725744250651,12.815725744250651,3.295478740045089,9.825131692754884,9.825131692754884,2.5264673462712386,1.30438208311254,"{'bias_segment_0_end': {'mean': 9.825131692754884, 'abs_mean': 9.825131692754884, 'std': 2.5264673462712386}}"
1,445,9.0,False,13.426177399648715,13.426177399648715,3.2184583386005206,27.190765229012335,27.190765229012335,6.518038789397609,-0.49377710728505303,"{'bias_segment_0_end': {'mean': 27.190765229012335, 'abs_mean': 27.190765229012335, 'std': 6.518038789397609}}"
1,446,-9.0,False,21.08683955319555,21.08683955319555,5.660214939277921,2.7991634282251976,2.7991634282251976,0.7513627926058577,-7.533264882131446,"{'bias_segment_0_end': {'mean': 2.7991634282251976, 'abs_mean': 2.7991634282251976, 'std': 0.7513627926058577}}"
1,447,5.0,True,13.384058414230044,13.384058414230044,3.30041686548928,10.95641048521797,10.95641048521797,2.701775562499831,1.2215732910233124,"{'bias_segment_0_end': {'mean': 10.95641048521797, 'abs_mean': 10.95641048521797, 'std': 2.701775562499831}}"
1,448,6.0,False,11.189098144737901,11.189098144737901,1.7424923699839285,5.125615857243227,5.125615857243227,0.7982186238052851,2.182976340087232,"{'bias_segment_0_end': {'mean': 5.125615857243227, 'abs_mean': 5.125615857243227, 'std': 0.7982186238052851}}"
1,449,4.0,False,13.848646557276277,13.848646557276277,1.6776049038101022,7.699684259832021,7.699684259832021,0.9327285535565112,-1.7985992788720406,"{'bias_segment_0_end': {'mean': 7.699684259832021, 'abs_mean': 7.699684259832021, 'std': 0.9327285535565112}}"
1,450,-2.0,True,12.597775062839736,12.597775062839736,3.8653873301878168,48.32987797918878,48.32987797918878,14.82910252631299,0.26066225675687477,"{'bias_segment_0_end': {'mean': 48.32987797918878, 'abs_mean': 48.32987797918878, 'std': 14.82910252631299}}"
1,451,3.0,False,12.584016836536545,12.584016836536545,2.6297705153222948,17.00171505109007,17.00171505109007,3.552967985663748,0.7401616130326639,"{'bias_segment_0_end': {'mean': 17.00171505109007, 'abs_mean': 17.00171505109007, 'std': 3.552967985663748}}"
1,452,7.0,True,17.48947816239017,17.48947816239017,3.684256540306214,102.38669245684807,102.38669245684807,21.5683302738926,-0.1708178840698589,"{'bias_segment_0_end': {'mean': 102.38669245684807, 'abs_mean': 102.38669245684807, 'std': 21.5683302738926}}"
1,453,-21.0,False,26.13626362811357,26.13626362811357,7.500487684393761,2.232632924752731,2.232632924752731,0.6407126892409808,-11.70647594521532,"{'bias_segment_0_end': {'mean': 2.232632924752731, 'abs_mean': 2.232632924752731, 'std': 0.6407126892409808}}"
1,454,7.0,True,11.734662047103821,11.734662047103821,2.8413723944651936,4.165507644156319,4.165507644156319,1.0086151933076455,2.8171025117589372,"{'bias_segment_0_end': {'mean': 4.165507644156319, 'abs_mean': 4.165507644156319, 'std': 1.0086151933076455}}"
1,455,21.0,True,4.164935938419076,4.171418094332754,2.9649551612705496,0.3833384429476979,0.3839350570593275,0.2728928635965085,10.864905451153337,"{'bias_segment_0_end': {'mean': 0.3833384429476979, 'abs_mean': 0.3839350570593275, 'std': 0.2728928635965085}}"
1,456,-9.0,False,18.760331046142905,18.760331046142905,3.117322037330925,3.1225440226454797,3.1225440226454797,0.5188594631079284,-6.008027720374232,"{'bias_segment_0_end': {'mean': 3.1225440226454797, 'abs_mean': 3.1225440226454797, 'std': 0.5188594631079284}}"
1,457,2.0,True,14.854896103899698,14.854896103899698,2.458073368423499,16.646440379001795,16.646440379001795,2.7545242651634627,0.8923767343460411,"{'bias_segment_0_end': {'mean': 16.646440379001795, 'abs_mean': 16.646440379001795, 'std': 2.7545242651634627}}"
1,458,-2.0,True,12.231831692515621,12.231831692515621,3.9102515088751204,4.001930972226767,4.001930972226767,1.2793306036199619,3.0564824274591498,"{'bias_segment_0_end': {'mean': 4.001930972226767, 'abs_mean': 4.001930972226767, 'std': 1.2793306036199619}}"
1,459,14.0,True,11.601943179903602,11.601943179903602,3.762146223424683,2.4464790451972536,2.4464790451972536,0.7933164089718415,4.742302290583553,"{'bias_segment_0_end': {'mean': 2.4464790451972536, 'abs_mean': 2.4464790451972536, 'std': 0.7933164089718415}}"
1,460,-4.0,False,12.508729704465196,12.508729704465196,3.9727815409009457,263.2643387473995,263.2643387473995,83.61294312561687,-0.047513954088811254,"{'bias_segment_0_end': {'mean': 263.2643387473995, 'abs_mean': 263.2643387473995, 'std': 83.61294312561687}}"
1,461,4.0,False,13.454338988541279,13.454338988541279,5.442215381750944,1996.2175074644915,1996.2175074644915,807.4603764403626,-0.006739916335885858,"{'bias_segment_0_end': {'mean': 1996.2175074644915, 'abs_mean': 1996.2175074644915, 'std': 807.4603764403626}}"
1,462,3.0,True,13.666787761875629,13.666787761875629,1.5581267221580002,42.58904716151197,42.58904716151197,4.855503254298873,0.3208991201434157,"{'bias_segment_0_end': {'mean': 42.58904716151197, 'abs_mean': 42.58904716151197, 'std': 4.855503254298873}}"
1,463,16.0,True,9.67990847261029,9.67990847261029,5.207974838156827,1.4955589115713361,1.4955589115713361,0.8046391350169854,6.472435420440855,"{'bias_segment_0_end': {'mean': 1.4955589115713361, 'abs_mean': 1.4955589115713361, 'std': 0.8046391350169854}}"
1,464,5.0,False,12.265031729386438,12.265031729386438,2.1631325535026487,27.609695936989713,27.609695936989713,4.869407058321563,0.4442291489691681,"{'bias_segment_0_end': {'mean': 27.609695936989713, 'abs_mean': 27.609695936989713, 'std': 4.869407058321563}}"
1,465,-3.0,False,14.508469959091128,14.508469959091128,2.2959032493216758,9.06286690354122,9.06286690354122,1.4341598825155253,-1.6008698035079931,"{'bias_segment_0_end': {'mean': 9.06286690354122, 'abs_mean': 9.06286690354122, 'std': 1.4341598825155253}}"
1,466,-22.0,False,21.416803373225687,21.416803373225687,6.057158723931141,2.839170572168682,2.839170572168682,0.8029819623520192,-7.543330993624169,"{'bias_segment_0_end': {'mean': 2.839170572168682, 'abs_mean': 2.839170572168682, 'std': 0.8029819623520192}}"
1,467,17.0,True,3.8073269588072063,4.406281267495412,4.344043283345125,0.36850427997657675,0.4264759826041765,0.42045208085246566,10.331839182571263,"{'bias_segment_0_end': {'mean': 0.36850427997657675, 'abs_mean': 0.4264759826041765, 'std': 0.42045208085246566}}"
1,468,-1.0,True,12.665922043597794,12.665922043597794,2.777359288519759,8.108073684697176,8.108073684697176,1.7779229717886162,1.5621370175141478,"{'bias_segment_0_end': {'mean': 8.108073684697176, 'abs_mean': 8.108073684697176, 'std': 1.7779229717886162}}"
1,469,7.0,False,13.804383701304012,13.804383701304012,2.918039289227012,414.54415191477875,414.54415191477875,87.62840475756605,-0.03330015304170035,"{'bias_segment_0_end': {'mean': 414.54415191477875, 'abs_mean': 414.54415191477875, 'std': 87.62840475756605}}"
1,470,-14.0,False,26.88526927394849,26.88526927394849,4.368916307673993,2.0098761763775057,2.0098761763775057,0.3266093678998337,-13.376579905735824,"{'bias_segment_0_end': {'mean': 2.0098761763775057, 'abs_mean': 2.0098761763775057, 'std': 0.3266093678998337}}"
1,471,5.0,True,10.962235788080841,10.962235788080841,1.441424277468116,5.0378077259085785,5.0378077259085785,0.6624212890254164,2.1759932860684525,"{'bias_segment_0_end': {'mean': 5.0378077259085785, 'abs_mean': 5.0378077259085785, 'std': 0.6624212890254164}}"
1,472,8.0,True,10.2178272225976,10.2178272225976,2.704733777014317,2.220988425225185,2.220988425225185,0.5879119191582134,4.600576530047257,"{'bias_segment_0_end': {'mean': 2.220988425225185, 'abs_mean': 2.220988425225185, 'std': 0.5879119191582134}}"
1,473,14.0,True,4.436333478612399,4.456048533609159,2.5145749107297117,0.4540962248993732,0.4561142273987056,0.25738799386789835,9.769588988755592,"{'bias_segment_0_end': {'mean': 0.4540962248993732, 'abs_mean': 0.4561142273987056, 'std': 0.25738799386789835}}"
1,474,10.0,False,9.187906462626342,9.187906462626342,2.1266875108313084,2.233451048213719,2.233451048213719,0.5169678718008494,4.11377113905169,"{'bias_segment_0_end': {'mean': 2.233451048213719, 'abs_mean': 2.233451048213719, 'std': 0.5169678718008494}}"
1,475,8.0,True,10.232608640582038,10.232608640582038,1.8029060042027623,3.9929985234823953,3.9929985234823953,0.7035352631594136,2.5626377221041197,"{'bias_segment_0_end': {'mean': 3.9929985234823953, 'abs_mean': 3.9929985234823953, 'std': 0.7035352631594136}}"
1,476,-14.0,False,20.782499041219364,20.782499041219364,5.574022184482462,2.3969039184221397,2.3969039184221397,0.6428676161061937,-8.670559917520722,"{'bias_segment_0_end': {'mean': 2.3969039184221397, 'abs_mean': 2.3969039184221397, 'std': 0.6428676161061937}}"
1,477,-10.0,False,21.070151917098446,21.070151917098446,2.8124500964435764,2.5229881242925596,2.5229881242925596,0.3367691994538672,-8.351268765090389,"{'bias_segment_0_end': {'mean': 2.5229881242925596, 'abs_mean': 2.5229881242925596, 'std': 0.3367691994538672}}"
1,478,5.0,True,11.066038705775007,11.066038705775007,2.471731186659761,5.712331623445112,5.712331623445112,1.2759171188190077,1.9372192364247,"{'bias_segment_0_end': {'mean': 5.712331623445112, 'abs_mean': 5.712331623445112, 'std': 1.2759171188190077}}"
1,479,4.0,False,9.935152703746828,9.935152703746828,2.6423523457421396,2.8538115299421394,2.8538115299421394,0.7589994653635003,3.481362591575296,"{'bias_segment_0_end': {'mean': 2.8538115299421394, 'abs_mean': 2.8538115299421394, 'std': 0.7589994653635003}}"
1,480,7.0,False,13.173232377377307,13.173232377377307,2.192826375236327,42.87280302401163,42.87280302401163,7.136639706805331,-0.307263146988533,"{'bias_segment_0_end': {'mean': 42.87280302401163, 'abs_mean': 42.87280302401163, 'std': 7.136639706805331}}"
1,481,-8.0,False,16.707944970699455,16.707944970699455,3.237890457756889,4.407872088313963,4.407872088313963,0.8542167812255624,-3.790478633668869,"{'bias_segment_0_end': {'mean': 4.407872088313963, 'abs_mean': 4.407872088313963, 'std': 0.8542167812255624}}"
1,482,10.0,False,10.769010499956952,10.769010499956952,2.600175528575126,5.035339280697194,5.035339280697194,1.2157817076874669,2.138686173787652,"{'bias_segment_0_end': {'mean': 5.035339280697194, 'abs_mean': 5.035339280697194, 'std': 1.2157817076874669}}"
1,483,17.0,True,5.844597823249705,5.844597823249705,2.9238372185611157,0.6888591274755592,0.6888591274755592,0.3446108724960467,8.484460160480449,"{'bias_segment_0_end': {'mean': 0.6888591274755592, 'abs_mean': 0.6888591274755592, 'std': 0.3446108724960467}}"
1,484,2.0,True,15.070852838766928,15.070852838766928,2.348921965524903,9.281518925759343,9.281518925759343,1.4466045094721387,-1.623748543672117,"{'bias_segment_0_end': {'mean': 9.281518925759343, 'abs_mean': 9.281518925759343, 'std': 1.4466045094721387}}"
1,485,-6.0,True,15.854302664486747,15.854302664486747,5.609358971598164,11.54926098552313,11.54926098552313,4.086206255516195,-1.372754731610961,"{'bias_segment_0_end': {'mean': 11.54926098552313, 'abs_mean': 11.54926098552313, 'std': 4.086206255516195}}"
1,486,-7.0,False,20.728842397958037,20.728842397958037,5.842715309303464,2.6584931337040416,2.6584931337040416,0.7493336209406877,-7.79721494675325,"{'bias_segment_0_end': {'mean': 2.6584931337040416, 'abs_mean': 2.6584931337040416, 'std': 0.7493336209406877}}"
1,487,-26.0,False,24.751471322504198,24.751471322504198,7.268415061175315,2.1684752323346657,2.1684752323346657,0.6367854998646716,-11.414228280512015,"{'bias_segment_0_end': {'mean': 2.1684752323346657, 'abs_mean': 2.1684752323346657, 'std': 0.6367854998646716}}"
1,488,14.0,False,9.377422543927187,9.457968718206773,4.216102062081107,2.172711866832859,2.1913740981512695,0.9768542410402907,4.315999137794818,"{'bias_segment_0_end': {'mean': 2.172711866832859, 'abs_mean': 2.1913740981512695, 'std': 0.9768542410402907}}"
1,489,2.0,False,13.331432938661115,13.331432938661115,2.3566578758626537,19.563102406618366,19.563102406618366,3.458258356396534,-0.6814580152762977,"{'bias_segment_0_end': {'mean': 19.563102406618366, 'abs_mean': 19.563102406618366, 'std': 3.458258356396534}}"
1,490,3.0,True,11.127455717346447,11.127455717346447,2.408552681273329,3.6533253400795105,3.6533253400795105,0.7907671589018591,3.0458430830866745,"{'bias_segment_0_end': {'mean': 3.6533253400795105, 'abs_mean': 3.6533253400795105, 'std': 0.7907671589018591}}"
1,491,-4.0,True,16.525470757112256,16.525470757112256,3.4799478309579808,5.856754435072386,5.856754435072386,1.2333203811462976,-2.8216089542958636,"{'bias_segment_0_end': {'mean': 5.856754435072386, 'abs_mean': 5.856754435072386, 'std': 1.2333203811462976}}"
1,492,8.0,True,11.611155216626651,11.611155216626651,2.430048026994357,2.564574524777692,2.564574524777692,0.5367286155207038,4.527517178559338,"{'bias_segment_0_end': {'mean': 2.564574524777692, 'abs_mean': 2.564574524777692, 'std': 0.5367286155207038}}"
1,493,22.0,True,4.443407554102053,5.237993328739507,4.642666014194388,0.386084478165631,0.45512546313571894,0.40339790207467935,11.508899749644486,"{'bias_segment_0_end': {'mean': 0.386084478165631, 'abs_mean': 0.45512546313571894, 'std': 0.40339790207467935}}"
1,494,1.0,False,12.183304510541513,12.183304510541513,2.0361909613838796,21.22489534523803,21.22489534523803,3.5473085336493444,0.5740101099379475,"{'bias_segment_0_end': {'mean': 21.22489534523803, 'abs_mean': 21.22489534523803, 'std': 3.5473085336493444}}"
1,495,10.0,True,12.590408754264582,12.590408754264582,3.099171960241411,34.70277423647911,34.70277423647911,8.542205972451464,0.3628069810346662,"{'bias_segment_0_end': {'mean': 34.70277423647911, 'abs_mean': 34.70277423647911, 'std': 8.542205972451464}}"
1,496,6.0,True,11.527849413147058,11.527849413147058,1.5987408323376116,2.7036398424684798,2.7036398424684798,0.37495453463849365,4.263825836588459,"{'bias_segment_0_end': {'mean': 2.7036398424684798, 'abs_mean': 2.7036398424684798, 'std': 0.37495453463849365}}"
1,497,-5.0,False,14.9455486164916,14.9455486164916,2.416163029913885,4.850141970454833,4.850141970454833,0.7840952526771527,-3.081466214295176,"{'bias_segment_0_end': {'mean': 4.850141970454833, 'abs_mean': 4.850141970454833, 'std': 0.7840952526771527}}"
1,498,22.0,True,4.102880471133211,4.353507782398422,2.9420097199285227,0.40830774012332366,0.43324950281806257,0.2927809739076032,10.048500353909512,"{'bias_segment_0_end': {'mean': 0.40830774012332366, 'abs_mean': 0.43324950281806257, 'std': 0.2927809739076032}}"
1,499,3.0,False,15.248919736970985,15.248919736970985,2.552350255918148,8.205044333409822,8.205044333409822,1.3733528253430374,-1.858481090087407,"{'bias_segment_0_end': {'mean': 8.205044333409822, 'abs_mean': 8.205044333409822, 'std': 1.3733528253430374}}"
1,500,10.0,True,9.495147887284183,9.495147887284183,2.781053988335926,1.99272811196138,1.99272811196138,0.5836543600190742,4.76489884911515,"{'bias_segment_0_end': {'mean': 1.99272811196138, 'abs_mean': 1.99272811196138, 'std': 0.5836543600190742}}"
1,501,5.0,True,8.783735989720368,8.783735989720368,2.740669338064992,1.2209084985459866,1.2209084985459866,0.38094342663120917,7.194426118076137,"{'bias_segment_0_end': {'mean': 1.2209084985459866, 'abs_mean': 1.2209084985459866, 'std': 0.38094342663120917}}"
1,502,21.0,True,4.119579288340368,4.600768639206191,3.5067621687360235,0.4303571589633269,0.48062522457578644,0.36633842887031726,9.572466037892541,"{'bias_segment_0_end': {'mean': 0.4303571589633269, 'abs_mean': 0.48062522457578644, 'std': 0.36633842887031726}}"
1,503,2.0,False,14.655946821237366,14.655946821237366,1.617643062507314,6.45947819185798,6.45947819185798,0.7129617903181062,-2.2689056895819917,"{'bias_segment_0_end': {'mean': 6.45947819185798, 'abs_mean': 6.45947819185798, 'std': 0.7129617903181062}}"
1,504,-13.0,False,17.588715289234347,17.588715289234347,7.040174895254472,3.8585634619447884,3.8585634619447884,1.5444539962027206,-4.558358431240964,"{'bias_segment_0_end': {'mean': 3.8585634619447884, 'abs_mean': 3.8585634619447884, 'std': 1.5444539962027206}}"
1,505,2.0,True,12.77173675832744,12.77173675832744,2.5106218968228897,17.202199883239803,17.202199883239803,3.3815463407689155,0.7424478755633466,"{'bias_segment_0_end': {'mean': 17.202199883239803, 'abs_mean': 17.202199883239803, 'std': 3.3815463407689155}}"
1,506,13.0,True,6.053288790229458,6.053288790229458,2.1198071048567533,0.7925720599637941,0.7925720599637941,0.2775515826262961,7.637524833396198,"{'bias_segment_0_end': {'mean': 0.7925720599637941, 'abs_mean': 0.7925720599637941, 'std': 0.2775515826262961}}"
1,507,-9.0,False,19.59338026128264,19.59338026128264,3.100467275832078,2.7800700279797135,2.7800700279797135,0.4399198112489658,-7.047800977704586,"{'bias_segment_0_end': {'mean': 2.7800700279797135, 'abs_mean': 2.7800700279797135, 'std': 0.4399198112489658}}"
1,508,4.0,False,10.214526869553428,10.214526869553428,1.695368051783264,4.714356504864523,4.714356504864523,0.7824708383593839,2.1666852854707823,"{'bias_segment_0_end': {'mean': 4.714356504864523, 'abs_mean': 4.714356504864523, 'std': 0.7824708383593839}}"
1,509,12.0,False,10.15302662318387,10.15302662318387,3.89506476288856,3.7904907395373053,3.7904907395373053,1.4541680487583781,2.6785520189460277,"{'bias_segment_0_end': {'mean': 3.7904907395373053, 'abs_mean': 3.7904907395373053, 'std': 1.4541680487583781}}"
1,510,-2.0,False,15.952004474670769,15.952004474670769,2.0520811185411443,6.721828547755799,6.721828547755799,0.864702455846396,-2.373164439012154,"{'bias_segment_0_end': {'mean': 6.721828547755799, 'abs_mean': 6.721828547755799, 'std': 0.864702455846396}}"
1,511,9.0,False,11.128608776527427,11.128608776527427,2.2792516960176985,9.568570733174935,9.568570733174935,1.9597401175656772,1.1630377291295684,"{'bias_segment_0_end': {'mean': 9.568570733174935, 'abs_mean': 9.568570733174935, 'std': 1.9597401175656772}}"
1,512,2.0,False,12.50030877366243,12.50030877366243,2.6035051901990127,13.00172531351036,13.00172531351036,2.707937855630143,0.9614346151947314,"{'bias_segment_0_end': {'mean': 13.00172531351036, 'abs_mean': 13.00172531351036, 'std': 2.707937855630143}}"
1,513,-5.0,True,19.980894381793956,19.980894381793956,4.259192547234796,3.083142437367588,3.083142437367588,0.6572126872991529,-6.480691303660238,"{'bias_segment_0_end': {'mean': 3.083142437367588, 'abs_mean': 3.083142437367588, 'std': 0.6572126872991529}}"
1,514,8.0,True,14.35338999683377,14.35338999683377,3.5697271325708115,7.3054408952879255,7.3054408952879255,1.8168830210183364,-1.9647534218080982,"{'bias_segment_0_end': {'mean': 7.3054408952879255, 'abs_mean': 7.3054408952879255, 'std': 1.8168830210183364}}"
1,515,2.0,False,14.452892749398288,14.452892749398288,2.238716197063233,6.947832272745968,6.947832272745968,1.076201485278621,-2.0802017351645308,"{'bias_segment_0_end': {'mean': 6.947832272745968, 'abs_mean': 6.947832272745968, 'std': 1.076201485278621}}"
1,516,9.0,True,8.06741984991246,8.06741984991246,1.8760867343556922,1.6476003450763244,1.6476003450763244,0.38315114478033435,4.896466472601244,"{'bias_segment_0_end': {'mean': 1.6476003450763244, 'abs_mean': 1.6476003450763244, 'std': 0.38315114478033435}}"
1,517,5.0,True,12.067043979322396,12.067043979322396,2.5951075658765803,8.70082608047699,8.70082608047699,1.871177367838683,1.386884862162521,"{'bias_segment_0_end': {'mean': 8.70082608047699, 'abs_mean': 8.70082608047699, 'std': 1.871177367838683}}"
1,518,13.0,True,9.164914987117374,9.164914987117374,2.278981782124604,1.7539353164660083,1.7539353164660083,0.4361400666421473,5.225343774697287,"{'bias_segment_0_end': {'mean': 1.7539353164660083, 'abs_mean': 1.7539353164660083, 'std': 0.4361400666421473}}"
1,519,6.0,True,9.59326101015728,9.59326101015728,2.602310638021023,1.6690846085949604,1.6690846085949604,0.45276331250707946,5.747618161929436,"{'bias_segment_0_end': {'mean': 1.6690846085949604, 'abs_mean': 1.6690846085949604, 'std': 0.45276331250707946}}"
1,520,12.0,True,3.9935159567077076,4.592369178906013,3.4278967974576227,0.4285540893640157,0.49281851201414545,0.3678560963305546,9.318580911534829,"{'bias_segment_0_end': {'mean': 0.4285540893640157, 'abs_mean': 0.49281851201414545, 'std': 0.3678560963305546}}"
1,521,-8.0,True,9.59401087768249,9.889339886022697,8.294843312779706,2.199040581395365,2.2667328617652034,1.9012587429465913,4.362816656887146,"{'bias_segment_0_end': {'mean': 2.199040581395365, 'abs_mean': 2.2667328617652034, 'std': 1.9012587429465913}}"
1,522,7.0,False,10.839333408681831,10.839333408681831,2.4449569911156828,6.604079613176869,6.604079613176869,1.489638708519525,1.6413087127318275,"{'bias_segment_0_end': {'mean': 6.604079613176869, 'abs_mean': 6.604079613176869, 'std': 1.489638708519525}}"
1,523,19.0,True,5.206079960699418,5.518992637675097,3.8969803527905005,0.5911845261375711,0.6267178129977009,0.44252767929487674,8.80618441540187,"{'bias_segment_0_end': {'mean': 0.5911845261375711, 'abs_mean': 0.6267178129977009, 'std': 0.44252767929487674}}"
1,524,1.0,False,16.79727907879204,16.79727907879204,2.6003234656066128,4.408848017070254,4.408848017070254,0.6825171446699225,-3.809902045558395,"{'bias_segment_0_end': {'mean': 4.408848017070254, 'abs_mean': 4.408848017070254, 'std': 0.6825171446699225}}"
1,525,-2.0,False,11.64038108168783,11.64038108168783,3.382073917664575,7.554957392823134,7.554957392823134,2.1950676844704624,1.5407606524354012,"{'bias_segment_0_end': {'mean': 7.554957392823134, 'abs_mean': 7.554957392823134, 'std': 2.1950676844704624}}"
1,526,24.0,True,8.278272616934133,8.871729698852775,6.1124241972322535,0.9312018518123821,0.997958330999036,0.6875710664422995,8.88987989104862,"{'bias_segment_0_end': {'mean': 0.9312018518123821, 'abs_mean': 0.997958330999036, 'std': 0.6875710664422995}}"
1,527,-7.0,False,17.226182669927706,17.226182669927706,3.5824071620892575,5.04119745177685,5.04119745177685,1.0483821170826635,-3.417081523727278,"{'bias_segment_0_end': {'mean': 5.04119745177685, 'abs_mean': 5.04119745177685, 'std': 1.0483821170826635}}"
1,528,10.0,False,8.927773464891041,8.927773464891041,2.773144389318581,2.9765463403734578,2.9765463403734578,0.9245746227560839,2.9993732480479043,"{'bias_segment_0_end': {'mean': 2.9765463403734578, 'abs_mean': 2.9765463403734578, 'std': 0.9245746227560839}}"
1,529,8.0,True,9.499119640481652,9.499119640481652,1.7743999600655949,2.361487459104516,2.361487459104516,0.4411170099672513,4.0225153870110955,"{'bias_segment_0_end': {'mean': 2.361487459104516, 'abs_mean': 2.361487459104516, 'std': 0.4411170099672513}}"
1,530,12.0,True,8.196647683419663,8.196647683419663,1.981155864261026,1.321665486704988,1.321665486704988,0.3194507597140709,6.201756621378171,"{'bias_segment_0_end': {'mean': 1.321665486704988, 'abs_mean': 1.321665486704988, 'std': 0.3194507597140709}}"
1,531,10.0,False,11.178288400271006,11.178288400271006,1.864341086747337,7.325059611996236,7.325059611996236,1.221690576277045,1.526033778887525,"{'bias_segment_0_end': {'mean': 7.325059611996236, 'abs_mean': 7.325059611996236, 'std': 1.221690576277045}}"
1,532,8.0,True,12.680970194131184,12.680970194131184,1.7121596881078103,3.4317743157500527,3.4317743157500527,0.46335142754537245,3.695164374863508,"{'bias_segment_0_end': {'mean': 3.4317743157500527, 'abs_mean': 3.4317743157500527, 'std': 0.46335142754537245}}"
1,533,-6.0,True,20.778765234563593,20.778765234563593,4.562624897654015,3.3303224479545213,3.3303224479545213,0.7312759900178207,-6.239265284154656,"{'bias_segment_0_end': {'mean': 3.3303224479545213, 'abs_mean': 3.3303224479545213, 'std': 0.7312759900178207}}"
1,534,8.0,True,10.941100419888722,10.941100419888722,2.5439470697372566,6.920641963102811,6.920641963102811,1.6091385845186452,1.5809372133713693,"{'bias_segment_0_end': {'mean': 6.920641963102811, 'abs_mean': 6.920641963102811, 'std': 1.6091385845186452}}"
1,535,-9.0,False,17.373215731955227,17.373215731955227,4.312222803266305,3.881496265309344,3.881496265309344,0.963429969690259,-4.475906852526787,"{'bias_segment_0_end': {'mean': 3.881496265309344, 'abs_mean': 3.881496265309344, 'std': 0.963429969690259}}"
1,536,9.0,True,12.540892179547658,12.540892179547658,2.535363792793119,4.210420987001669,4.210420987001669,0.8512112830592361,2.9785364024793854,"{'bias_segment_0_end': {'mean': 4.210420987001669, 'abs_mean': 4.210420987001669, 'std': 0.8512112830592361}}"
1,537,7.0,True,11.373946541531547,11.373946541531547,2.614141837998334,3.313673165940323,3.313673165940323,0.7616012286418363,3.432428598703988,"{'bias_segment_0_end': {'mean': 3.313673165940323, 'abs_mean': 3.313673165940323, 'std': 0.7616012286418363}}"
1,538,20.0,True,5.221753781978996,5.313565822395933,2.9442568913860288,0.5548424043214122,0.5645979798191296,0.31284481052980484,9.411237752034017,"{'bias_segment_0_end': {'mean': 0.5548424043214122, 'abs_mean': 0.5645979798191296, 'std': 0.31284481052980484}}"
1,539,0.0,True,19.697329686808608,19.697329686808608,3.9202643105946935,5.5400399626624495,5.5400399626624495,1.1026073731932753,-3.555449025559448,"{'bias_segment_0_end': {'mean': 5.5400399626624495, 'abs_mean': 5.5400399626624495, 'std': 1.1026073731932753}}"
1,540,13.0,True,7.569034536055509,7.569034536055509,1.3123239165109442,1.5514112104033102,1.5514112104033102,0.2689846407830587,4.878806138114624,"{'bias_segment_0_end': {'mean': 1.5514112104033102, 'abs_mean': 1.5514112104033102, 'std': 0.2689846407830587}}"
1,541,10.0,True,9.009069195072376,9.009069195072376,2.3400141887298,1.764375233294597,1.764375233294597,0.45827854029704107,5.106095928500339,"{'bias_segment_0_end': {'mean': 1.764375233294597, 'abs_mean': 1.764375233294597, 'std': 0.45827854029704107}}"
1,542,6.0,False,11.248098363330712,11.248098363330712,1.9298780853124338,10.771225305905665,10.771225305905665,1.8480592006198195,1.0442728699736312,"{'bias_segment_0_end': {'mean': 10.771225305905665, 'abs_mean': 10.771225305905665, 'std': 1.8480592006198195}}"
1,543,17.0,True,7.794446055737135,7.794446055737135,2.548519820899627,1.0409579691291915,1.0409579691291915,0.340357993124667,7.487762510005605,"{'bias_segment_0_end': {'mean': 1.0409579691291915, 'abs_mean': 1.0409579691291915, 'std': 0.340357993124667}}"
1,544,11.0,True,7.284352381210188,7.284352381210188,1.5886376604229266,1.1657810779518294,1.1657810779518294,0.2542441149634538,6.2484736791303295,"{'bias_segment_0_end': {'mean': 1.1657810779518294, 'abs_mean': 1.1657810779518294, 'std': 0.2542441149634538}}"
1,545,5.0,True,10.050238770217838,10.050238770217838,2.3115852837739177,1.869208772461501,1.869208772461501,0.42992366544834437,5.376734219464958,"{'bias_segment_0_end': {'mean': 1.869208772461501, 'abs_mean': 1.869208772461501, 'std': 0.42992366544834437}}"
1,546,-2.0,True,12.520164690626636,12.520164690626636,4.14297195081505,3.333075454455912,3.333075454455912,1.1029278335371349,3.756340011411598,"{'bias_segment_0_end': {'mean': 3.333075454455912, 'abs_mean': 3.333075454455912, 'std': 1.1029278335371349}}"
1,547,17.0,True,6.310659925606742,6.310659925606742,3.1175378778900162,0.8118211524855093,0.8118211524855093,0.4010488954849789,7.773460824820504,"{'bias_segment_0_end': {'mean': 0.8118211524855093, 'abs_mean': 0.8118211524855093, 'std': 0.4010488954849789}}"
1,548,0.0,False,15.352138975664824,15.352138975664824,2.492452414750099,6.885870474187517,6.885870474187517,1.1179357168568007,-2.2295131796646617,"{'bias_segment_0_end': {'mean': 6.885870474187517, 'abs_mean': 6.885870474187517, 'std': 1.1179357168568007}}"
1,549,12.0,True,6.550532285482528,6.550532285482528,1.9829534652823313,0.9328084631532118,0.9328084631532118,0.2823764075712959,7.022376558784091,"{'bias_segment_0_end': {'mean': 0.9328084631532118, 'abs_mean': 0.9328084631532118, 'std': 0.2823764075712959}}"
1,550,12.0,False,10.06766287203891,10.06766287203891,2.8526738431452103,3.452257778701664,3.452257778701664,0.9781977793921068,2.9162546708273878,"{'bias_segment_0_end': {'mean': 3.452257778701664, 'abs_mean': 3.452257778701664, 'std': 0.9781977793921068}}"
1,551,8.0,False,12.542870857091547,12.542870857091547,2.176934786176701,10.422303509899818,10.422303509899818,1.8088901114663567,1.2034643632453677,"{'bias_segment_0_end': {'mean': 10.422303509899818, 'abs_mean': 10.422303509899818, 'std': 1.8088901114663567}}"
1,552,-1.0,False,16.148194373575183,16.148194373575183,3.852525044794766,4.346306130358541,4.346306130358541,1.0369117953491758,-3.715383566928607,"{'bias_segment_0_end': {'mean': 4.346306130358541, 'abs_mean': 4.346306130358541, 'std': 1.0369117953491758}}"
1,553,4.0,True,11.933393915534603,11.933393915534603,3.2520927804797384,6.627369944700638,6.627369944700638,1.8060932290747902,1.8006228737957741,"{'bias_segment_0_end': {'mean': 6.627369944700638, 'abs_mean': 6.627369944700638, 'std': 1.8060932290747902}}"
1,554,9.0,True,7.59582422442386,7.59582422442386,3.6146597637405082,1.0358194061807384,1.0358194061807384,0.492920138670941,7.333154968037427,"{'bias_segment_0_end': {'mean': 1.0358194061807384, 'abs_mean': 1.0358194061807384, 'std': 0.492920138670941}}"
1,555,15.0,True,8.002038274800448,8.002038274800448,3.090780427185831,1.0605890366534843,1.0605890366534843,0.40965160665370737,7.544900049174161,"{'bias_segment_0_end': {'mean': 1.0605890366534843, 'abs_mean': 1.0605890366534843, 'std': 0.40965160665370737}}"
1,556,13.0,True,8.56374034835419,8.56374034835419,2.480088976753831,1.5743719108261536,1.5743719108261536,0.4559435786841909,5.439464645847471,"{'bias_segment_0_end': {'mean': 1.5743719108261536, 'abs_mean': 1.5743719108261536, 'std': 0.4559435786841909}}"
1,557,2.0,True,12.792513579662671,12.792513579662671,1.5335382102752193,13.528539472642464,13.528539472642464,1.6217713650502807,0.945594578448901,"{'bias_segment_0_end': {'mean': 13.528539472642464, 'abs_mean': 13.528539472642464, 'std': 1.6217713650502807}}"
1,558,10.0,False,11.509746903554106,11.509746903554106,2.4731054080798596,9.480711824227226,9.480711824227226,2.0371255668274393,1.2140171663209758,"{'bias_segment_0_end': {'mean': 9.480711824227226, 'abs_mean': 9.480711824227226, 'std': 2.0371255668274393}}"
1,559,18.0,True,11.589053873875088,11.611854736397229,9.323514786730216,1.3398371899144126,1.3424732501055001,1.0779130020388006,8.649598593852573,"{'bias_segment_0_end': {'mean': 1.3398371899144126, 'abs_mean': 1.3424732501055001, 'std': 1.0779130020388006}}"
1,560,3.0,True,13.298559577657421,13.298559577657421,2.5959188531353634,23.98008421044114,23.98008421044114,4.680984608757408,0.5545668422576728,"{'bias_segment_0_end': {'mean': 23.98008421044114, 'abs_mean': 23.98008421044114, 'std': 4.680984608757408}}"
1,561,8.0,True,10.81675801068589,10.81675801068589,2.2048623031401013,2.5413052635825646,2.5413052635825646,0.5180136387362348,4.256378863921739,"{'bias_segment_0_end': {'mean': 2.5413052635825646, 'abs_mean': 2.5413052635825646, 'std': 0.5180136387362348}}"
1,562,13.0,True,5.469441723299863,5.469441723299863,2.2609068871995714,0.6806638364702124,0.6806638364702124,0.281366478261828,8.035452201579128,"{'bias_segment_0_end': {'mean': 0.6806638364702124, 'abs_mean': 0.6806638364702124, 'std': 0.281366478261828}}"
1,563,0.0,True,12.029566394136324,12.029566394136324,2.082180977659873,15.032562111493734,15.032562111493734,2.6019653450933915,0.8002339391592236,"{'bias_segment_0_end': {'mean': 15.032562111493734, 'abs_mean': 15.032562111493734, 'std': 2.6019653450933915}}"
1,564,37.0,True,-0.497529793752454,8.099149833534142,8.926799217978168,-0.03182683203122089,0.5181001913542397,0.5710446748207908,15.632400776313409,"{'bias_segment_0_end': {'mean': -0.03182683203122089, 'abs_mean': 0.5181001913542397, 'std': 0.5710446748207908}}"
1,565,3.0,True,12.370125231704183,12.370125231704183,4.826794152471718,3.4232467783092577,3.4232467783092577,1.335742947020628,3.6135651423336155,"{'bias_segment_0_end': {'mean': 3.4232467783092577, 'abs_mean': 3.4232467783092577, 'std': 1.335742947020628}}"
1,566,8.0,False,9.966747621341995,9.966747621341995,3.5688726518423874,2.866966546732291,2.866966546732291,1.0265975312217441,3.4764087612748344,"{'bias_segment_0_end': {'mean': 2.866966546732291, 'abs_mean': 2.866966546732291, 'std': 1.0265975312217441}}"
1,567,0.0,False,13.378818461894403,13.378818461894403,1.5874843673920975,12.685429018661495,12.685429018661495,1.5052091721061986,-1.054660306893276,"{'bias_segment_0_end': {'mean': 12.685429018661495, 'abs_mean': 12.685429018661495, 'std': 1.5052091721061986}}"
1,568,-1.0,True,13.587671505492937,13.587671505492937,3.696378780161956,15.6164856429137,15.6164856429137,4.248295679494049,0.870085102127867,"{'bias_segment_0_end': {'mean': 15.6164856429137, 'abs_mean': 15.6164856429137, 'std': 4.248295679494049}}"
1,569,14.0,False,3.2416163372551985,3.2416163372551985,1.6988987472129313,0.33453501646674616,0.33453501646674616,0.17532646101341182,9.689916384515238,"{'bias_segment_0_end': {'mean': 0.33453501646674616, 'abs_mean': 0.33453501646674616, 'std': 0.17532646101341182}}"
1,570,5.0,False,12.826930962376293,12.826930962376293,2.148493429435086,7.1078131348027185,7.1078131348027185,1.1905489990215827,-1.8046241113979864,"{'bias_segment_0_end': {'mean': 7.1078131348027185, 'abs_mean': 7.1078131348027185, 'std': 1.1905489990215827}}"
1,571,2.0,False,12.123743310557314,12.123743310557314,1.8512631760347367,302.4209698503774,302.4209698503774,46.17887320801242,0.04008896379293913,"{'bias_segment_0_end': {'mean': 302.4209698503774, 'abs_mean': 302.4209698503774, 'std': 46.17887320801242}}"
1,572,8.0,True,8.708397790323117,8.7639479298201,4.2295940875094695,1.0490502867699256,1.0557420906094532,0.509514723288445,8.301220542188382,"{'bias_segment_0_end': {'mean': 1.0490502867699256, 'abs_mean': 1.0557420906094532, 'std': 0.509514723288445}}"
1,573,23.0,True,5.602453951077776,5.7420012013888115,4.25090137561403,0.6240219573280095,0.63956524408043,0.4734810531211397,8.977975671027414,"{'bias_segment_0_end': {'mean': 0.6240219573280095, 'abs_mean': 0.63956524408043, 'std': 0.4734810531211397}}"
1,574,1.0,True,16.095176256230612,16.095176256230612,2.459821882358635,4.471003135883709,4.471003135883709,0.6833023245385978,-3.5999026990280436,"{'bias_segment_0_end': {'mean': 4.471003135883709, 'abs_mean': 4.471003135883709, 'std': 0.6833023245385978}}"
1,575,2.0,True,11.636505948741414,11.636505948741414,2.403185441300593,9.626773077074617,9.626773077074617,1.9881329505127319,1.2087649574344714,"{'bias_segment_0_end': {'mean': 9.626773077074617, 'abs_mean': 9.626773077074617, 'std': 1.9881329505127319}}"
1,576,-12.0,False,24.909870107253756,24.909870107253756,4.987896762958842,2.2740111810652546,2.2740111810652546,0.4553429207029324,-10.954154629787174,"{'bias_segment_0_end': {'mean': 2.2740111810652546, 'abs_mean': 2.2740111810652546, 'std': 0.4553429207029324}}"
1,577,-5.0,False,16.01157450334414,16.01157450334414,2.9129149797735865,3.671316167218294,3.671316167218294,0.6679063234375573,-4.361262766283595,"{'bias_segment_0_end': {'mean': 3.671316167218294, 'abs_mean': 3.671316167218294, 'std': 0.6679063234375573}}"
1,578,12.0,False,7.552280538487728,7.552280538487728,3.0185379356391615,1.6726950410183654,1.6726950410183654,0.6685521559134868,4.515037321979366,"{'bias_segment_0_end': {'mean': 1.6726950410183654, 'abs_mean': 1.6726950410183654, 'std': 0.6685521559134868}}"
1,579,8.0,False,11.077372945467973,11.077372945467973,1.5738203376060014,6.841136709778916,6.841136709778916,0.9719560891554164,1.619229875882126,"{'bias_segment_0_end': {'mean': 6.841136709778916, 'abs_mean': 6.841136709778916, 'std': 0.9719560891554164}}"
1,580,6.0,True,11.385526259604552,11.385526259604552,1.9267486803143155,4.707616342769231,4.707616342769231,0.7966600198392373,2.418533166385236,"{'bias_segment_0_end': {'mean': 4.707616342769231, 'abs_mean': 4.707616342769231, 'std': 0.7966600198392373}}"
1,581,-13.0,False,25.679520878796488,25.679520878796488,7.7273110229146065,1.8606513107239395,1.8606513107239395,0.5598948458197032,-13.801361238826171,"{'bias_segment_0_end': {'mean': 1.8606513107239395, 'abs_mean': 1.8606513107239395, 'std': 0.5598948458197032}}"
1,582,8.0,True,5.163387957323961,5.163387957323961,2.986337012538665,0.6064244347777391,0.6064244347777391,0.3507363285216295,8.51447873998744,"{'bias_segment_0_end': {'mean': 0.6064244347777391, 'abs_mean': 0.6064244347777391, 'std': 0.3507363285216295}}"
1,583,-14.0,False,20.428206573920818,20.428206573920818,6.18414082259526,3.2452324208707637,3.2452324208707637,0.9824148889475743,-6.294836216519588,"{'bias_segment_0_end': {'mean': 3.2452324208707637, 'abs_mean': 3.2452324208707637, 'std': 0.9824148889475743}}"
1,584,0.0,False,15.50875723049918,15.50875723049918,8.94398291081765,4.669836711723541,4.669836711723541,2.693119708123762,3.321049147514029,"{'bias_segment_0_end': {'mean': 4.669836711723541, 'abs_mean': 4.669836711723541, 'std': 2.693119708123762}}"
1,585,-3.0,False,18.050278129806955,18.050278129806955,4.085521328959205,5.037603916964792,5.037603916964792,1.140217236632032,-3.5831078479632508,"{'bias_segment_0_end': {'mean': 5.037603916964792, 'abs_mean': 5.037603916964792, 'std': 1.140217236632032}}"
1,586,10.0,True,9.485610696280691,9.485610696280691,1.911891332225738,1.6300704229216927,1.6300704229216927,0.3285521209217993,5.819141653572824,"{'bias_segment_0_end': {'mean': 1.6300704229216927, 'abs_mean': 1.6300704229216927, 'std': 0.3285521209217993}}"
1,587,-6.0,False,16.21080348757156,16.21080348757156,3.037452751665037,5.565700145401766,5.565700145401766,1.0428570819795686,-2.912626096280896,"{'bias_segment_0_end': {'mean': 5.565700145401766, 'abs_mean': 5.565700145401766, 'std': 1.0428570819795686}}"
1,588,4.0,False,11.559595929803395,11.559595929803395,2.238114794848244,6.246424200144857,6.246424200144857,1.209403382448515,1.8505941254414522,"{'bias_segment_0_end': {'mean': 6.246424200144857, 'abs_mean': 6.246424200144857, 'std': 1.209403382448515}}"
1,589,16.0,True,7.28270760192456,7.28270760192456,2.610183005062904,0.9808912029981166,0.9808912029981166,0.3515595693015045,7.424582440605845,"{'bias_segment_0_end': {'mean': 0.9808912029981166, 'abs_mean': 0.9808912029981166, 'std': 0.3515595693015045}}"
1,590,12.0,True,12.284129097705003,12.284129097705003,3.0899607179452797,5.411548293958083,5.411548293958083,1.3612256529214009,2.2699841949890867,"{'bias_segment_0_end': {'mean': 5.411548293958083, 'abs_mean': 5.411548293958083, 'std': 1.3612256529214009}}"
1,591,6.0,False,12.136138980274785,12.136138980274785,2.2699618092382376,51.437264184200934,51.437264184200934,9.62090377010418,-0.23594060012239967,"{'bias_segment_0_end': {'mean': 51.437264184200934, 'abs_mean': 51.437264184200934, 'std': 9.62090377010418}}"
1,592,6.0,False,12.791792267617863,12.791792267617863,2.7545195530523205,36.01402085168171,36.01402085168171,7.755076266452293,-0.3551892281147646,"{'bias_segment_0_end': {'mean': 36.01402085168171, 'abs_mean': 36.01402085168171, 'std': 7.755076266452293}}"
1,593,0.0,False,14.468870765687226,14.468870765687226,2.821575644404332,5.7788099616467585,5.7788099616467585,1.1269261924774105,-2.503780339155522,"{'bias_segment_0_end': {'mean': 5.7788099616467585, 'abs_mean': 5.7788099616467585, 'std': 1.1269261924774105}}"
1,594,1.0,True,16.565401653566386,16.565401653566386,2.316043695854039,45.82311285185623,45.82311285185623,6.406625922173236,-0.3615075585790403,"{'bias_segment_0_end': {'mean': 45.82311285185623, 'abs_mean': 45.82311285185623, 'std': 6.406625922173236}}"
1,595,22.0,True,2.8407339456438914,5.415182244856302,6.2779427008,0.2450936831208904,0.46721269452139697,0.5416501961827397,11.590400492870817,"{'bias_segment_0_end': {'mean': 0.2450936831208904, 'abs_mean': 0.46721269452139697, 'std': 0.5416501961827397}}"
1,596,2.0,False,14.819342521850935,14.819342521850935,3.074416354051214,86.0101514457783,86.0101514457783,17.843640217467293,-0.1722975982805146,"{'bias_segment_0_end': {'mean': 86.0101514457783, 'abs_mean': 86.0101514457783, 'std': 17.843640217467293}}"
1,597,3.0,True,14.616980183744344,14.616980183744344,2.0436152944260098,9.23272233921317,9.23272233921317,1.2908365711946514,-1.583171208524617,"{'bias_segment_0_end': {'mean': 9.23272233921317, 'abs_mean': 9.23272233921317, 'std': 1.2908365711946514}}"
1,598,3.0,False,13.675409120879785,13.675409120879785,1.752078008402809,12.561513139304394,12.561513139304394,1.6093669102765578,-1.0886753028255858,"{'bias_segment_0_end': {'mean': 12.561513139304394, 'abs_mean': 12.561513139304394, 'std': 1.6093669102765578}}"
1,599,8.0,False,11.86850397487578,11.86850397487578,1.6379281311032892,8.750182843086886,8.750182843086886,1.2075802191522098,1.356372111041375,"{'bias_segment_0_end': {'mean': 8.750182843086886, 'abs_mean': 8.750182843086886, 'std': 1.2075802191522098}}"
1,600,23.0,True,1.8359316459423891,4.07508600566663,4.91914431819554,0.13756696381883715,0.3053475385857487,0.3685931063590802,13.345730653473893,"{'bias_segment_0_end': {'mean': 0.13756696381883715, 'abs_mean': 0.3053475385857487, 'std': 0.3685931063590802}}"
1,601,0.0,True,15.659892092568418,15.659892092568418,2.3035415661108374,59.40659008241466,59.40659008241466,8.738601054645303,-0.26360530154724376,"{'bias_segment_0_end': {'mean': 59.40659008241466, 'abs_mean': 59.40659008241466, 'std': 8.738601054645303}}"
1,602,10.0,True,9.594802072668726,9.594802072668726,1.6583315109264287,2.0851655568916714,2.0851655568916714,0.3603926086544194,4.601458162857616,"{'bias_segment_0_end': {'mean': 2.0851655568916714, 'abs_mean': 2.0851655568916714, 'std': 0.3603926086544194}}"
1,603,-1.0,False,12.498389158315463,12.498389158315463,2.1854368105395476,143.85636303169915,143.85636303169915,25.15436087142843,0.08688103115439816,"{'bias_segment_0_end': {'mean': 143.85636303169915, 'abs_mean': 143.85636303169915, 'std': 25.15436087142843}}"
1,604,3.0,False,10.952390855224905,10.952390855224905,2.8167932734613976,6.5086517967000965,6.5086517967000965,1.673929176066717,1.6827434002196577,"{'bias_segment_0_end': {'mean': 6.5086517967000965, 'abs_mean': 6.5086517967000965, 'std': 1.673929176066717}}"
1,605,13.0,False,11.117971672300456,11.117971672300456,4.297831944832622,7.079247779087821,7.079247779087821,2.7365978388082737,1.5705018413316554,"{'bias_segment_0_end': {'mean': 7.079247779087821, 'abs_mean': 7.079247779087821, 'std': 2.7365978388082737}}"
1,606,14.0,True,6.987509530480051,6.987509530480051,3.5169637045797684,0.8363247952130551,0.8363247952130551,0.420940241608851,8.355018971666352,"{'bias_segment_0_end': {'mean': 0.8363247952130551, 'abs_mean': 0.8363247952130551, 'std': 0.420940241608851}}"
1,607,3.0,False,15.218868646552828,15.218868646552828,2.0771519788133688,10.771128421980324,10.771128421980324,1.4701007831378472,-1.4129316864792116,"{'bias_segment_0_end': {'mean': 10.771128421980324, 'abs_mean': 10.771128421980324, 'std': 1.4701007831378472}}"
1,608,9.0,False,11.36609241476468,11.36609241476468,2.0017312069132376,10.58476014770872,10.58476014770872,1.8641274355500455,1.0738167191464512,"{'bias_segment_0_end': {'mean': 10.58476014770872, 'abs_mean': 10.58476014770872, 'std': 1.8641274355500455}}"
1,609,17.0,True,5.027962050045727,5.166550283536297,4.227342934338718,0.5185755335691714,0.5328692904459019,0.43600102704327887,9.695717835818533,"{'bias_segment_0_end': {'mean': 0.5185755335691714, 'abs_mean': 0.5328692904459019, 'std': 0.43600102704327887}}"
1,610,6.0,False,10.336984316910257,10.336984316910257,2.902747664430053,3.4434147527175463,3.4434147527175463,0.9669516586925112,3.0019573763957124,"{'bias_segment_0_end': {'mean': 3.4434147527175463, 'abs_mean': 3.4434147527175463, 'std': 0.9669516586925112}}"
1,611,10.0,False,9.612485990841225,9.612485990841225,2.95351573901565,2.282731771852485,2.282731771852485,0.7013881968245522,4.210957287829086,"{'bias_segment_0_end': {'mean': 2.282731771852485, 'abs_mean': 2.282731771852485, 'std': 0.7013881968245522}}"
1,612,17.0,True,9.42249083687504,9.42249083687504,3.642546412514625,2.0647897945121962,2.0647897945121962,0.7982064178999585,4.563414087922249,"{'bias_segment_0_end': {'mean': 2.0647897945121962, 'abs_mean': 2.0647897945121962, 'std': 0.7982064178999585}}"
1,613,15.0,True,8.315833429077413,8.315833429077413,2.7178907150068228,1.4899683107702768,1.4899683107702768,0.48697115833718757,5.581214962067438,"{'bias_segment_0_end': {'mean': 1.4899683107702768, 'abs_mean': 1.4899683107702768, 'std': 0.48697115833718757}}"
1,614,1.0,True,17.721525433196042,17.721525433196042,2.89734155878773,4.565367920235056,4.565367920235056,0.7464047187312469,-3.8817299597364374,"{'bias_segment_0_end': {'mean': 4.565367920235056, 'abs_mean': 4.565367920235056, 'std': 0.7464047187312469}}"
1,615,4.0,False,13.381691314980275,13.381691314980275,1.8928537021722944,13.35887093503325,13.35887093503325,1.8896257364651978,-1.0017082566377058,"{'bias_segment_0_end': {'mean': 13.35887093503325, 'abs_mean': 13.35887093503325, 'std': 1.8896257364651978}}"
1,616,-4.0,False,16.949673862291633,16.949673862291633,2.884891874404312,4.725181328016317,4.725181328016317,0.8042418591078557,-3.587094904018697,"{'bias_segment_0_end': {'mean': 4.725181328016317, 'abs_mean': 4.725181328016317, 'std': 0.8042418591078557}}"
1,617,9.0,True,10.159155249233256,10.159155249233256,1.323338197995646,2.0464325869107145,2.0464325869107145,0.26656964535376937,4.9643244122541414,"{'bias_segment_0_end': {'mean': 2.0464325869107145, 'abs_mean': 2.0464325869107145, 'std': 0.26656964535376937}}"
1,618,18.0,True,6.185721859578858,6.185721859578858,3.6133277395797907,0.6666556870621525,0.6666556870621525,0.3894202716341178,9.278735604639284,"{'bias_segment_0_end': {'mean': 0.6666556870621525, 'abs_mean': 0.6666556870621525, 'std': 0.3894202716341178}}"
1,619,21.0,True,2.174761909963219,3.966076258377599,4.372111661130863,0.2088089237172008,0.38080127810688735,0.41978661027201764,10.415081267832191,"{'bias_segment_0_end': {'mean': 0.2088089237172008, 'abs_mean': 0.38080127810688735, 'std': 0.41978661027201764}}"
1,620,1.0,False,13.344654625824532,13.344654625824532,2.034460797895524,47.11445841119528,47.11445841119528,7.182839971456612,-0.28323905390905635,"{'bias_segment_0_end': {'mean': 47.11445841119528, 'abs_mean': 47.11445841119528, 'std': 7.182839971456612}}"
1,621,8.0,False,12.09494492560135,12.09494492560135,2.277872098713864,9.707829871500604,9.707829871500604,1.828300578413156,1.2458958475476205,"{'bias_segment_0_end': {'mean': 9.707829871500604, 'abs_mean': 9.707829871500604, 'std': 1.828300578413156}}"
1,622,-4.0,True,15.585077305923987,15.585077305923987,5.324075371434213,103.72476583540976,103.72476583540976,35.43379736603402,-0.1502541575331619,"{'bias_segment_0_end': {'mean': 103.72476583540976, 'abs_mean': 103.72476583540976, 'std': 35.43379736603402}}"
1,623,1.0,True,14.996830410375573,14.996830410375573,2.5482578709042225,10.588971778083854,10.588971778083854,1.7992755762321841,-1.4162688053824761,"{'bias_segment_0_end': {'mean': 10.588971778083854, 'abs_mean': 10.588971778083854, 'std': 1.7992755762321841}}"
1,624,8.0,True,10.596675384616187,10.596675384616187,2.2173483816115125,3.4785527619021375,3.4785527619021375,0.7278852146543632,3.0462885314471206,"{'bias_segment_0_end': {'mean': 3.4785527619021375, 'abs_mean': 3.4785527619021375, 'std': 0.7278852146543632}}"
1,625,8.0,True,10.885507335292615,10.885507335292615,2.5600754976374036,2.7612542764008747,2.7612542764008747,0.6493973315181598,3.9422328571207155,"{'bias_segment_0_end': {'mean': 2.7612542764008747, 'abs_mean': 2.7612542764008747, 'std': 0.6493973315181598}}"
1,626,10.0,True,12.668658384904225,12.668658384904225,4.077883768292075,39.18173888847751,39.18173888847751,12.612115045833937,0.32333068271836707,"{'bias_segment_0_end': {'mean': 39.18173888847751, 'abs_mean': 39.18173888847751, 'std': 12.612115045833937}}"
1,627,6.0,False,11.312198873027317,11.312198873027317,1.8568015916954168,7.642258119209269,7.642258119209269,1.2544119140028425,1.4802168019676583,"{'bias_segment_0_end': {'mean': 7.642258119209269, 'abs_mean': 7.642258119209269, 'std': 1.2544119140028425}}"
1,628,5.0,False,14.958296362394671,14.958296362394671,2.070517228096292,8.681061413514257,8.681061413514257,1.2016266277509235,-1.7230953278487715,"{'bias_segment_0_end': {'mean': 8.681061413514257, 'abs_mean': 8.681061413514257, 'std': 1.2016266277509235}}"
1,629,5.0,True,10.610532178384753,10.610532178384753,1.902608246065506,5.729432269583181,5.729432269583181,1.027362708874251,1.8519343067749845,"{'bias_segment_0_end': {'mean': 5.729432269583181, 'abs_mean': 5.729432269583181, 'std': 1.027362708874251}}"
1,630,4.0,True,18.932402723579507,18.932402723579507,3.1682737452863328,4.506239199271938,4.506239199271938,0.7541039324740325,-4.201375445546336,"{'bias_segment_0_end': {'mean': 4.506239199271938, 'abs_mean': 4.506239199271938, 'std': 0.7541039324740325}}"
1,631,11.0,True,12.054408142575564,12.054408142575564,2.649678015751735,19.99243034057559,19.99243034057559,4.394533728103279,0.6029486129112861,"{'bias_segment_0_end': {'mean': 19.99243034057559, 'abs_mean': 19.99243034057559, 'std': 4.394533728103279}}"
1,632,11.0,False,8.075660278682214,8.075660278682214,2.569382024527464,1.7928888967763474,1.7928888967763474,0.5704321806988804,4.504272569930253,"{'bias_segment_0_end': {'mean': 1.7928888967763474, 'abs_mean': 1.7928888967763474, 'std': 0.5704321806988804}}"
1,633,-3.0,False,13.415967408200666,13.415967408200666,2.2709854165155208,7.504906847618628,7.504906847618628,1.2703917268635672,-1.7876261065728838,"{'bias_segment_0_end': {'mean': 7.504906847618628, 'abs_mean': 7.504906847618628, 'std': 1.2703917268635672}}"
1,634,1.0,False,17.45170804177543,17.45170804177543,3.963317598461431,3.444950852282211,3.444950852282211,0.7823551887300411,-5.065880121399707,"{'bias_segment_0_end': {'mean': 3.444950852282211, 'abs_mean': 3.444950852282211, 'std': 0.7823551887300411}}"
1,635,5.0,False,13.849462296001416,13.849462296001416,3.8496268398426605,24.344517734144436,24.344517734144436,6.766855410657055,0.5688945021316578,"{'bias_segment_0_end': {'mean': 24.344517734144436, 'abs_mean': 24.344517734144436, 'std': 6.766855410657055}}"
1,636,4.0,False,13.986207798928431,13.986207798928431,3.2795725108111213,18.423496878642347,18.423496878642347,4.320055499306908,-0.7591505505744736,"{'bias_segment_0_end': {'mean': 18.423496878642347, 'abs_mean': 18.423496878642347, 'std': 4.320055499306908}}"
1,637,1.0,True,18.493075239281712,18.493075239281712,3.5497819826835566,6.682316488348736,6.682316488348736,1.2826837270711784,-2.7674647364467364,"{'bias_segment_0_end': {'mean': 6.682316488348736, 'abs_mean': 6.682316488348736, 'std': 1.2826837270711784}}"
1,638,17.0,False,7.048904923385366,7.048904923385366,4.134976791724818,1.2234927030870726,1.2234927030870726,0.717716295949127,5.761297068302755,"{'bias_segment_0_end': {'mean': 1.2234927030870726, 'abs_mean': 1.2234927030870726, 'std': 0.717716295949127}}"
1,639,-2.0,False,15.859396216175332,15.859396216175332,4.2379224161425695,5.62727855609641,5.62727855609641,1.5037123487990245,-2.8183065860483802,"{'bias_segment_0_end': {'mean': 5.62727855609641, 'abs_mean': 5.62727855609641, 'std': 1.5037123487990245}}"
1,640,26.0,True,5.005171948512129,6.605154605247845,5.578197272833151,0.45763747926054965,0.6039285632475427,0.5100308570849991,10.936979979435868,"{'bias_segment_0_end': {'mean': 0.45763747926054965, 'abs_mean': 0.6039285632475427, 'std': 0.5100308570849991}}"
1,641,-13.0,False,17.695599035589726,17.695599035589726,5.186254494060966,4.0220562241015925,4.0220562241015925,1.1787906770299175,-4.399639898008237,"{'bias_segment_0_end': {'mean': 4.0220562241015925, 'abs_mean': 4.0220562241015925, 'std': 1.1787906770299175}}"
1,642,-2.0,True,12.596609125997464,12.596609125997464,3.2223867696325215,13.747486651171176,13.747486651171176,3.5167971521007098,0.9162845140805671,"{'bias_segment_0_end': {'mean': 13.747486651171176, 'abs_mean': 13.747486651171176, 'std': 3.5167971521007098}}"
1,643,11.0,True,10.224786856518818,10.224786856518818,2.268459386899012,3.320676325439986,3.320676325439986,0.736721409160241,3.079127820494232,"{'bias_segment_0_end': {'mean': 3.320676325439986, 'abs_mean': 3.320676325439986, 'std': 0.736721409160241}}"
1,644,11.0,True,11.36745811665833,11.36745811665833,2.3044570791399894,4.934206170838014,4.934206170838014,1.0002822287650088,2.303806878569832,"{'bias_segment_0_end': {'mean': 4.934206170838014, 'abs_mean': 4.934206170838014, 'std': 1.0002822287650088}}"
1,645,-3.0,False,16.91844148447351,16.91844148447351,3.045344171084469,3.8981445712131975,3.8981445712131975,0.7016717147902289,-4.340126738605819,"{'bias_segment_0_end': {'mean': 3.8981445712131975, 'abs_mean': 3.8981445712131975, 'std': 0.7016717147902289}}"
1,646,-31.0,True,28.042603976737734,28.042603976737734,10.371610377451063,1.9527401230642134,1.9527401230642134,0.7222246458152902,-14.360643101209833,"{'bias_segment_0_end': {'mean': 1.9527401230642134, 'abs_mean': 1.9527401230642134, 'std': 0.7222246458152902}}"
1,647,22.0,True,4.965328789958199,5.411844437272921,3.7136429170700826,0.5053901607058332,0.5508382315788914,0.3779887838359901,9.824743685202673,"{'bias_segment_0_end': {'mean': 0.5053901607058332, 'abs_mean': 0.5508382315788914, 'std': 0.3779887838359901}}"
1,648,10.0,True,10.41698998763556,10.41698998763556,2.532822275473058,2.3151823555935755,2.3151823555935755,0.5629212900261786,4.499425266639444,"{'bias_segment_0_end': {'mean': 2.3151823555935755, 'abs_mean': 2.3151823555935755, 'std': 0.5629212900261786}}"
1,649,16.0,True,5.688104805029042,5.688104805029042,2.6128570855913025,0.6982541373445296,0.6982541373445296,0.32074624727221107,8.14618131252467,"{'bias_segment_0_end': {'mean': 0.6982541373445296, 'abs_mean': 0.6982541373445296, 'std': 0.32074624727221107}}"
1,650,21.0,False,11.120142227822297,11.158523512640059,5.400600282189674,3.320611333789967,3.3320724578259884,1.612685713806763,3.348823788760115,"{'bias_segment_0_end': {'mean': 3.320611333789967, 'abs_mean': 3.3320724578259884, 'std': 1.612685713806763}}"
1,651,11.0,False,11.676601248552055,11.676601248552055,7.231066714720869,3.631486711170511,3.631486711170511,2.2489012104744543,3.2153776613403653,"{'bias_segment_0_end': {'mean': 3.631486711170511, 'abs_mean': 3.631486711170511, 'std': 2.2489012104744543}}"
1,652,-7.0,False,16.70900371059679,16.70900371059679,3.779900121738117,3.523012865647714,3.523012865647714,0.7969737149140367,-4.742816545895526,"{'bias_segment_0_end': {'mean': 3.523012865647714, 'abs_mean': 3.523012865647714, 'std': 0.7969737149140367}}"
1,653,-4.0,True,15.950446855440342,15.950446855440342,2.9849934587987526,5.579426654840356,5.579426654840356,1.0441432907483323,-2.858796762137333,"{'bias_segment_0_end': {'mean': 5.579426654840356, 'abs_mean': 5.579426654840356, 'std': 1.0441432907483323}}"
1,654,34.0,True,-1.344714998409585,6.283503075088881,6.827962787975586,-0.08306593866833202,0.3881455041959978,0.4217779520912873,16.188524682527216,"{'bias_segment_0_end': {'mean': -0.08306593866833202, 'abs_mean': 0.3881455041959978, 'std': 0.4217779520912873}}"
1,655,16.0,True,7.2009236633372895,7.201987663752236,3.9406684453123644,1.240703246576354,1.2408865714983919,0.6789684715966188,5.803904908935965,"{'bias_segment_0_end': {'mean': 1.240703246576354, 'abs_mean': 1.2408865714983919, 'std': 0.6789684715966188}}"
1,656,9.0,True,10.174716998528178,10.174716998528178,1.8451855376088513,2.9530550860352687,2.9530550860352687,0.5355367168740668,3.4454883847726037,"{'bias_segment_0_end': {'mean': 2.9530550860352687, 'abs_mean': 2.9530550860352687, 'std': 0.5355367168740668}}"
1,657,34.0,True,-1.2406682008277825,7.138357537622266,7.964618964295655,-0.08099030289384765,0.46598900395034737,0.5199270054008008,15.318725285592537,"{'bias_segment_0_end': {'mean': -0.08099030289384765, 'abs_mean': 0.46598900395034737, 'std': 0.5199270054008008}}"
1,658,3.0,False,12.19423388762376,12.19423388762376,2.6842829856769552,8.543178422794396,8.543178422794396,1.8805862422553716,1.427365002127058,"{'bias_segment_0_end': {'mean': 8.543178422794396, 'abs_mean': 8.543178422794396, 'std': 1.8805862422553716}}"
1,659,7.0,True,10.334545007019697,10.334545007019697,2.2089485918194147,2.3036845495105016,2.3036845495105016,0.4923991078640494,4.4860938140231195,"{'bias_segment_0_end': {'mean': 2.3036845495105016, 'abs_mean': 2.3036845495105016, 'std': 0.4923991078640494}}"
1,660,1.0,False,10.837405623148882,10.837405623148882,5.043990246670174,3.7472650633306217,3.7472650633306217,1.7440676383611897,2.892084077318097,"{'bias_segment_0_end': {'mean': 3.7472650633306217, 'abs_mean': 3.7472650633306217, 'std': 1.7440676383611897}}"
1,661,-15.0,True,22.598956350116612,22.598956350116612,5.296109227421237,2.2784775995111737,2.2784775995111737,0.5339656421426493,-9.918445700306647,"{'bias_segment_0_end': {'mean': 2.2784775995111737, 'abs_mean': 2.2784775995111737, 'std': 0.5339656421426493}}"
1,662,14.0,True,3.339681879578031,5.980535851574489,6.3487201454266105,0.28716969139154225,0.5142491700645745,0.5459082842716096,11.629646093203243,"{'bias_segment_0_end': {'mean': 0.28716969139154225, 'abs_mean': 0.5142491700645745, 'std': 0.5459082842716096}}"
1,663,15.0,True,6.806614852927191,6.806614852927191,3.070828651701306,0.9441093406212282,0.9441093406212282,0.42593830797869997,7.209562028534116,"{'bias_segment_0_end': {'mean': 0.9441093406212282, 'abs_mean': 0.9441093406212282, 'std': 0.42593830797869997}}"
1,664,-16.0,False,21.903403906727963,21.903403906727963,5.133785556424585,2.1639968016257365,2.1639968016257365,0.5072040661644721,-10.121735803986718,"{'bias_segment_0_end': {'mean': 2.1639968016257365, 'abs_mean': 2.1639968016257365, 'std': 0.5072040661644721}}"
1,665,14.0,True,11.449695429620247,11.449695429620247,2.5727548977790327,4.09807737932063,4.09807737932063,0.9208409703064306,2.79391879894624,"{'bias_segment_0_end': {'mean': 4.09807737932063, 'abs_mean': 4.09807737932063, 'std': 0.9208409703064306}}"
1,666,12.0,True,9.715229415015472,9.715229415015472,3.2487426124507968,1.1822724260316855,1.1822724260316855,0.39534823583665246,8.21742028410895,"{'bias_segment_0_end': {'mean': 1.1822724260316855, 'abs_mean': 1.1822724260316855, 'std': 0.39534823583665246}}"
1,667,-11.0,False,18.574340193775043,18.574340193775043,3.851493187802246,3.2080222685172375,3.2080222685172375,0.665201336069687,-5.789966103433623,"{'bias_segment_0_end': {'mean': 3.2080222685172375, 'abs_mean': 3.2080222685172375, 'std': 0.665201336069687}}"
1,668,2.0,False,13.490309108614564,13.490309108614564,2.733034398500235,20.269425377031745,20.269425377031745,4.106431983673839,-0.6655496570663062,"{'bias_segment_0_end': {'mean': 20.269425377031745, 'abs_mean': 20.269425377031745, 'std': 4.106431983673839}}"
1,669,9.0,True,12.620123302068063,12.620123302068063,2.2126127786783902,7.142152357323102,7.142152357323102,1.2521920107144653,1.7669916113072275,"{'bias_segment_0_end': {'mean': 7.142152357323102, 'abs_mean': 7.142152357323102, 'std': 1.2521920107144653}}"
1,670,12.0,True,4.069726972763188,4.654849961637503,3.61739784927485,0.42404560642802885,0.4850125544107154,0.37691512844796904,9.597380355015947,"{'bias_segment_0_end': {'mean': 0.42404560642802885, 'abs_mean': 0.4850125544107154, 'std': 0.37691512844796904}}"
1,671,25.0,True,2.226120168222308,4.321766784216858,4.729894835793665,0.2064453008477704,0.40079078241047206,0.43863964591520904,10.783099247503893,"{'bias_segment_0_end': {'mean': 0.2064453008477704, 'abs_mean': 0.40079078241047206, 'std': 0.43863964591520904}}"
1,672,8.0,False,13.476167756589206,13.476167756589206,2.572572518732245,31.71692650359627,31.71692650359627,6.054695591178472,-0.42488882884226475,"{'bias_segment_0_end': {'mean': 31.71692650359627, 'abs_mean': 31.71692650359627, 'std': 6.054695591178472}}"
1,673,10.0,False,8.989670282277515,8.989670282277515,2.851584805074714,2.4283847169722925,2.4283847169722925,0.770300215954025,3.7019135474900478,"{'bias_segment_0_end': {'mean': 2.4283847169722925, 'abs_mean': 2.4283847169722925, 'std': 0.770300215954025}}"
1,674,-5.0,False,20.665518750221338,20.665518750221338,4.193573125248685,2.4913631255977533,2.4913631255977533,0.5055626028565288,-8.294864180131533,"{'bias_segment_0_end': {'mean': 2.4913631255977533, 'abs_mean': 2.4913631255977533, 'std': 0.5055626028565288}}"
1,675,-5.0,True,18.124105450808297,18.124105450808297,4.7996951242715005,4.769743519692481,4.769743519692481,1.263141774231544,-3.799807133440334,"{'bias_segment_0_end': {'mean': 4.769743519692481, 'abs_mean': 4.769743519692481, 'std': 1.263141774231544}}"
1,676,22.0,True,1.5197159104749032,2.4041309197807337,3.32792982864703,0.12990175943820903,0.2054994846383656,0.28446365340286134,11.698963255365246,"{'bias_segment_0_end': {'mean': 0.12990175943820903, 'abs_mean': 0.2054994846383656, 'std': 0.28446365340286134}}"
1,677,9.0,True,11.686385375243587,11.686385375243587,3.387909595591139,4.430669078236037,4.430669078236037,1.2844610033863393,2.63761187506611,"{'bias_segment_0_end': {'mean': 4.430669078236037, 'abs_mean': 4.430669078236037, 'std': 1.2844610033863393}}"
1,678,10.0,True,14.557910693706646,14.557910693706646,3.3887067818663734,39.91147480378985,39.91147480378985,9.290363719593302,-0.3647550175801641,"{'bias_segment_0_end': {'mean': 39.91147480378985, 'abs_mean': 39.91147480378985, 'std': 9.290363719593302}}"
1,679,4.0,False,16.730105586031904,16.730105586031904,3.4713041789055366,4.21240967450305,4.21240967450305,0.8740264806561074,-3.9716235786125433,"{'bias_segment_0_end': {'mean': 4.21240967450305, 'abs_mean': 4.21240967450305, 'std': 0.8740264806561074}}"
1,680,-2.0,False,12.521629825005048,12.521629825005048,2.2003783714937697,1381.4625111564096,1381.4625111564096,242.75915140917442,-0.009064038816748858,"{'bias_segment_0_end': {'mean': 1381.4625111564096, 'abs_mean': 1381.4625111564096, 'std': 242.75915140917442}}"
1,681,5.0,False,13.383829422579488,13.383829422579488,1.5596215860513727,14.045787741648292,14.045787741648292,1.6367597840131793,-0.9528713995081971,"{'bias_segment_0_end': {'mean': 14.045787741648292, 'abs_mean': 14.045787741648292, 'std': 1.6367597840131793}}"
1,682,9.0,True,7.09172517988344,7.09172517988344,2.8518642586031806,0.9955557363487421,0.9955557363487421,0.4003524882766275,7.123383373685083,"{'bias_segment_0_end': {'mean': 0.9955557363487421, 'abs_mean': 0.9955557363487421, 'std': 0.4003524882766275}}"
1,683,16.0,False,9.473577609967188,9.473577609967188,4.043789372280172,2.6098562103451326,2.6098562103451326,1.1140151314609437,3.629923201291762,"{'bias_segment_0_end': {'mean': 2.6098562103451326, 'abs_mean': 2.6098562103451326, 'std': 1.1140151314609437}}"
1,684,11.0,False,9.430814954972632,9.430814954972632,1.8894598269787506,2.9154039766717252,2.9154039766717252,0.5840999658710094,3.2348226971066327,"{'bias_segment_0_end': {'mean': 2.9154039766717252, 'abs_mean': 2.9154039766717252, 'std': 0.5840999658710094}}"
1,685,-7.0,True,15.247554803059721,15.247554803059721,4.4197802508234725,10.363370423406757,10.363370423406757,3.0040108411448263,-1.471293042717215,"{'bias_segment_0_end': {'mean': 10.363370423406757, 'abs_mean': 10.363370423406757, 'std': 3.0040108411448263}}"
1,686,-4.0,False,14.906172852678308,14.906172852678308,2.4438081803365597,11.31940379946561,11.31940379946561,1.8557715568618587,-1.316869078686108,"{'bias_segment_0_end': {'mean': 11.31940379946561, 'abs_mean': 11.31940379946561, 'std': 1.8557715568618587}}"
1,687,-2.0,False,19.72994253804499,19.72994253804499,3.0582125725174727,3.0577896996736045,3.0577896996736045,0.4739684814400304,-6.45235430682202,"{'bias_segment_0_end': {'mean': 3.0577896996736045, 'abs_mean': 3.0577896996736045, 'std': 0.4739684814400304}}"
1,688,0.0,False,15.301943641154372,15.301943641154372,2.247305445034889,6.809448261987503,6.809448261987503,1.000063162936433,-2.247163507589105,"{'bias_segment_0_end': {'mean': 6.809448261987503, 'abs_mean': 6.809448261987503, 'std': 1.000063162936433}}"
1,689,-70.0,False,47.42272248056033,47.42272248056033,17.070982530379677,1.4300004298741942,1.4300004298741942,0.5147640430560401,-33.16273302430573,"{'bias_segment_0_end': {'mean': 1.4300004298741942, 'abs_mean': 1.4300004298741942, 'std': 0.5147640430560401}}"
1,690,-12.0,True,21.221773962910014,21.221773962910014,5.129613439019582,2.701008296718924,2.701008296718924,0.6528732462219154,-7.856982145774735,"{'bias_segment_0_end': {'mean': 2.701008296718924, 'abs_mean': 2.701008296718924, 'std': 0.6528732462219154}}"
1,691,15.0,True,7.503404267403039,7.503404267403039,2.6611538913222637,1.2735054205148995,1.2735054205148995,0.4516608441512331,5.891929587837393,"{'bias_segment_0_end': {'mean': 1.2735054205148995, 'abs_mean': 1.2735054205148995, 'std': 0.4516608441512331}}"
1,692,3.0,False,14.344577304540516,14.344577304540516,2.1027468850050774,8.130565658476906,8.130565658476906,1.1918456186422428,-1.764277899851273,"{'bias_segment_0_end': {'mean': 8.130565658476906, 'abs_mean': 8.130565658476906, 'std': 1.1918456186422428}}"
1,693,19.0,False,4.889670545336465,5.0459490742286865,3.8316692757114286,0.6012007256601932,0.6204156736007493,0.4711160655281048,8.133174722913047,"{'bias_segment_0_end': {'mean': 0.6012007256601932, 'abs_mean': 0.6204156736007493, 'std': 0.4711160655281048}}"
1,694,19.0,False,5.0453085752356,5.075989364966828,2.642365019065584,0.6939716546527646,0.6981917331867796,0.36345178835605674,7.270194022204073,"{'bias_segment_0_end': {'mean': 0.6939716546527646, 'abs_mean': 0.6981917331867796, 'std': 0.36345178835605674}}"
1,695,1.0,True,13.94696561011502,13.94696561011502,2.745469634071495,26.130090438276316,26.130090438276316,5.143726014625049,-0.5337511419281195,"{'bias_segment_0_end': {'mean': 26.130090438276316, 'abs_mean': 26.130090438276316, 'std': 5.143726014625049}}"
1,696,2.0,True,13.52879076147868,13.52879076147868,2.486307620225201,6647.900686390279,6647.900686390279,1221.7445318273165,-0.0020350470621763503,"{'bias_segment_0_end': {'mean': 6647.900686390279, 'abs_mean': 6647.900686390279, 'std': 1221.7445318273165}}"
1,697,-1.0,False,17.138017360253986,17.138017360253986,2.103917266493317,3.1949480202991447,3.1949480202991447,0.3922219335035376,-5.364098962289015,"{'bias_segment_0_end': {'mean': 3.1949480202991447, 'abs_mean': 3.1949480202991447, 'std': 0.3922219335035376}}"
1,698,-7.0,False,18.351134002790175,18.351134002790175,2.5398742344981833,4.566102574685372,4.566102574685372,0.6319678271520384,-4.018992938207189,"{'bias_segment_0_end': {'mean': 4.566102574685372, 'abs_mean': 4.566102574685372, 'std': 0.6319678271520384}}"
1,699,16.0,True,6.44448414659699,6.862051344622332,6.614771992740507,0.9378950917934649,0.9986655455044452,0.9626778566287887,6.871220675943293,"{'bias_segment_0_end': {'mean': 0.9378950917934649, 'abs_mean': 0.9986655455044452, 'std': 0.9626778566287887}}"
1,700,12.0,True,5.94824296482591,5.969068575965893,2.464496794692409,0.8120254318084414,0.8148684437665303,0.3364412122595927,7.325192945716895,"{'bias_segment_0_end': {'mean': 0.8120254318084414, 'abs_mean': 0.8148684437665303, 'std': 0.3364412122595927}}"
1,701,-15.0,False,19.996726193055267,19.996726193055267,6.407251034818193,2.382530065929991,2.382530065929991,0.7633983724654383,-8.39306352478276,"{'bias_segment_0_end': {'mean': 2.382530065929991, 'abs_mean': 2.382530065929991, 'std': 0.7633983724654383}}"
1,702,2.0,True,15.207632063723084,15.207632063723084,1.9676964223350826,60.237166607015006,60.237166607015006,7.794011370578094,-0.25246260606739857,"{'bias_segment_0_end': {'mean': 60.237166607015006, 'abs_mean': 60.237166607015006, 'std': 7.794011370578094}}"
1,703,6.0,False,12.223228126229037,12.223228126229037,1.9244153555304009,22.200536174450747,22.200536174450747,3.495234832723486,0.5505825638705073,"{'bias_segment_0_end': {'mean': 22.200536174450747, 'abs_mean': 22.200536174450747, 'std': 3.495234832723486}}"
1,704,2.0,False,14.18349425366044,14.18349425366044,2.2460395656575263,9.07652070577418,9.07652070577418,1.4373203287629464,-1.562657621068101,"{'bias_segment_0_end': {'mean': 9.07652070577418, 'abs_mean': 9.07652070577418, 'std': 1.4373203287629464}}"
1,705,16.0,False,9.772528621208878,9.772528621208878,4.751882432071013,2.696299888880238,2.696299888880238,1.3110731695130202,3.6244219945680323,"{'bias_segment_0_end': {'mean': 2.696299888880238, 'abs_mean': 2.696299888880238, 'std': 1.3110731695130202}}"
1,706,0.0,False,14.995321094854534,14.995321094854534,3.829933285173229,20.346300504945685,20.346300504945685,5.19661920148995,-0.737004798057,"{'bias_segment_0_end': {'mean': 20.346300504945685, 'abs_mean': 20.346300504945685, 'std': 5.19661920148995}}"
1,707,7.0,False,12.595531731215596,12.595531731215596,2.885918084192376,443.3711692848238,443.3711692848238,101.5862531851289,-0.028408549323431908,"{'bias_segment_0_end': {'mean': 443.3711692848238, 'abs_mean': 443.3711692848238, 'std': 101.5862531851289}}"
1,708,21.0,True,6.8962179725479755,6.942242273458116,5.246462680575522,0.7410988329431654,0.7460448128740936,0.5638086535448966,9.30539580687323,"{'bias_segment_0_end': {'mean': 0.7410988329431654, 'abs_mean': 0.7460448128740936, 'std': 0.5638086535448966}}"
1,709,17.0,True,7.056963933010767,7.056963933010767,3.1338914638506035,1.0374027450581955,1.0374027450581955,0.46069494447961795,6.802530614679347,"{'bias_segment_0_end': {'mean': 1.0374027450581955, 'abs_mean': 1.0374027450581955, 'std': 0.46069494447961795}}"
1,710,12.0,True,9.301194089487739,9.301194089487739,1.622001973692413,2.3100837787122077,2.3100837787122077,0.4028472486883015,4.026344920993661,"{'bias_segment_0_end': {'mean': 2.3100837787122077, 'abs_mean': 2.3100837787122077, 'std': 0.4028472486883015}}"
1,711,-8.0,False,20.155596072052877,20.155596072052877,4.228734474025848,2.3721224646879766,2.3721224646879766,0.49768193444529224,-8.496861512040061,"{'bias_segment_0_end': {'mean': 2.3721224646879766, 'abs_mean': 2.3721224646879766, 'std': 0.49768193444529224}}"
1,712,12.0,True,9.261836541308119,9.261836541308119,1.5281090567704123,2.2909454309982373,2.2909454309982373,0.37798275169956264,4.042801027029458,"{'bias_segment_0_end': {'mean': 2.2909454309982373, 'abs_mean': 2.2909454309982373, 'std': 0.37798275169956264}}"
1,713,0.0,True,13.41289968208478,13.41289968208478,4.361472179189416,22.35242883176056,22.35242883176056,7.268338599240322,-0.600064529140851,"{'bias_segment_0_end': {'mean': 22.35242883176056, 'abs_mean': 22.35242883176056, 'std': 7.268338599240322}}"
1,714,16.0,True,8.69404037251862,8.69404037251862,3.65243596926482,2.007688116669631,2.007688116669631,0.8434458523529248,4.330373976083677,"{'bias_segment_0_end': {'mean': 2.007688116669631, 'abs_mean': 2.007688116669631, 'std': 0.8434458523529248}}"
1,715,5.0,True,10.805810427511899,10.805810427511899,2.1032066717929445,3.653761497330502,3.653761497330502,0.7111558739509665,2.9574482175168795,"{'bias_segment_0_end': {'mean': 3.653761497330502, 'abs_mean': 3.653761497330502, 'std': 0.7111558739509665}}"
1,716,13.0,True,5.2742079241418205,5.2742079241418205,2.590979154149082,0.7225424454459669,0.7225424454459669,0.3549523342773812,7.299512931571071,"{'bias_segment_0_end': {'mean': 0.7225424454459669, 'abs_mean': 0.7225424454459669, 'std': 0.3549523342773812}}"
1,717,2.0,False,12.623486199333437,12.623486199333437,1.9631538437386271,33.64706687159242,33.64706687159242,5.2326566224618025,0.3751734511512861,"{'bias_segment_0_end': {'mean': 33.64706687159242, 'abs_mean': 33.64706687159242, 'std': 5.2326566224618025}}"
1,718,7.0,False,13.364584829068422,13.364584829068422,2.7742427369283584,40.105057930036075,40.105057930036075,8.325074598239436,-0.3332393847275612,"{'bias_segment_0_end': {'mean': 40.105057930036075, 'abs_mean': 40.105057930036075, 'std': 8.325074598239436}}"
1,719,6.0,False,11.793995120512346,11.793995120512346,2.0142524283477607,8.753830679220885,8.753830679220885,1.4950340849555837,1.3472953216364982,"{'bias_segment_0_end': {'mean': 8.753830679220885, 'abs_mean': 8.753830679220885, 'std': 1.4950340849555837}}"
1,720,4.0,True,11.39626902112562,11.39626902112562,1.5156485488729126,4.236043029031324,4.236043029031324,0.5633731932804441,2.6903100235343125,"{'bias_segment_0_end': {'mean': 4.236043029031324, 'abs_mean': 4.236043029031324, 'std': 0.5633731932804441}}"
1,721,5.0,True,10.34214922009512,10.34214922009512,2.842681542979615,2.5327991090038644,2.5327991090038644,0.6961745693294374,4.083288399514097,"{'bias_segment_0_end': {'mean': 2.5327991090038644, 'abs_mean': 2.5327991090038644, 'std': 0.6961745693294374}}"
1,722,23.0,True,4.9623160673025595,5.763133305027342,4.625124822626852,0.4157818813374471,0.4828806499754678,0.38752934599300054,11.934902144702072,"{'bias_segment_0_end': {'mean': 0.4157818813374471, 'abs_mean': 0.4828806499754678, 'std': 0.38752934599300054}}"
1,723,9.0,True,5.4496613559664455,5.536034230402688,3.040305185192299,0.6549314039929428,0.6653115550200341,0.3653789131915514,8.32096510068277,"{'bias_segment_0_end': {'mean': 0.6549314039929428, 'abs_mean': 0.6653115550200341, 'std': 0.3653789131915514}}"
1,724,23.0,True,5.087028266647809,6.168287412587406,5.708575266234859,0.45794686740158996,0.5552844902292003,0.5139000657099045,11.108337295791157,"{'bias_segment_0_end': {'mean': 0.45794686740158996, 'abs_mean': 0.5552844902292003, 'std': 0.5139000657099045}}"
1,725,8.0,True,14.086230811718297,14.086230811718297,2.674310256552654,7.962312284347184,7.962312284347184,1.511667222589502,1.7691130803058175,"{'bias_segment_0_end': {'mean': 7.962312284347184, 'abs_mean': 7.962312284347184, 'std': 1.511667222589502}}"
1,726,0.0,False,12.243134808196263,12.243134808196263,2.1794029779175403,138.3481861487543,138.3481861487543,24.627389439527597,-0.08849508727951255,"{'bias_segment_0_end': {'mean': 138.3481861487543, 'abs_mean': 138.3481861487543, 'std': 24.627389439527597}}"
1,727,15.0,False,6.973568565973455,6.973568565973455,3.4247389647585362,1.159055977902156,1.159055977902156,0.5692156221459217,6.016593416476164,"{'bias_segment_0_end': {'mean': 1.159055977902156, 'abs_mean': 1.159055977902156, 'std': 0.5692156221459217}}"
1,728,5.0,False,12.599924123127076,12.599924123127076,1.597484756950514,61.607925488262,61.607925488262,7.810977345029922,0.20451790939670103,"{'bias_segment_0_end': {'mean': 61.607925488262, 'abs_mean': 61.607925488262, 'std': 7.810977345029922}}"
1,729,11.0,False,9.980679862143385,9.980679862143385,2.011631422103366,3.6037409595257968,3.6037409595257968,0.7263431601287926,2.769533097477879,"{'bias_segment_0_end': {'mean': 3.6037409595257968, 'abs_mean': 3.6037409595257968, 'std': 0.7263431601287926}}"
1,730,5.0,False,14.280731474457326,14.280731474457326,2.909899250900818,5.264182088512971,5.264182088512971,1.0726509033075633,-2.712811075745169,"{'bias_segment_0_end': {'mean': 5.264182088512971, 'abs_mean': 5.264182088512971, 'std': 1.0726509033075633}}"
1,731,-35.0,False,31.025795142447006,31.025795142447006,8.942722591403076,1.6068452279898768,1.6068452279898768,0.4631491652432786,-19.308514972073258,"{'bias_segment_0_end': {'mean': 1.6068452279898768, 'abs_mean': 1.6068452279898768, 'std': 0.4631491652432786}}"
1,732,21.0,False,4.859028063472342,6.077199249395723,5.570202098398861,0.6261123351602247,0.7830803534305989,0.7177509982625243,7.760633021594915,"{'bias_segment_0_end': {'mean': 0.6261123351602247, 'abs_mean': 0.7830803534305989, 'std': 0.7177509982625243}}"
1,733,4.0,True,11.170829092920592,11.170829092920592,3.142077841814108,5.580154415508814,5.580154415508814,1.5695593762134408,2.001885299423565,"{'bias_segment_0_end': {'mean': 5.580154415508814, 'abs_mean': 5.580154415508814, 'std': 1.5695593762134408}}"
1,734,21.0,True,3.5257601520059083,4.253258637259952,4.781301782611027,0.3769100350825326,0.454680917893035,0.5111296698951057,9.354381215225187,"{'bias_segment_0_end': {'mean': 0.3769100350825326, 'abs_mean': 0.454680917893035, 'std': 0.5111296698951057}}"
1,735,4.0,False,13.745869305433876,13.745869305433876,2.248735391830168,17.48749324066419,17.48749324066419,2.8608408890609005,-0.7860400067786846,"{'bias_segment_0_end': {'mean': 17.48749324066419, 'abs_mean': 17.48749324066419, 'std': 2.8608408890609005}}"
1,736,-1.0,False,14.29719004502186,14.29719004502186,3.2255785755307205,29.553173212643916,29.553173212643916,6.667469765280498,-0.48377850805222533,"{'bias_segment_0_end': {'mean': 29.553173212643916, 'abs_mean': 29.553173212643916, 'std': 6.667469765280498}}"
1,737,12.0,True,10.422424168689414,10.422424168689414,2.3332145725582216,3.1361368113925323,3.1361368113925323,0.7020708418162046,3.3233321106490776,"{'bias_segment_0_end': {'mean': 3.1361368113925323, 'abs_mean': 3.1361368113925323, 'std': 0.7020708418162046}}"
1,738,4.0,True,9.047278221787264,9.048034470092828,4.424871922891993,1.1886972006507763,1.1887965620522705,0.5813718489736978,7.611087345737963,"{'bias_segment_0_end': {'mean': 1.1886972006507763, 'abs_mean': 1.1887965620522705, 'std': 0.5813718489736978}}"
1,739,3.0,False,14.98060926218886,14.98060926218886,2.84361970543166,6.762046015245139,6.762046015245139,1.2835717801224564,-2.215395936143416,"{'bias_segment_0_end': {'mean': 6.762046015245139, 'abs_mean': 6.762046015245139, 'std': 1.2835717801224564}}"
1,740,-15.0,True,20.379386802399296,20.379386802399296,5.360605586371062,2.9287069113953903,2.9287069113953903,0.7703687447662226,-6.958493088913934,"{'bias_segment_0_end': {'mean': 2.9287069113953903, 'abs_mean': 2.9287069113953903, 'std': 0.7703687447662226}}"
1,741,2.0,False,13.983267871185383,13.983267871185383,5.074650890258642,40.49512355472277,40.49512355472277,14.696036483829952,-0.3453074504708994,"{'bias_segment_0_end': {'mean': 40.49512355472277, 'abs_mean': 40.49512355472277, 'std': 14.696036483829952}}"
1,742,6.0,False,11.168568311621097,11.168568311621097,3.1524983686311323,7.79187629548824,7.79187629548824,2.1993756607588733,1.4333605781303376,"{'bias_segment_0_end': {'mean': 7.79187629548824, 'abs_mean': 7.79187629548824, 'std': 2.1993756607588733}}"
1,743,25.0,False,-0.9959460522332368,3.686412830368476,4.146323127968483,-0.07666492314123861,0.28376894077078973,0.31917144830451255,12.990896115534092,"{'bias_segment_0_end': {'mean': -0.07666492314123861, 'abs_mean': 0.28376894077078973, 'std': 0.31917144830451255}}"
1,744,13.0,True,9.036657334736166,9.036657334736166,2.769195686203266,1.9620436081481294,1.9620436081481294,0.6012491670942751,4.605737251306761,"{'bias_segment_0_end': {'mean': 1.9620436081481294, 'abs_mean': 1.9620436081481294, 'std': 0.6012491670942751}}"
1,745,5.0,False,11.160233802242018,11.160233802242018,1.74201866232599,5.384703036797511,5.384703036797511,0.8405068699636264,2.0725811109686436,"{'bias_segment_0_end': {'mean': 5.384703036797511, 'abs_mean': 5.384703036797511, 'std': 0.8405068699636264}}"
1,746,8.0,False,12.56011424873766,12.56011424873766,3.4584733810388646,32.306733599877816,32.306733599877816,8.895777217529753,0.38877697771294223,"{'bias_segment_0_end': {'mean': 32.306733599877816, 'abs_mean': 32.306733599877816, 'std': 8.895777217529753}}"
1,747,-11.0,False,17.825959508329856,17.825959508329856,5.089407169340704,4.137722176526417,4.137722176526417,1.1813419019668006,-4.308157664489355,"{'bias_segment_0_end': {'mean': 4.137722176526417, 'abs_mean': 4.137722176526417, 'std': 1.1813419019668006}}"
1,748,10.0,True,9.212533209503466,9.212533209503466,1.6665469478508508,2.2927691051303727,2.2927691051303727,0.414761854029473,4.018081536814679,"{'bias_segment_0_end': {'mean': 2.2927691051303727, 'abs_mean': 2.2927691051303727, 'std': 0.414761854029473}}"
1,749,-3.0,False,15.818685019768294,15.818685019768294,3.1078318476991846,10.337067993946034,10.337067993946034,2.030881143614046,-1.5302874111917038,"{'bias_segment_0_end': {'mean': 10.337067993946034, 'abs_mean': 10.337067993946034, 'std': 2.030881143614046}}"
1,750,16.0,True,6.860802882414536,6.860802882414536,3.0944029868145213,1.1028896656750138,1.1028896656750138,0.4974323171912152,6.22075180858227,"{'bias_segment_0_end': {'mean': 1.1028896656750138, 'abs_mean': 1.1028896656750138, 'std': 0.4974323171912152}}"
1,751,1.0,False,15.37747374000195,15.37747374000195,2.9832063488112577,4.599685205848771,4.599685205848771,0.8923318836777627,-3.343157857943971,"{'bias_segment_0_end': {'mean': 4.599685205848771, 'abs_mean': 4.599685205848771, 'std': 0.8923318836777627}}"
1,752,-15.0,False,22.106437863230102,22.106437863230102,6.434464230775676,2.5256905985792244,2.5256905985792244,0.735146291551371,-8.75263101334171,"{'bias_segment_0_end': {'mean': 2.5256905985792244, 'abs_mean': 2.5256905985792244, 'std': 0.735146291551371}}"
1,753,5.0,False,11.55434097211639,11.55434097211639,1.9620732486128056,6.741224242515417,6.741224242515417,1.1447451465262493,1.7139825877984753,"{'bias_segment_0_end': {'mean': 6.741224242515417, 'abs_mean': 6.741224242515417, 'std': 1.1447451465262493}}"
1,754,-11.0,False,19.337914848653607,19.337914848653607,4.204332752125885,3.0489218751450475,3.0489218751450475,0.6628781954347001,-6.342541934674412,"{'bias_segment_0_end': {'mean': 3.0489218751450475, 'abs_mean': 3.0489218751450475, 'std': 0.6628781954347001}}"
1,755,4.0,False,10.818743319803415,10.818743319803415,1.3630606826792722,6.115780543733271,6.115780543733271,0.7705312675085407,1.7689881516250912,"{'bias_segment_0_end': {'mean': 6.115780543733271, 'abs_mean': 6.115780543733271, 'std': 0.7705312675085407}}"
1,756,8.0,False,9.995094299459218,9.995094299459218,3.782324681261279,3.453820688367396,3.453820688367396,1.306988292743733,2.8939239182633565,"{'bias_segment_0_end': {'mean': 3.453820688367396, 'abs_mean': 3.453820688367396, 'std': 1.306988292743733}}"
1,757,4.0,True,15.112338379577196,15.112338379577196,3.1264228773412786,5.056011421090204,5.056011421090204,1.0459817255254877,-2.9889842251025986,"{'bias_segment_0_end': {'mean': 5.056011421090204, 'abs_mean': 5.056011421090204, 'std': 1.0459817255254877}}"
1,758,7.0,True,11.324461558456058,11.324461558456058,2.4310975335569505,5.961917434167964,5.961917434167964,1.2798844955814384,1.8994663518074169,"{'bias_segment_0_end': {'mean': 5.961917434167964, 'abs_mean': 5.961917434167964, 'std': 1.2798844955814384}}"
1,759,-7.0,False,17.852300180336027,17.852300180336027,2.5183876487977424,3.440989344699194,3.440989344699194,0.4854133628606719,-5.188130038193026,"{'bias_segment_0_end': {'mean': 3.440989344699194, 'abs_mean': 3.440989344699194, 'std': 0.4854133628606719}}"
1,760,-18.0,False,27.174677464431614,27.174677464431614,6.3497284606566105,1.80245655465472,1.80245655465472,0.42116818862591493,-15.076467387940573,"{'bias_segment_0_end': {'mean': 1.80245655465472, 'abs_mean': 1.80245655465472, 'std': 0.42116818862591493}}"
1,761,3.0,False,13.179982872647487,13.179982872647487,2.7347775757298898,36.626918007487205,36.626918007487205,7.599894097195643,0.359844168978489,"{'bias_segment_0_end': {'mean': 36.626918007487205, 'abs_mean': 36.626918007487205, 'std': 7.599894097195643}}"
1,762,5.0,True,8.851606911355887,8.851606911355887,1.8118600277279875,2.239325616628602,2.239325616628602,0.4583737861914599,3.9528002741657327,"{'bias_segment_0_end': {'mean': 2.239325616628602, 'abs_mean': 2.239325616628602, 'std': 0.4583737861914599}}"
1,763,0.0,True,12.715060148651144,12.715060148651144,5.043935720503549,4.828656779618157,4.828656779618157,1.915479292117337,2.6332499344997204,"{'bias_segment_0_end': {'mean': 4.828656779618157, 'abs_mean': 4.828656779618157, 'std': 1.915479292117337}}"
1,764,3.0,False,15.204281098774533,15.204281098774533,3.128090585560375,8.418083422319755,8.418083422319755,1.7319153290281306,-1.8061452157223596,"{'bias_segment_0_end': {'mean': 8.418083422319755, 'abs_mean': 8.418083422319755, 'std': 1.7319153290281306}}"
1,765,-6.0,False,23.333169157950707,23.333169157950707,6.094811559758206,2.178182814998853,2.178182814998853,0.5689588803927245,-10.71221799992164,"{'bias_segment_0_end': {'mean': 2.178182814998853, 'abs_mean': 2.178182814998853, 'std': 0.5689588803927245}}"
1,766,-4.0,True,18.846935604804145,18.846935604804145,3.162943109027428,2.799795622602349,2.799795622602349,0.4698691849373081,-6.731539778352226,"{'bias_segment_0_end': {'mean': 2.799795622602349, 'abs_mean': 2.799795622602349, 'std': 0.4698691849373081}}"
1,767,10.0,True,14.416431807507593,14.416431807507593,3.338624890642299,10.137043375440543,10.137043375440543,2.3475840473328304,-1.422153509023638,"{'bias_segment_0_end': {'mean': 10.137043375440543, 'abs_mean': 10.137043375440543, 'std': 2.3475840473328304}}"
1,768,0.0,True,9.262091744692276,9.262091744692276,5.502263067019965,1.6980425944842366,1.6980425944842366,1.0087437386065095,5.454569735045748,"{'bias_segment_0_end': {'mean': 1.6980425944842366, 'abs_mean': 1.6980425944842366, 'std': 1.0087437386065095}}"
1,769,9.0,False,11.325948869905528,11.325948869905528,2.118923190864867,6.315195810923654,6.315195810923654,1.181482894927673,1.793443815362711,"{'bias_segment_0_end': {'mean': 6.315195810923654, 'abs_mean': 6.315195810923654, 'std': 1.181482894927673}}"
1,770,-1.0,False,14.626268733006631,14.626268733006631,1.7779502357826718,5.886053025717017,5.886053025717017,0.7155009630916054,-2.4849026451345826,"{'bias_segment_0_end': {'mean': 5.886053025717017, 'abs_mean': 5.886053025717017, 'std': 0.7155009630916054}}"
1,771,0.0,True,12.964007058484967,12.964007058484967,3.5031521453908234,9.710248861873382,9.710248861873382,2.623917048123381,1.3350849440519736,"{'bias_segment_0_end': {'mean': 9.710248861873382, 'abs_mean': 9.710248861873382, 'std': 2.623917048123381}}"
1,772,12.0,False,17.490762374018985,17.490762374018985,5.453585256313063,5.611195059652427,5.611195059652427,1.7495595671159831,-3.117118935997639,"{'bias_segment_0_end': {'mean': 5.611195059652427, 'abs_mean': 5.611195059652427, 'std': 1.7495595671159831}}"
1,773,12.0,True,8.882458915674036,8.882458915674036,2.0289108892983427,1.6285100904268628,1.6285100904268628,0.3719805390789768,5.454346870731256,"{'bias_segment_0_end': {'mean': 1.6285100904268628, 'abs_mean': 1.6285100904268628, 'std': 0.3719805390789768}}"
1,774,5.0,True,10.469465288953653,10.469465288953653,1.8479758022765203,3.8604254196602077,3.8604254196602077,0.6814075566545225,2.711997811338412,"{'bias_segment_0_end': {'mean': 3.8604254196602077, 'abs_mean': 3.8604254196602077, 'std': 0.6814075566545225}}"
1,775,-2.0,False,11.159747841480332,11.159747841480332,3.652845834356024,3.657418379042245,3.657418379042245,1.1971583659554657,3.0512636742430033,"{'bias_segment_0_end': {'mean': 3.657418379042245, 'abs_mean': 3.657418379042245, 'std': 1.1971583659554657}}"
1,776,-2.0,False,13.486122601584682,13.486122601584682,2.4639610218025525,439.6230031451161,439.6230031451161,80.3206359632282,-0.03067656265732987,"{'bias_segment_0_end': {'mean': 439.6230031451161, 'abs_mean': 439.6230031451161, 'std': 80.3206359632282}}"
1,777,10.0,False,9.108845016389624,9.108845016389624,2.079806759452671,3.031410504242787,3.031410504242787,0.6921566945156922,3.004820694406386,"{'bias_segment_0_end': {'mean': 3.031410504242787, 'abs_mean': 3.031410504242787, 'std': 0.6921566945156922}}"
1,778,-3.0,True,18.677416170182045,18.677416170182045,2.382582612578666,5.216908953591374,5.216908953591374,0.6654944372914094,-3.5801690879278847,"{'bias_segment_0_end': {'mean': 5.216908953591374, 'abs_mean': 5.216908953591374, 'std': 0.6654944372914094}}"
1,779,-13.0,True,24.44128598431138,24.44128598431138,5.787173418401931,2.0793295231037825,2.0793295231037825,0.4923407283859254,-11.754407232110212,"{'bias_segment_0_end': {'mean': 2.0793295231037825, 'abs_mean': 2.0793295231037825, 'std': 0.4923407283859254}}"
1,780,4.0,False,9.730106181121553,9.730106181121553,3.3494349449698944,3.254180335985949,3.254180335985949,1.1202000401324343,2.990032873569538,"{'bias_segment_0_end': {'mean': 3.254180335985949, 'abs_mean': 3.254180335985949, 'std': 1.1202000401324343}}"
1,781,21.0,True,9.024592883623257,9.024592883623257,4.666566833975772,1.1888375052860072,1.1888375052860072,0.6147412680766619,7.59110714752572,"{'bias_segment_0_end': {'mean': 1.1888375052860072, 'abs_mean': 1.1888375052860072, 'std': 0.6147412680766619}}"
1,782,19.0,False,2.976646440067447,5.484236662503554,5.994486944852099,0.2560892532507218,0.47182428273844396,0.515722547583982,11.623472684943907,"{'bias_segment_0_end': {'mean': 0.2560892532507218, 'abs_mean': 0.47182428273844396, 'std': 0.515722547583982}}"
1,783,12.0,True,5.512485889566309,5.677268078984474,4.0595662011762705,0.7102015056113686,0.731431230524447,0.5230144958123855,7.76186173362298,"{'bias_segment_0_end': {'mean': 0.7102015056113686, 'abs_mean': 0.731431230524447, 'std': 0.5230144958123855}}"
1,784,-12.0,False,20.320266842306335,20.320266842306335,5.237036393006274,2.2937270533244583,2.2937270533244583,0.5911503105300681,-8.859060546395332,"{'bias_segment_0_end': {'mean': 2.2937270533244583, 'abs_mean': 2.2937270533244583, 'std': 0.5911503105300681}}"
1,785,5.0,True,10.34991394098669,10.34991394098669,3.309435506425082,3.680028743133234,3.680028743133234,1.1767071549223862,2.8124546473445786,"{'bias_segment_0_end': {'mean': 3.680028743133234, 'abs_mean': 3.680028743133234, 'std': 1.1767071549223862}}"
1,786,7.0,True,11.263409900387996,11.263409900387996,2.3741123044187322,4.6401539353987555,4.6401539353987555,0.9780560815821598,2.4273785001962582,"{'bias_segment_0_end': {'mean': 4.6401539353987555, 'abs_mean': 4.6401539353987555, 'std': 0.9780560815821598}}"
1,787,11.0,False,10.858819194239004,10.858819194239004,3.0854408064473313,5.503744430432936,5.503744430432936,1.5638420117469398,1.9729875417534288,"{'bias_segment_0_end': {'mean': 5.503744430432936, 'abs_mean': 5.503744430432936, 'std': 1.5638420117469398}}"
1,788,7.0,True,10.90837526052915,10.90837526052915,3.2307427866989116,2.487799220130442,2.487799220130442,0.7368136127727712,4.384749047375775,"{'bias_segment_0_end': {'mean': 2.487799220130442, 'abs_mean': 2.487799220130442, 'std': 0.7368136127727712}}"
1,789,21.0,True,4.437971489746653,5.030990493141722,4.029624256404031,0.5182851123181899,0.587540383897003,0.47059659241968,8.562799479028943,"{'bias_segment_0_end': {'mean': 0.5182851123181899, 'abs_mean': 0.587540383897003, 'std': 0.47059659241968}}"
1,790,-1.0,False,16.074327075819607,16.074327075819607,2.584399865746158,4.531540853301731,4.531540853301731,0.7285725565777118,-3.5472100100582065,"{'bias_segment_0_end': {'mean': 4.531540853301731, 'abs_mean': 4.531540853301731, 'std': 0.7285725565777118}}"
1,791,17.0,False,9.19197523848296,9.19197523848296,4.629340688139836,1.911660272154392,1.911660272154392,0.9627665926181664,4.808372791115151,"{'bias_segment_0_end': {'mean': 1.911660272154392, 'abs_mean': 1.911660272154392, 'std': 0.9627665926181664}}"
1,792,3.0,True,11.506685532795911,11.506685532795911,2.003074798972278,2.798239130599769,2.798239130599769,0.4871152746833226,4.112116583234826,"{'bias_segment_0_end': {'mean': 2.798239130599769, 'abs_mean': 2.798239130599769, 'std': 0.4871152746833226}}"
1,793,9.0,False,11.553304743194966,11.553304743194966,2.4462710378331844,5.388309248373923,5.388309248373923,1.1409086101489485,2.1441428490173435,"{'bias_segment_0_end': {'mean': 5.388309248373923, 'abs_mean': 5.388309248373923, 'std': 1.1409086101489485}}"
1,794,0.0,True,11.001038496614859,11.001038496614859,3.5987855162066964,4.307362762951045,4.307362762951045,1.4090737641838262,2.5540078934698003,"{'bias_segment_0_end': {'mean': 4.307362762951045, 'abs_mean': 4.307362762951045, 'std': 1.4090737641838262}}"
1,795,12.0,True,7.999066955204333,7.999066955204333,2.356762095055599,1.3448263608050395,1.3448263608050395,0.3962256859863876,5.948029565999835,"{'bias_segment_0_end': {'mean': 1.3448263608050395, 'abs_mean': 1.3448263608050395, 'std': 0.3962256859863876}}"
1,796,-2.0,True,11.670528523500563,11.670528523500563,2.915282810327039,12.695962255479236,12.695962255479236,3.1714348197195195,0.9192315075183748,"{'bias_segment_0_end': {'mean': 12.695962255479236, 'abs_mean': 12.695962255479236, 'std': 3.1714348197195195}}"
1,797,25.0,True,13.544346140343114,14.831169343046042,10.675438924369686,0.8031529727841533,0.8794590469194012,0.6330324416580493,16.863968134726864,"{'bias_segment_0_end': {'mean': 0.8031529727841533, 'abs_mean': 0.8794590469194012, 'std': 0.6330324416580493}}"
1,798,12.0,True,7.206247587098895,7.206247587098895,2.030685206630518,0.9944842210887189,0.9944842210887189,0.28024077324344926,7.24621611312224,"{'bias_segment_0_end': {'mean': 0.9944842210887189, 'abs_mean': 0.9944842210887189, 'std': 0.28024077324344926}}"
1,799,7.0,True,14.311617384219609,14.311617384219609,3.4327502826541583,30.637523374965536,30.637523374965536,7.348643008106182,0.46712709800537877,"{'bias_segment_0_end': {'mean': 30.637523374965536, 'abs_mean': 30.637523374965536, 'std': 7.348643008106182}}"
1,800,20.0,True,1.9900225394088078,3.4985785914377634,3.9052473670656673,0.16713892443928394,0.29384022103233504,0.3279957044077549,11.90639790273221,"{'bias_segment_0_end': {'mean': 0.16713892443928394, 'abs_mean': 0.29384022103233504, 'std': 0.3279957044077549}}"
1,801,13.0,False,11.103791708051801,11.103791708051801,3.7501938846103,5.45736371112355,5.45736371112355,1.8431696625494942,2.0346438859149774,"{'bias_segment_0_end': {'mean': 5.45736371112355, 'abs_mean': 5.45736371112355, 'std': 1.8431696625494942}}"
1,802,15.0,False,7.3736377977329415,7.3736377977329415,2.377888889871412,1.250419400784937,1.250419400784937,0.40324172170761396,5.896931695960749,"{'bias_segment_0_end': {'mean': 1.250419400784937, 'abs_mean': 1.250419400784937, 'std': 0.40324172170761396}}"
1,803,9.0,False,12.872276547439157,12.872276547439157,2.8090895689913093,21.739916617237725,21.739916617237725,4.744255825701059,0.5921033081255077,"{'bias_segment_0_end': {'mean': 21.739916617237725, 'abs_mean': 21.739916617237725, 'std': 4.744255825701059}}"
1,804,10.0,True,6.970430173468481,7.1989661639162135,5.0627647041729285,0.8279801209162082,0.8551266889608691,0.6013787424321245,8.418596047638554,"{'bias_segment_0_end': {'mean': 0.8279801209162082, 'abs_mean': 0.8551266889608691, 'std': 0.6013787424321245}}"
1,805,1.0,False,14.67582204435271,14.67582204435271,2.022848137668186,7.49878059197202,7.49878059197202,1.0335975940162045,-1.9570944721418073,"{'bias_segment_0_end': {'mean': 7.49878059197202, 'abs_mean': 7.49878059197202, 'std': 1.0335975940162045}}"
1,806,21.0,True,7.31476200235635,7.5698219189856255,4.599538154787852,1.1078731331554077,1.1465037856479163,0.6966330203185217,6.602526754595704,"{'bias_segment_0_end': {'mean': 1.1078731331554077, 'abs_mean': 1.1465037856479163, 'std': 0.6966330203185217}}"
1,807,9.0,True,12.275387428185207,12.275387428185207,2.84687549237884,4.5755462958468875,4.5755462958468875,1.0611486350306625,2.6828244398548162,"{'bias_segment_0_end': {'mean': 4.5755462958468875, 'abs_mean': 4.5755462958468875, 'std': 1.0611486350306625}}"
1,808,8.0,True,10.936280615037987,10.936280615037987,1.9496559392711383,3.256507690315988,3.256507690315988,0.5805510834256009,3.3582849036591136,"{'bias_segment_0_end': {'mean': 3.256507690315988, 'abs_mean': 3.256507690315988, 'std': 0.5805510834256009}}"
1,809,5.0,False,15.265875845013289,15.265875845013289,2.8497173977573675,9.052605879121865,9.052605879121865,1.6898714971012365,-1.6863515377623102,"{'bias_segment_0_end': {'mean': 9.052605879121865, 'abs_mean': 9.052605879121865, 'std': 1.6898714971012365}}"
1,810,-16.0,True,23.847851456966634,23.847851456966634,6.513043787327774,2.0898043186308937,2.0898043186308937,0.5707426959929983,-11.41152367442241,"{'bias_segment_0_end': {'mean': 2.0898043186308937, 'abs_mean': 2.0898043186308937, 'std': 0.5707426959929983}}"
1,811,4.0,True,11.219843207417561,11.219843207417561,2.8699747452271214,3.693678797335782,3.693678797335782,0.9448229061103367,3.037579557678468,"{'bias_segment_0_end': {'mean': 3.693678797335782, 'abs_mean': 3.693678797335782, 'std': 0.9448229061103367}}"
1,812,-2.0,False,12.899218967285845,12.899218967285845,2.9777429352493137,17.99889514932151,17.99889514932151,4.154986670829618,-0.7166672654222389,"{'bias_segment_0_end': {'mean': 17.99889514932151, 'abs_mean': 17.99889514932151, 'std': 4.154986670829618}}"
1,813,8.0,True,8.490817429134568,8.490817429134568,1.9281897471664364,1.206149658311576,1.206149658311576,0.2739059488812644,7.03960521865952,"{'bias_segment_0_end': {'mean': 1.206149658311576, 'abs_mean': 1.206149658311576, 'std': 0.2739059488812644}}"
1,814,0.0,False,15.576614192220452,15.576614192220452,3.0262768358379932,6.069783091270637,6.069783091270637,1.1792578118065962,-2.5662554918349922,"{'bias_segment_0_end': {'mean': 6.069783091270637, 'abs_mean': 6.069783091270637, 'std': 1.1792578118065962}}"
1,815,18.0,True,5.551982896860685,5.551982896860685,3.777506486441298,0.5437747258618398,0.5437747258618398,0.36997818477924654,10.210078977211072,"{'bias_segment_0_end': {'mean': 0.5437747258618398, 'abs_mean': 0.5437747258618398, 'std': 0.36997818477924654}}"
1,816,3.0,False,15.30649401857278,15.30649401857278,2.2970752283082994,6.423895856442467,6.423895856442467,0.9640465036056788,-2.3827431765136775,"{'bias_segment_0_end': {'mean': 6.423895856442467, 'abs_mean': 6.423895856442467, 'std': 0.9640465036056788}}"
1,817,14.0,True,3.7603047511433854,3.8838280287246056,2.4115081025861844,0.39968118891838006,0.412810425432454,0.25631816815774916,9.408260522141527,"{'bias_segment_0_end': {'mean': 0.39968118891838006, 'abs_mean': 0.412810425432454, 'std': 0.25631816815774916}}"
1,818,20.0,True,6.276712357366892,6.78392654773333,5.445089310395683,0.7068439471844918,0.7639632255541319,0.6131917796766406,8.879912436639456,"{'bias_segment_0_end': {'mean': 0.7068439471844918, 'abs_mean': 0.7639632255541319, 'std': 0.6131917796766406}}"
1,819,0.0,True,11.99610876309199,11.99610876309199,3.8571494266669477,5.162522688678099,5.162522688678099,1.6599233819931933,2.3236912429267558,"{'bias_segment_0_end': {'mean': 5.162522688678099, 'abs_mean': 5.162522688678099, 'std': 1.6599233819931933}}"
1,820,19.0,True,7.368955013160988,7.368955013160988,4.158424981598279,0.9110579633662097,0.9110579633662097,0.514125298333305,8.088349270263672,"{'bias_segment_0_end': {'mean': 0.9110579633662097, 'abs_mean': 0.9110579633662097, 'std': 0.514125298333305}}"
1,821,1.0,False,11.685868019072482,11.685868019072482,2.1844351785849354,27.53820790769905,27.53820790769905,5.147707471159532,0.4243510710007162,"{'bias_segment_0_end': {'mean': 27.53820790769905, 'abs_mean': 27.53820790769905, 'std': 5.147707471159532}}"
1,822,1.0,True,18.318248201705103,18.318248201705103,4.030563873484505,3.071321006953789,3.071321006953789,0.6757827144928472,-5.964289685197572,"{'bias_segment_0_end': {'mean': 3.071321006953789, 'abs_mean': 3.071321006953789, 'std': 0.6757827144928472}}"
1,823,-8.0,False,16.20823057933514,16.20823057933514,5.028627896729387,5.015210858454347,5.015210858454347,1.5559767062394652,-3.2318143816450426,"{'bias_segment_0_end': {'mean': 5.015210858454347, 'abs_mean': 5.015210858454347, 'std': 1.5559767062394652}}"
1,824,-3.0,False,18.409569046065453,18.409569046065453,3.9649512974848244,3.191278612328974,3.191278612328974,0.6873199607729886,-5.768712570235375,"{'bias_segment_0_end': {'mean': 3.191278612328974, 'abs_mean': 3.191278612328974, 'std': 0.6873199607729886}}"
1,825,-5.0,False,15.599416195179643,15.599416195179643,2.6367907613708423,5.13859420174904,5.13859420174904,0.8685836410847562,-3.0357361532595855,"{'bias_segment_0_end': {'mean': 5.13859420174904, 'abs_mean': 5.13859420174904, 'std': 0.8685836410847562}}"
1,826,4.0,True,18.631616683036867,18.631616683036867,3.5407945491826416,4.494729977044114,4.494729977044114,0.8541886446845663,-4.14521378997046,"{'bias_segment_0_end': {'mean': 4.494729977044114, 'abs_mean': 4.494729977044114, 'std': 0.8541886446845663}}"
1,827,18.0,True,4.533122362225864,4.551065203813842,3.00781998740822,0.45833000647418376,0.46014415179038143,0.30411139257778125,9.890520581661285,"{'bias_segment_0_end': {'mean': 0.45833000647418376, 'abs_mean': 0.46014415179038143, 'std': 0.30411139257778125}}"
1,828,-3.0,False,15.373732692884166,15.373732692884166,2.3252343121371943,6.444260790808901,6.444260790808901,0.9746765217327387,-2.3856471970859534,"{'bias_segment_0_end': {'mean': 6.444260790808901, 'abs_mean': 6.444260790808901, 'std': 0.9746765217327387}}"
1,829,2.0,False,15.030438785865778,15.030438785865778,2.2737655695537087,9.779075716166265,9.779075716166265,1.4793530636236067,-1.53699993967919,"{'bias_segment_0_end': {'mean': 9.779075716166265, 'abs_mean': 9.779075716166265, 'std': 1.4793530636236067}}"
1,830,18.0,True,5.212739093936637,5.330042453360668,3.876305388148387,0.6878473702015752,0.7033261436144789,0.511498162345678,7.578336880766197,"{'bias_segment_0_end': {'mean': 0.6878473702015752, 'abs_mean': 0.7033261436144789, 'std': 0.511498162345678}}"
1,831,14.0,True,5.550142283793256,5.550142283793256,1.936085399009696,0.6314422741112597,0.6314422741112597,0.22026933810222074,8.789627352088441,"{'bias_segment_0_end': {'mean': 0.6314422741112597, 'abs_mean': 0.6314422741112597, 'std': 0.22026933810222074}}"
1,832,35.0,True,-1.119340667440277,6.193798318658671,6.830529188179102,-0.07350545900803394,0.4067376462407376,0.4485508280450887,15.22799371020778,"{'bias_segment_0_end': {'mean': -0.07350545900803394, 'abs_mean': 0.4067376462407376, 'std': 0.4485508280450887}}"
1,833,10.0,False,11.857066151187645,11.857066151187645,3.1043141442828803,16.05674115982945,16.05674115982945,4.203836603252397,0.7384478601954114,"{'bias_segment_0_end': {'mean': 16.05674115982945, 'abs_mean': 16.05674115982945, 'std': 4.203836603252397}}"
1,834,18.0,True,6.956964118429353,6.956964118429353,3.7134896035307494,1.050602022228887,1.050602022228887,0.5607905431997768,6.621883426104513,"{'bias_segment_0_end': {'mean': 1.050602022228887, 'abs_mean': 1.050602022228887, 'std': 0.5607905431997768}}"
1,835,-12.0,False,19.29794391426982,19.29794391426982,4.375158109054138,2.7740052078798496,2.7740052078798496,0.6289121490730145,-6.956707889174831,"{'bias_segment_0_end': {'mean': 2.7740052078798496, 'abs_mean': 2.7740052078798496, 'std': 0.6289121490730145}}"
1,836,7.0,True,7.536674844368768,7.536674844368768,2.642935294616339,1.0318895623733402,1.0318895623733402,0.361859493856289,7.303761099234747,"{'bias_segment_0_end': {'mean': 1.0318895623733402, 'abs_mean': 1.0318895623733402, 'std': 0.361859493856289}}"
1,837,3.0,False,16.627081190382768,16.627081190382768,2.4007583176722194,4.767010516071818,4.767010516071818,0.6883012126932962,-3.487947243733806,"{'bias_segment_0_end': {'mean': 4.767010516071818, 'abs_mean': 4.767010516071818, 'std': 0.6883012126932962}}"
1,838,3.0,False,14.291416676083879,14.291416676083879,1.2875026414450277,10.991304464860216,10.991304464860216,0.9901980924757269,-1.3002475476659117,"{'bias_segment_0_end': {'mean': 10.991304464860216, 'abs_mean': 10.991304464860216, 'std': 0.9901980924757269}}"
1,839,18.0,True,14.124104986770206,14.124104986770206,8.256788120467045,2.5629124822043563,2.5629124822043563,1.498248940848511,5.510958756821102,"{'bias_segment_0_end': {'mean': 2.5629124822043563, 'abs_mean': 2.5629124822043563, 'std': 1.498248940848511}}"
1,840,10.0,True,10.036693034926438,10.036693034926438,2.5275533467860214,3.6127284927926606,3.6127284927926606,0.9097980740480259,2.778147611964057,"{'bias_segment_0_end': {'mean': 3.6127284927926606, 'abs_mean': 3.6127284927926606, 'std': 0.9097980740480259}}"
1,841,5.0,False,14.009785485846992,14.009785485846992,2.55766099582764,14.123242304061652,14.123242304061652,2.5783739524215505,-0.9919666592293731,"{'bias_segment_0_end': {'mean': 14.123242304061652, 'abs_mean': 14.123242304061652, 'std': 2.5783739524215505}}"
1,842,-3.0,False,19.06446128657,19.06446128657,4.149448645057332,2.576053760457856,2.576053760457856,0.5606873766455035,-7.400645739311579,"{'bias_segment_0_end': {'mean': 2.576053760457856, 'abs_mean': 2.576053760457856, 'std': 0.5606873766455035}}"
1,843,-5.0,False,16.859602154145353,16.859602154145353,3.1698382453896397,4.400935871975263,4.400935871975263,0.8274367754914298,-3.83091293411151,"{'bias_segment_0_end': {'mean': 4.400935871975263, 'abs_mean': 4.400935871975263, 'std': 0.8274367754914298}}"
1,844,16.0,True,11.775980948251503,11.775980948251503,4.159084229758125,2.2979799527937685,2.2979799527937685,0.8116090051405848,5.124492463015118,"{'bias_segment_0_end': {'mean': 2.2979799527937685, 'abs_mean': 2.2979799527937685, 'std': 0.8116090051405848}}"
1,845,6.0,True,10.569003379453315,10.569003379453315,2.1957764374939823,2.8715125221381532,2.8715125221381532,0.596574654175767,3.6806398363130053,"{'bias_segment_0_end': {'mean': 2.8715125221381532, 'abs_mean': 2.8715125221381532, 'std': 0.596574654175767}}"
1,846,14.0,True,6.0584056686001615,6.0584056686001615,2.8329235079796207,0.8334984164921369,0.8334984164921369,0.3897456504410581,7.26864688489461,"{'bias_segment_0_end': {'mean': 0.8334984164921369, 'abs_mean': 0.8334984164921369, 'std': 0.3897456504410581}}"
1,847,9.0,False,8.972707964605876,8.972707964605876,3.2920511744106595,1.9948281510526722,1.9948281510526722,0.7318945833660432,4.497985432916098,"{'bias_segment_0_end': {'mean': 1.9948281510526722, 'abs_mean': 1.9948281510526722, 'std': 0.7318945833660432}}"
1,848,-8.0,False,18.799261249632607,18.799261249632607,3.6814435210839966,2.9036975222583234,2.9036975222583234,0.5686286438896352,-6.474249161810649,"{'bias_segment_0_end': {'mean': 2.9036975222583234, 'abs_mean': 2.9036975222583234, 'std': 0.5686286438896352}}"
1,849,6.0,True,18.2164601689737,18.2164601689737,3.951082664108088,3.6722913450158163,3.6722913450158163,0.7965063758961695,-4.9605160531987265,"{'bias_segment_0_end': {'mean': 3.6722913450158163, 'abs_mean': 3.6722913450158163, 'std': 0.7965063758961695}}"
1,850,19.0,True,6.021564366528289,6.021564366528289,3.9000755990703757,0.6506550105120666,0.6506550105120666,0.42141934810439224,9.254619221005166,"{'bias_segment_0_end': {'mean': 0.6506550105120666, 'abs_mean': 0.6506550105120666, 'std': 0.42141934810439224}}"
1,851,-8.0,True,14.00680445418121,14.00680445418121,4.181764423241241,47.45194535491531,47.45194535491531,14.166889924670688,-0.2951787192162042,"{'bias_segment_0_end': {'mean': 47.45194535491531, 'abs_mean': 47.45194535491531, 'std': 14.166889924670688}}"
1,852,19.0,True,3.972956106535072,3.972956106535072,2.837238764766571,0.4101483024842339,0.4101483024842339,0.2929024715871729,9.686633060459375,"{'bias_segment_0_end': {'mean': 0.4101483024842339, 'abs_mean': 0.4101483024842339, 'std': 0.2929024715871729}}"
1,853,-43.0,True,31.443636339648,31.443636339648,13.497961675384932,1.6749524634558814,1.6749524634558814,0.7190149356647902,-18.772852976836873,"{'bias_segment_0_end': {'mean': 1.6749524634558814, 'abs_mean': 1.6749524634558814, 'std': 0.7190149356647902}}"
1,854,9.0,False,14.223720068192616,14.223720068192616,3.331315375929797,9.653041659753034,9.653041659753034,2.260823887945957,-1.4734961859220361,"{'bias_segment_0_end': {'mean': 9.653041659753034, 'abs_mean': 9.653041659753034, 'std': 2.260823887945957}}"
1,855,11.0,True,6.168291091548279,6.168291091548279,1.7753421516385142,0.8901078819138569,0.8901078819138569,0.25618862968911793,6.929824144782976,"{'bias_segment_0_end': {'mean': 0.8901078819138569, 'abs_mean': 0.8901078819138569, 'std': 0.25618862968911793}}"
1,856,17.0,True,4.930972260013743,4.96395315053521,2.760172444710719,0.5182143823214489,0.5216804678941847,0.29007688202497867,9.515313407405692,"{'bias_segment_0_end': {'mean': 0.5182143823214489, 'abs_mean': 0.5216804678941847, 'std': 0.29007688202497867}}"
1,857,-2.0,False,15.249491401913625,15.249491401913625,3.3627278711653696,8.672082231643078,8.672082231643078,1.912316407990151,-1.7584578875729069,"{'bias_segment_0_end': {'mean': 8.672082231643078, 'abs_mean': 8.672082231643078, 'std': 1.912316407990151}}"
1,858,0.0,False,13.49347935997144,13.49347935997144,2.865133684028869,59.11142948187938,59.11142948187938,12.551406735170513,-0.2282719176011107,"{'bias_segment_0_end': {'mean': 59.11142948187938, 'abs_mean': 59.11142948187938, 'std': 12.551406735170513}}"
1,859,-6.0,False,19.932501302732614,19.932501302732614,2.6500016079260362,3.1183717482954356,3.1183717482954356,0.4145837003387593,-6.391958018997613,"{'bias_segment_0_end': {'mean': 3.1183717482954356, 'abs_mean': 3.1183717482954356, 'std': 0.4145837003387593}}"
1,860,-11.0,False,17.770321401873193,17.770321401873193,5.005574339773446,4.842069063485832,4.842069063485832,1.3639222447063128,-3.6699851177009535,"{'bias_segment_0_end': {'mean': 4.842069063485832, 'abs_mean': 4.842069063485832, 'std': 1.3639222447063128}}"
1,861,11.0,True,9.185735357578857,9.185735357578857,2.1888473095867576,1.4194458876881018,1.4194458876881018,0.33823642761563366,6.4713529675583255,"{'bias_segment_0_end': {'mean': 1.4194458876881018, 'abs_mean': 1.4194458876881018, 'std': 0.33823642761563366}}"
1,862,-1.0,False,13.02253766229723,13.02253766229723,2.8502684256158157,10.783655323412377,10.783655323412377,2.3602398455743216,1.2076181287085486,"{'bias_segment_0_end': {'mean': 10.783655323412377, 'abs_mean': 10.783655323412377, 'std': 2.3602398455743216}}"
1,863,-32.0,True,22.957090528974593,22.957090528974593,11.144189275597627,2.711600394338128,2.711600394338128,1.3163073951444237,-8.466251360970968,"{'bias_segment_0_end': {'mean': 2.711600394338128, 'abs_mean': 2.711600394338128, 'std': 1.3163073951444237}}"
1,864,7.0,True,15.92673219942956,15.92673219942956,2.782088441250977,59.04609391724931,59.04609391724931,10.314197120366135,0.2697338831887885,"{'bias_segment_0_end': {'mean': 59.04609391724931, 'abs_mean': 59.04609391724931, 'std': 10.314197120366135}}"
1,865,16.0,True,6.935554310511847,6.935554310511847,2.5461337489766533,0.8428792087257045,0.8428792087257045,0.309432109326078,8.228408339787228,"{'bias_segment_0_end': {'mean': 0.8428792087257045, 'abs_mean': 0.8428792087257045, 'std': 0.309432109326078}}"
1,866,3.0,False,7.217656965199616,7.217656965199616,4.381454684550031,1.2601491746310651,1.2601491746310651,0.7649693703982279,5.727621070983709,"{'bias_segment_0_end': {'mean': 1.2601491746310651, 'abs_mean': 1.2601491746310651, 'std': 0.7649693703982279}}"
1,867,2.0,False,14.74514452319443,14.74514452319443,2.0971576226536657,9.103276970424144,9.103276970424144,1.2947317443801243,-1.6197622648525678,"{'bias_segment_0_end': {'mean': 9.103276970424144, 'abs_mean': 9.103276970424144, 'std': 1.2947317443801243}}"
1,868,5.0,True,14.198394989120983,14.198394989120983,2.3594868845195234,10.914426438974465,10.914426438974465,1.8137575447468024,1.3008832913491224,"{'bias_segment_0_end': {'mean': 10.914426438974465, 'abs_mean': 10.914426438974465, 'std': 1.8137575447468024}}"
1,869,-5.0,False,15.473901001040137,15.473901001040137,3.57671599479669,5.567739612943895,5.567739612943895,1.2869555858694552,-2.779207016985201,"{'bias_segment_0_end': {'mean': 5.567739612943895, 'abs_mean': 5.567739612943895, 'std': 1.2869555858694552}}"
1,870,6.0,False,11.878184281024483,11.878184281024483,3.990870606407134,4.07864490898787,4.07864490898787,1.3703562511027048,2.912286935018351,"{'bias_segment_0_end': {'mean': 4.07864490898787, 'abs_mean': 4.07864490898787, 'std': 1.3703562511027048}}"
1,871,15.0,False,7.04109493108727,7.04109493108727,2.874276543371318,1.2822547079124587,1.2822547079124587,0.5234348727934429,5.49118274835609,"{'bias_segment_0_end': {'mean': 1.2822547079124587, 'abs_mean': 1.2822547079124587, 'std': 0.5234348727934429}}"
1,872,8.0,False,7.389093666891872,7.389093666891872,2.72847136129379,1.5063906618355678,1.5063906618355678,0.5562446444758122,4.905164280484924,"{'bias_segment_0_end': {'mean': 1.5063906618355678, 'abs_mean': 1.5063906618355678, 'std': 0.5562446444758122}}"
1,873,6.0,False,11.966903914836555,11.966903914836555,1.7494154623035272,297.602404724699,297.602404724699,43.50584346203565,0.04021104576055659,"{'bias_segment_0_end': {'mean': 297.602404724699, 'abs_mean': 297.602404724699, 'std': 43.50584346203565}}"
1,874,-7.0,True,17.192433773880477,17.192433773880477,2.9107246921647967,4.053992457534921,4.053992457534921,0.6863516883760762,-4.240864765775747,"{'bias_segment_0_end': {'mean': 4.053992457534921, 'abs_mean': 4.053992457534921, 'std': 0.6863516883760762}}"
1,875,-21.0,False,25.160917076714572,25.160917076714572,8.39844344439721,2.271466904467763,2.271466904467763,0.7581912167520842,-11.07694636766461,"{'bias_segment_0_end': {'mean': 2.271466904467763, 'abs_mean': 2.271466904467763, 'std': 0.7581912167520842}}"
1,876,-3.0,False,16.05939678880293,16.05939678880293,3.4060545137307052,4.863063537523485,4.863063537523485,1.0314123083433542,-3.302320988588435,"{'bias_segment_0_end': {'mean': 4.863063537523485, 'abs_mean': 4.863063537523485, 'std': 1.0314123083433542}}"
1,877,17.0,False,11.677305294900172,11.677305294900172,4.217055169335694,2.902603993253558,2.902603993253558,1.048224814301131,4.023044591009111,"{'bias_segment_0_end': {'mean': 2.902603993253558, 'abs_mean': 2.902603993253558, 'std': 1.048224814301131}}"
1,878,13.0,False,9.666002238488423,9.666002238488423,3.171583414024072,2.2999475608639646,2.2999475608639646,0.7546527879039663,4.20270548901447,"{'bias_segment_0_end': {'mean': 2.2999475608639646, 'abs_mean': 2.2999475608639646, 'std': 0.7546527879039663}}"
1,879,-28.0,False,24.271434748334638,24.271434748334638,7.618448434037045,2.3983958240800702,2.3983958240800702,0.7528213762236499,-10.119861994691473,"{'bias_segment_0_end': {'mean': 2.3983958240800702, 'abs_mean': 2.3983958240800702, 'std': 0.7528213762236499}}"
1,880,-31.0,False,28.13430885969,28.13430885969,9.41928801670735,1.9523322632304296,1.9523322632304296,0.6536353881443867,-14.410615134299688,"{'bias_segment_0_end': {'mean': 1.9523322632304296, 'abs_mean': 1.9523322632304296, 'std': 0.6536353881443867}}"
1,881,8.0,True,13.255963077043106,13.255963077043106,2.350811369415238,46.10338012336912,46.10338012336912,8.175969526513208,0.2875269240904063,"{'bias_segment_0_end': {'mean': 46.10338012336912, 'abs_mean': 46.10338012336912, 'std': 8.175969526513208}}"
1,882,-7.0,False,18.003402923817568,18.003402923817568,4.812694212951395,3.899583010856621,3.899583010856621,1.042441846615831,-4.616750784300591,"{'bias_segment_0_end': {'mean': 3.899583010856621, 'abs_mean': 3.899583010856621, 'std': 1.042441846615831}}"
1,883,13.0,True,5.511998114324108,5.511998114324108,3.420999321039704,0.6244671971490874,0.6244671971490874,0.3875730385151905,8.826721626833756,"{'bias_segment_0_end': {'mean': 0.6244671971490874, 'abs_mean': 0.6244671971490874, 'std': 0.3875730385151905}}"
1,884,0.0,True,17.06085429153449,17.06085429153449,3.251429190220979,4.041669006833767,4.041669006833767,0.7702545465470235,-4.221239854794523,"{'bias_segment_0_end': {'mean': 4.041669006833767, 'abs_mean': 4.041669006833767, 'std': 0.7702545465470235}}"
1,885,6.0,True,13.33714945841587,13.33714945841587,2.5204927056493527,51.097429937389116,51.097429937389116,9.656538665640426,-0.26101409551827154,"{'bias_segment_0_end': {'mean': 51.097429937389116, 'abs_mean': 51.097429937389116, 'std': 9.656538665640426}}"
1,886,22.0,False,8.625870442282007,10.459890272574105,9.03999046167319,1.0868130235120053,1.317889603003664,1.138989906225805,7.9368486167084695,"{'bias_segment_0_end': {'mean': 1.0868130235120053, 'abs_mean': 1.317889603003664, 'std': 1.138989906225805}}"
1,887,-4.0,False,15.379508956988522,15.379508956988522,4.128371840523937,18.57554059598323,18.57554059598323,4.986293056132951,-0.8279440847236599,"{'bias_segment_0_end': {'mean': 18.57554059598323, 'abs_mean': 18.57554059598323, 'std': 4.986293056132951}}"
1,888,14.0,True,5.931744173354997,5.931744173354997,3.7019178160675765,0.6857232969456457,0.6857232969456457,0.4279502311071367,8.650346575325967,"{'bias_segment_0_end': {'mean': 0.6857232969456457, 'abs_mean': 0.6857232969456457, 'std': 0.4279502311071367}}"
1,889,8.0,True,11.068185999339246,11.068185999339246,3.2154116631570817,22.23944601357934,22.23944601357934,6.460767292714836,0.4976826307895011,"{'bias_segment_0_end': {'mean': 22.23944601357934, 'abs_mean': 22.23944601357934, 'std': 6.460767292714836}}"
1,890,-4.0,False,14.396944384783078,14.396944384783078,2.694986713754169,8.078284711257712,8.078284711257712,1.512186849160423,-1.7821783830817237,"{'bias_segment_0_end': {'mean': 8.078284711257712, 'abs_mean': 8.078284711257712, 'std': 1.512186849160423}}"
1,891,12.0,True,8.005609047040595,8.005609047040595,3.190652961603671,0.9255402187614382,0.9255402187614382,0.36887607460248717,8.649660905880172,"{'bias_segment_0_end': {'mean': 0.9255402187614382, 'abs_mean': 0.9255402187614382, 'std': 0.36887607460248717}}"
1,892,22.0,True,4.4588006920501355,5.692864364158567,4.869534652740425,0.44257004814788975,0.5650602997880606,0.48333853306419877,10.074790896288079,"{'bias_segment_0_end': {'mean': 0.44257004814788975, 'abs_mean': 0.5650602997880606, 'std': 0.48333853306419877}}"
1,893,20.0,True,5.755729636605087,5.884664376282358,3.422882855182364,0.7663270559095305,0.7834936335112583,0.45572810169072964,7.510800502500572,"{'bias_segment_0_end': {'mean': 0.7663270559095305, 'abs_mean': 0.7834936335112583, 'std': 0.45572810169072964}}"
1,894,20.0,True,2.748022826892148,3.9369203554257077,4.50109001468244,0.22600860474337808,0.323788386256549,0.3701879999276494,12.158930099198638,"{'bias_segment_0_end': {'mean': 0.22600860474337808, 'abs_mean': 0.323788386256549, 'std': 0.3701879999276494}}"
1,895,12.0,True,10.16999543662304,10.189349923573959,4.140923382035153,2.5638818207499807,2.5687611363359744,1.0439373593115189,3.9666397079285565,"{'bias_segment_0_end': {'mean': 2.5638818207499807, 'abs_mean': 2.5687611363359744, 'std': 1.0439373593115189}}"
1,896,18.0,True,7.8589597878447215,7.8589597878447215,3.573813896306812,1.2923207758124033,1.2923207758124033,0.5876749686679552,6.081276363373693,"{'bias_segment_0_end': {'mean': 1.2923207758124033, 'abs_mean': 1.2923207758124033, 'std': 0.5876749686679552}}"
1,897,-20.0,False,21.418305629888064,21.418305629888064,6.088256828494241,3.089541645385324,3.089541645385324,0.8782171355882753,-6.932518829088902,"{'bias_segment_0_end': {'mean': 3.089541645385324, 'abs_mean': 3.089541645385324, 'std': 0.8782171355882753}}"
1,898,-3.0,False,17.631948771208375,17.631948771208375,3.5516109696117164,3.551822075186531,3.551822075186531,0.7154450371895568,-4.964198205306328,"{'bias_segment_0_end': {'mean': 3.551822075186531, 'abs_mean': 3.551822075186531, 'std': 0.7154450371895568}}"
1,899,1.0,False,12.839850291515996,12.839850291515996,2.043837658194071,16.059461151981722,16.059461151981722,2.5563328798633203,-0.7995193717898544,"{'bias_segment_0_end': {'mean': 16.059461151981722, 'abs_mean': 16.059461151981722, 'std': 2.5563328798633203}}"
1,900,29.0,True,4.635873589018711,5.955508457215054,5.033666232945402,0.43193952678229597,0.5548942298277687,0.46900317036010614,10.732691271746614,"{'bias_segment_0_end': {'mean': 0.43193952678229597, 'abs_mean': 0.5548942298277687, 'std': 0.46900317036010614}}"
1,901,12.0,True,4.460301405284357,4.670097087971354,3.7616123045097583,0.44987375283916836,0.4710341100715373,0.37940275564133347,9.91456242364718,"{'bias_segment_0_end': {'mean': 0.44987375283916836, 'abs_mean': 0.4710341100715373, 'std': 0.37940275564133347}}"
1,902,13.0,True,8.265579849511958,8.265579849511958,2.85926924196073,1.2730771270182468,1.2730771270182468,0.4403889791400338,6.492599445935605,"{'bias_segment_0_end': {'mean': 1.2730771270182468, 'abs_mean': 1.2730771270182468, 'std': 0.4403889791400338}}"
1,903,-7.0,True,19.54492594854056,19.54492594854056,3.9533339897199444,2.897015643425588,2.897015643425588,0.5859766592136907,-6.746572457382241,"{'bias_segment_0_end': {'mean': 2.897015643425588, 'abs_mean': 2.897015643425588, 'std': 0.5859766592136907}}"
1,904,4.0,False,12.217823394087358,12.217823394087358,1.7787876694876874,19.799914243488054,19.799914243488054,2.882661025389705,0.6170644601708639,"{'bias_segment_0_end': {'mean': 19.799914243488054, 'abs_mean': 19.799914243488054, 'std': 2.882661025389705}}"
1,905,13.0,True,5.8633969290861,5.8633969290861,1.934528919827624,0.8227070952579971,0.8227070952579971,0.27143832961894376,7.126955587088216,"{'bias_segment_0_end': {'mean': 0.8227070952579971, 'abs_mean': 0.8227070952579971, 'std': 0.27143832961894376}}"
1,906,23.0,True,4.157870128775772,4.393160974326419,3.7600814878188618,0.38273990565169563,0.4043988784520987,0.346122699679947,10.863435109271183,"{'bias_segment_0_end': {'mean': 0.38273990565169563, 'abs_mean': 0.4043988784520987, 'std': 0.346122699679947}}"
1,907,5.0,True,10.026940051639244,10.026940051639244,2.2212662519010835,2.8993030687668284,2.8993030687668284,0.6422820947884441,3.458396660789257,"{'bias_segment_0_end': {'mean': 2.8993030687668284, 'abs_mean': 2.8993030687668284, 'std': 0.6422820947884441}}"
1,908,6.0,False,5.762672260487047,5.7774739268911235,2.849786170164499,0.9337617370882905,0.9361601434366853,0.4617686316865235,6.171458983162603,"{'bias_segment_0_end': {'mean': 0.9337617370882905, 'abs_mean': 0.9361601434366853, 'std': 0.4617686316865235}}"
1,909,-9.0,True,22.079784058861875,22.079784058861875,5.370839765579357,3.01098058740743,3.01098058740743,0.7324117948402116,-7.333087483593981,"{'bias_segment_0_end': {'mean': 3.01098058740743, 'abs_mean': 3.01098058740743, 'std': 0.7324117948402116}}"
1,910,12.0,True,7.915075677391107,7.915075677391107,2.506685913851457,1.329902005047148,1.329902005047148,0.42117684766765257,5.951623237917065,"{'bias_segment_0_end': {'mean': 1.329902005047148, 'abs_mean': 1.329902005047148, 'std': 0.42117684766765257}}"
1,911,17.0,True,4.420834175515304,4.538448787151976,3.1812082601500755,0.5113560278028166,0.5249604604122098,0.367969020085273,8.645315465451041,"{'bias_segment_0_end': {'mean': 0.5113560278028166, 'abs_mean': 0.5249604604122098, 'std': 0.367969020085273}}"
1,912,2.0,False,14.571634493886924,14.571634493886924,2.2715431684938285,9.122049169296815,9.122049169296815,1.4220181326860681,-1.5974080191249613,"{'bias_segment_0_end': {'mean': 9.122049169296815, 'abs_mean': 9.122049169296815, 'std': 1.4220181326860681}}"
1,913,2.0,True,12.83937258510568,12.83937258510568,1.9592306759728615,33.92020472692437,33.92020472692437,5.1760711199676495,-0.378516954377765,"{'bias_segment_0_end': {'mean': 33.92020472692437, 'abs_mean': 33.92020472692437, 'std': 5.1760711199676495}}"
1,914,6.0,False,11.449351453960778,11.449351453960778,1.974498939663379,6.788198467927292,6.788198467927292,1.170659380231558,1.686655378162024,"{'bias_segment_0_end': {'mean': 6.788198467927292, 'abs_mean': 6.788198467927292, 'std': 1.170659380231558}}"
1,915,1.0,False,15.183197589442226,15.183197589442226,2.573822560410541,6.302565510893242,6.302565510893242,1.0683971676481576,-2.4090503404050083,"{'bias_segment_0_end': {'mean': 6.302565510893242, 'abs_mean': 6.302565510893242, 'std': 1.0683971676481576}}"
1,916,17.0,False,5.919747332875013,5.919747332875013,4.137968998425319,0.9025468041745341,0.9025468041745341,0.6308902196824424,6.558936672862291,"{'bias_segment_0_end': {'mean': 0.9025468041745341, 'abs_mean': 0.9025468041745341, 'std': 0.6308902196824424}}"
1,917,-7.0,False,18.74010221782414,18.74010221782414,3.6551761753031458,2.996887379816483,2.996887379816483,0.5845299680571183,-6.253188673033056,"{'bias_segment_0_end': {'mean': 2.996887379816483, 'abs_mean': 2.996887379816483, 'std': 0.5845299680571183}}"
1,918,13.0,True,5.0941185211687,5.303938541031335,3.91654720062235,0.5649053495236785,0.5881730554408104,0.4343201784763273,9.017649638942165,"{'bias_segment_0_end': {'mean': 0.5649053495236785, 'abs_mean': 0.5881730554408104, 'std': 0.4343201784763273}}"
1,919,4.0,False,14.761377665391597,14.761377665391597,2.002576327384597,11.31037201082984,11.31037201082984,1.5344017175242624,-1.3051186690638799,"{'bias_segment_0_end': {'mean': 11.31037201082984, 'abs_mean': 11.31037201082984, 'std': 1.5344017175242624}}"
1,920,10.0,True,7.102900630360251,7.102900630360251,3.178156633038237,0.957020624994465,0.957020624994465,0.42821399391114584,7.421888771102849,"{'bias_segment_0_end': {'mean': 0.957020624994465, 'abs_mean': 0.957020624994465, 'std': 0.42821399391114584}}"
1,921,-3.0,True,17.01519504396118,17.01519504396118,4.162058175416817,7.281104444401243,7.281104444401243,1.7810186836288526,-2.3368975371648317,"{'bias_segment_0_end': {'mean': 7.281104444401243, 'abs_mean': 7.281104444401243, 'std': 1.7810186836288526}}"
1,922,12.0,False,11.997758508776842,11.997758508776842,2.8687576336239156,8.818296191482462,8.818296191482462,2.1085233959631573,1.3605529059417854,"{'bias_segment_0_end': {'mean': 8.818296191482462, 'abs_mean': 8.818296191482462, 'std': 2.1085233959631573}}"
1,923,-9.0,True,15.049223920447739,15.049223920447739,7.330149633616935,41.19613033070152,41.19613033070152,20.06573902058353,0.36530673632790867,"{'bias_segment_0_end': {'mean': 41.19613033070152, 'abs_mean': 41.19613033070152, 'std': 20.06573902058353}}"
1,924,-3.0,False,18.610477286209044,18.610477286209044,4.006478554696474,2.795184210955854,2.795184210955854,0.601749510525424,-6.6580503758086556,"{'bias_segment_0_end': {'mean': 2.795184210955854, 'abs_mean': 2.795184210955854, 'std': 0.601749510525424}}"
1,925,4.0,True,15.724084252811984,15.724084252811984,4.426052133095581,6.757898250732343,6.757898250732343,1.9022290574758116,-2.326771382079922,"{'bias_segment_0_end': {'mean': 6.757898250732343, 'abs_mean': 6.757898250732343, 'std': 1.9022290574758116}}"
1,926,-19.0,False,25.09245682538299,25.09245682538299,5.581469505270466,1.8466167950667594,1.8466167950667594,0.410754331523218,-13.588339980670346,"{'bias_segment_0_end': {'mean': 1.8466167950667594, 'abs_mean': 1.8466167950667594, 'std': 0.410754331523218}}"
1,927,1.0,False,18.057372906150956,18.057372906150956,3.3219716073966,3.906916962102378,3.906916962102378,0.7187461480700388,-4.621898310435033,"{'bias_segment_0_end': {'mean': 3.906916962102378, 'abs_mean': 3.906916962102378, 'std': 0.7187461480700388}}"
1,928,14.0,True,5.461322796038263,5.50159627617271,2.5752318975522823,0.6650172104199471,0.6699212526113996,0.31358218450977027,8.212302945647876,"{'bias_segment_0_end': {'mean': 0.6650172104199471, 'abs_mean': 0.6699212526113996, 'std': 0.31358218450977027}}"
1,929,-2.0,False,15.833127224351998,15.833127224351998,3.0430632052564186,4.526104401706342,4.526104401706342,0.8698990144409317,-3.4981798516143168,"{'bias_segment_0_end': {'mean': 4.526104401706342, 'abs_mean': 4.526104401706342, 'std': 0.8698990144409317}}"
1,930,6.0,True,10.497117524182116,10.497117524182116,2.412435736046868,2.3630427575223685,2.3630427575223685,0.5430718271869464,4.442203803027356,"{'bias_segment_0_end': {'mean': 2.3630427575223685, 'abs_mean': 2.3630427575223685, 'std': 0.5430718271869464}}"
1,931,11.0,True,10.493254192763365,10.493254192763365,2.312605383485585,2.47238897429536,2.47238897429536,0.5448891208571901,4.244176099253954,"{'bias_segment_0_end': {'mean': 2.47238897429536, 'abs_mean': 2.47238897429536, 'std': 0.5448891208571901}}"
1,932,-40.0,False,29.79368186841627,29.79368186841627,11.461783802270888,1.767358823460238,1.767358823460238,0.6799120976387698,-16.857743584907375,"{'bias_segment_0_100': {'mean': 1.7888860638421693, 'abs_mean': 1.7888860638421693, 'std': 0.6692167104774813}, 'bias_segment_100_end': {'mean': 0.6909968043636827, 'abs_mean': 0.6909968043636827, 'std': 0.045021185029093636}}"
1,933,2.0,False,16.539032010657166,16.539032010657166,3.8276095188162325,4.4471465086349635,4.4471465086349635,1.0291980992027359,-3.719021169764377,"{'bias_segment_0_end': {'mean': 4.4471465086349635, 'abs_mean': 4.4471465086349635, 'std': 1.0291980992027359}}"
1,934,1.0,False,12.455475540564748,12.455475540564748,3.310550980288561,11.941017497746753,11.941017497746753,3.1738127584180518,1.0430832668082994,"{'bias_segment_0_end': {'mean': 11.941017497746753, 'abs_mean': 11.941017497746753, 'std': 3.1738127584180518}}"
1,935,-15.0,False,17.946797321327097,17.946797321327097,9.175636399015103,5.88250847650391,5.88250847650391,3.0075426789593247,-3.050874876425717,"{'bias_segment_0_end': {'mean': 5.88250847650391, 'abs_mean': 5.88250847650391, 'std': 3.0075426789593247}}"
1,936,-10.0,False,22.182818518452244,22.182818518452244,5.278315626401173,2.14388659758948,2.14388659758948,0.5101295004453812,-10.347011144803052,"{'bias_segment_0_end': {'mean': 2.14388659758948, 'abs_mean': 2.14388659758948, 'std': 0.5101295004453812}}"
1,937,-1.0,True,17.552009426037277,17.552009426037277,3.184181967322762,3.297673415398768,3.297673415398768,0.5982444498836565,-5.322543264617007,"{'bias_segment_0_end': {'mean': 3.297673415398768, 'abs_mean': 3.297673415398768, 'std': 0.5982444498836565}}"
1,938,4.0,True,10.368690642789213,10.368690642789213,2.088706392098931,3.0070425649942267,3.0070425649942267,0.605749485947383,3.448135641142519,"{'bias_segment_0_end': {'mean': 3.0070425649942267, 'abs_mean': 3.0070425649942267, 'std': 0.605749485947383}}"
1,939,-10.0,False,15.895172961427932,15.895172961427932,4.913875339447674,9.230302729524514,9.230302729524514,2.8534799255290704,-1.7220640998680172,"{'bias_segment_0_end': {'mean': 9.230302729524514, 'abs_mean': 9.230302729524514, 'std': 2.8534799255290704}}"
1,940,-7.0,False,15.951290405683476,15.951290405683476,3.138302725579719,4.360581280013625,4.360581280013625,0.857913295296958,-3.6580651480560475,"{'bias_segment_0_end': {'mean': 4.360581280013625, 'abs_mean': 4.360581280013625, 'std': 0.857913295296958}}"
1,941,16.0,True,6.292924139300489,6.312708335794892,3.815146492780174,0.7332898257305621,0.735595200732463,0.44456409212940495,8.581769333879647,"{'bias_segment_0_end': {'mean': 0.7332898257305621, 'abs_mean': 0.735595200732463, 'std': 0.44456409212940495}}"
1,942,19.0,True,7.669819767004442,7.753469884835101,4.146240879773909,0.8137713400430823,0.8226466553112016,0.43991802928542906,9.425030582421826,"{'bias_segment_0_end': {'mean': 0.8137713400430823, 'abs_mean': 0.8226466553112016, 'std': 0.43991802928542906}}"
1,943,4.0,True,12.135944864357883,12.135944864357883,2.795439037090208,5.009695545444599,5.009695545444599,1.1539520530290186,2.422491497590767,"{'bias_segment_0_end': {'mean': 5.009695545444599, 'abs_mean': 5.009695545444599, 'std': 1.1539520530290186}}"
1,944,-2.0,False,17.570928354966462,17.570928354966462,3.7060518473211337,3.3221055574232374,3.3221055574232374,0.7006969233133438,-5.289093934930593,"{'bias_segment_0_end': {'mean': 3.3221055574232374, 'abs_mean': 3.3221055574232374, 'std': 0.7006969233133438}}"
1,945,7.0,False,10.014864273974947,10.014864273974947,2.5128254329332087,4.054608812223245,4.054608812223245,1.0173402120312318,2.469995192577787,"{'bias_segment_0_end': {'mean': 4.054608812223245, 'abs_mean': 4.054608812223245, 'std': 1.0173402120312318}}"
1,946,-7.0,False,22.523726387329766,22.523726387329766,6.320237779787484,2.131442117758748,2.131442117758748,0.5980902434362293,-10.567364790095212,"{'bias_segment_0_end': {'mean': 2.131442117758748, 'abs_mean': 2.131442117758748, 'std': 0.5980902434362293}}"
1,947,3.0,True,11.203682599264008,11.203682599264008,2.5180350984991766,3.580251246538407,3.580251246538407,0.8046638433706935,3.1293006629343045,"{'bias_segment_0_end': {'mean': 3.580251246538407, 'abs_mean': 3.580251246538407, 'std': 0.8046638433706935}}"
1,948,15.0,False,7.707855135467306,7.731778639498009,3.6755521142356766,1.6262215722510347,1.631269009917519,0.775476709545161,4.739732436827783,"{'bias_segment_0_end': {'mean': 1.6262215722510347, 'abs_mean': 1.631269009917519, 'std': 0.775476709545161}}"
1,949,-1.0,True,11.7712035726036,11.7712035726036,6.53779080860988,4.127391295761808,4.127391295761808,2.292375687034316,2.8519717974621894,"{'bias_segment_0_end': {'mean': 4.127391295761808, 'abs_mean': 4.127391295761808, 'std': 2.292375687034316}}"
1,950,16.0,True,7.231575791304159,7.314956195338401,3.9027939669381806,0.9010612858379978,0.9114505642250306,0.4862918749242474,8.025620348985148,"{'bias_segment_0_end': {'mean': 0.9010612858379978, 'abs_mean': 0.9114505642250306, 'std': 0.4862918749242474}}"
1,951,9.0,True,6.328528788681946,6.3908407145123025,3.524581134355249,0.7117115797468425,0.7187192304427048,0.3963773083507359,8.89198513663782,"{'bias_segment_0_end': {'mean': 0.7117115797468425, 'abs_mean': 0.7187192304427048, 'std': 0.3963773083507359}}"
1,952,-19.0,False,25.731617438037347,25.731617438037347,5.837332094970292,1.8728166441989988,1.8728166441989988,0.4248568023950547,-13.739528382418195,"{'bias_segment_0_end': {'mean': 1.8728166441989988, 'abs_mean': 1.8728166441989988, 'std': 0.4248568023950547}}"
1,953,11.0,True,12.739277041863463,12.739277041863463,3.8988382661121577,4.828807051757013,4.828807051757013,1.47784977524192,2.6381830761343306,"{'bias_segment_0_end': {'mean': 4.828807051757013, 'abs_mean': 4.828807051757013, 'std': 1.47784977524192}}"
1,954,16.0,False,16.196421819417196,16.196421819417196,6.642115184643139,14.624578964882287,14.624578964882287,5.997506059962115,1.1074795286968158,"{'bias_segment_0_end': {'mean': 14.624578964882287, 'abs_mean': 14.624578964882287, 'std': 5.997506059962115}}"
1,955,11.0,True,12.297510130772178,12.297510130772178,2.111186744460542,4.204012080406515,4.204012080406515,0.7217277711767919,2.925184299085802,"{'bias_segment_0_end': {'mean': 4.204012080406515, 'abs_mean': 4.204012080406515, 'std': 0.7217277711767919}}"
1,956,-7.0,False,14.732246237789928,14.732246237789928,6.152993143348893,6.5643084877949125,6.5643084877949125,2.7416148538587155,-2.2442952315817797,"{'bias_segment_0_end': {'mean': 6.5643084877949125, 'abs_mean': 6.5643084877949125, 'std': 2.7416148538587155}}"
1,957,27.0,True,1.6644160830799704,4.784152013512533,5.752276672487129,0.12773379747996255,0.3671545298195749,0.44145220116626377,13.030349961536729,"{'bias_segment_0_end': {'mean': 0.12773379747996255, 'abs_mean': 0.3671545298195749, 'std': 0.44145220116626377}}"
1,958,10.0,False,10.296480843234207,10.296480843234207,2.6475202435579837,3.671051274727317,3.671051274727317,0.9439324671172836,2.804777180345709,"{'bias_segment_0_end': {'mean': 3.671051274727317, 'abs_mean': 3.671051274727317, 'std': 0.9439324671172836}}"
1,959,6.0,False,12.846302332404033,12.846302332404033,2.24316299217769,34.263930807522634,34.263930807522634,5.983012042313381,-0.3749220252798209,"{'bias_segment_0_end': {'mean': 34.263930807522634, 'abs_mean': 34.263930807522634, 'std': 5.983012042313381}}"
1,960,9.0,True,14.810012268512985,14.810012268512985,3.3595067178208096,8.519722609915306,8.519722609915306,1.9326159103076925,-1.7383209461863227,"{'bias_segment_0_end': {'mean': 8.519722609915306, 'abs_mean': 8.519722609915306, 'std': 1.9326159103076925}}"
1,961,1.0,True,16.911167894461204,16.911167894461204,2.6775313103814065,6.688714748879874,6.688714748879874,1.0590187075253068,-2.528313514534797,"{'bias_segment_0_end': {'mean': 6.688714748879874, 'abs_mean': 6.688714748879874, 'std': 1.0590187075253068}}"
1,962,-48.0,False,38.002829501202655,38.002829501202655,12.887321426531681,1.4243630227649182,1.4243630227649182,0.4830225628819784,-26.68057854200191,"{'bias_segment_0_end': {'mean': 1.4243630227649182, 'abs_mean': 1.4243630227649182, 'std': 0.4830225628819784}}"
1,963,-14.0,False,19.231056142206988,19.231056142206988,4.476694782968262,3.1702052411259363,3.1702052411259363,0.7379751355797569,-6.066186470430807,"{'bias_segment_0_end': {'mean': 3.1702052411259363, 'abs_mean': 3.1702052411259363, 'std': 0.7379751355797569}}"
1,964,9.0,True,6.414495531943452,6.414495531943452,3.2844502622137504,0.8268603932820435,0.8268603932820435,0.4233819825744815,7.7576524212055915,"{'bias_segment_0_end': {'mean': 0.8268603932820435, 'abs_mean': 0.8268603932820435, 'std': 0.4233819825744815}}"
1,965,12.0,False,12.841361524709125,12.841361524709125,5.141192493262709,17.887148880937147,17.887148880937147,7.161333739852758,0.7179099145529301,"{'bias_segment_0_end': {'mean': 17.887148880937147, 'abs_mean': 17.887148880937147, 'std': 7.161333739852758}}"
1,966,8.0,False,12.674116450635998,12.674116450635998,2.810715522627875,31.400137524475163,31.400137524475163,6.963550816062097,-0.40363251405370526,"{'bias_segment_0_end': {'mean': 31.400137524475163, 'abs_mean': 31.400137524475163, 'std': 6.963550816062097}}"
1,967,27.0,True,0.5620688672458737,5.4476060192452,5.9900682689498,0.04189123502542909,0.40601242548151156,0.446442370847722,13.41733818314697,"{'bias_segment_0_end': {'mean': 0.04189123502542909, 'abs_mean': 0.40601242548151156, 'std': 0.446442370847722}}"
1,968,8.0,True,11.42499740653019,11.42499740653019,2.8936622004932344,2.362626424824645,2.362626424824645,0.5983933769204993,4.835718963643673,"{'bias_segment_0_end': {'mean': 2.362626424824645, 'abs_mean': 2.362626424824645, 'std': 0.5983933769204993}}"
1,969,-9.0,True,22.709964549991824,22.709964549991824,3.2195343854089384,2.7251568977462046,2.7251568977462046,0.3863386188302709,-8.33345212848982,"{'bias_segment_0_end': {'mean': 2.7251568977462046, 'abs_mean': 2.7251568977462046, 'std': 0.3863386188302709}}"
1,970,3.0,True,15.17031080025939,15.17031080025939,3.110724208074074,12.24727752997784,12.24727752997784,2.511346220728207,-1.2386680030012218,"{'bias_segment_0_end': {'mean': 12.24727752997784, 'abs_mean': 12.24727752997784, 'std': 2.511346220728207}}"
1,971,17.0,True,5.325273263021561,5.361941013837602,3.0447179851234716,0.6358537452903072,0.640231985717827,0.36354854268925035,8.374997084573653,"{'bias_segment_0_end': {'mean': 0.6358537452903072, 'abs_mean': 0.640231985717827, 'std': 0.36354854268925035}}"
1,972,4.0,True,9.266134465815382,9.266134465815382,2.1402162621379373,1.8621278187551844,1.8621278187551844,0.4300991157188648,4.9761001218539915,"{'bias_segment_0_end': {'mean': 1.8621278187551844, 'abs_mean': 1.8621278187551844, 'std': 0.4300991157188648}}"
1,973,5.0,True,7.458901559306125,7.458901559306125,2.351106176685434,1.2220392031927745,1.2220392031927745,0.38519665341253767,6.103651617573758,"{'bias_segment_0_end': {'mean': 1.2220392031927745, 'abs_mean': 1.2220392031927745, 'std': 0.38519665341253767}}"
1,974,-1.0,False,18.94343630844107,18.94343630844107,2.738021611290376,3.0094267980062233,3.0094267980062233,0.4349725929537823,-6.294699150346934,"{'bias_segment_0_end': {'mean': 3.0094267980062233, 'abs_mean': 3.0094267980062233, 'std': 0.4349725929537823}}"
1,975,-2.0,True,13.31992761966414,13.31992761966414,3.237959090277388,9.00233649699608,9.00233649699608,2.1883900668612903,-1.4796078356000983,"{'bias_segment_0_end': {'mean': 9.00233649699608, 'abs_mean': 9.00233649699608, 'std': 2.1883900668612903}}"
1,976,-5.0,False,18.959450581998414,18.959450581998414,3.905829175309459,2.8915469842555725,2.8915469842555725,0.5956864901774525,-6.556853713680713,"{'bias_segment_0_end': {'mean': 2.8915469842555725, 'abs_mean': 2.8915469842555725, 'std': 0.5956864901774525}}"
1,977,5.0,True,12.844410714985493,12.844410714985493,1.4079663378400893,6.629900356792186,6.629900356792186,0.726750080850863,1.937345966568966,"{'bias_segment_0_end': {'mean': 6.629900356792186, 'abs_mean': 6.629900356792186, 'std': 0.726750080850863}}"
1,978,9.0,False,9.808746988926215,9.808746988926215,2.4988056590646446,3.63685166370961,3.63685166370961,0.9264981071197046,2.6970434584404344,"{'bias_segment_0_end': {'mean': 3.63685166370961, 'abs_mean': 3.63685166370961, 'std': 0.9264981071197046}}"
1,979,-4.0,True,17.785713801922746,17.785713801922746,3.663148457303844,2.820306633157212,2.820306633157212,0.5808708049297844,-6.306304992805837,"{'bias_segment_0_end': {'mean': 2.820306633157212, 'abs_mean': 2.820306633157212, 'std': 0.5808708049297844}}"
1,980,7.0,True,20.295112920878204,20.295112920878204,7.868889584615471,38.89580871340182,38.89580871340182,15.080814049338104,0.5217814873170481,"{'bias_segment_0_end': {'mean': 38.89580871340182, 'abs_mean': 38.89580871340182, 'std': 15.080814049338104}}"
1,981,2.0,False,15.999342588219974,15.999342588219974,3.1827118844990894,4.421742338472807,4.421742338472807,0.8796068846736236,-3.6183344400266133,"{'bias_segment_0_end': {'mean': 4.421742338472807, 'abs_mean': 4.421742338472807, 'std': 0.8796068846736236}}"
1,982,10.0,False,11.91315011802372,11.91315011802372,3.334157707073935,8.211336152748837,8.211336152748837,2.298123455830682,1.4508174913817966,"{'bias_segment_0_end': {'mean': 8.211336152748837, 'abs_mean': 8.211336152748837, 'std': 2.298123455830682}}"
1,983,-3.0,True,17.69692217950461,17.69692217950461,3.0486193089801454,4.176041046170773,4.176041046170773,0.7193996356719158,-4.237727068255671,"{'bias_segment_0_end': {'mean': 4.176041046170773, 'abs_mean': 4.176041046170773, 'std': 0.7193996356719158}}"
1,984,2.0,False,10.810480652448607,10.810480652448607,3.1799579770668243,2.7655129469314983,2.7655129469314983,0.8134897271458955,3.9090327399998186,"{'bias_segment_0_end': {'mean': 2.7655129469314983, 'abs_mean': 2.7655129469314983, 'std': 0.8134897271458955}}"
1,985,6.0,True,10.34767651298205,10.34767651298205,3.096254616213086,4.283192937454084,4.283192937454084,1.281626448998996,2.415879149990538,"{'bias_segment_0_end': {'mean': 4.283192937454084, 'abs_mean': 4.283192937454084, 'std': 1.281626448998996}}"
1,986,-2.0,True,13.065487080621402,13.065487080621402,3.8293908339098284,8.126722179361511,8.126722179361511,2.3818779377568045,1.6077191753647364,"{'bias_segment_0_end': {'mean': 8.126722179361511, 'abs_mean': 8.126722179361511, 'std': 2.3818779377568045}}"
1,987,-4.0,True,13.424901035023918,13.579504307702084,9.05490196816979,6.126617247079919,6.197172335297994,4.132314899311145,2.191242000864755,"{'bias_segment_0_end': {'mean': 6.126617247079919, 'abs_mean': 6.197172335297994, 'std': 4.132314899311145}}"
1,988,-1.0,False,15.439941335371106,15.439941335371106,1.9198048995146977,5.7902959239195555,5.7902959239195555,0.7199663679365633,-2.666520250129035,"{'bias_segment_0_end': {'mean': 5.7902959239195555, 'abs_mean': 5.7902959239195555, 'std': 0.7199663679365633}}"
1,989,6.0,False,11.613636374604198,11.613636374604198,1.9543628456816673,8.419701333280484,8.419701333280484,1.4168819245522983,1.3793406576904426,"{'bias_segment_0_end': {'mean': 8.419701333280484, 'abs_mean': 8.419701333280484, 'std': 1.4168819245522983}}"
1,990,-7.0,False,17.02436858993997,17.02436858993997,3.360702480788665,2.7408603317861626,2.7408603317861626,0.5410606606562834,-6.211322916569609,"{'bias_segment_0_end': {'mean': 2.7408603317861626, 'abs_mean': 2.7408603317861626, 'std': 0.5410606606562834}}"
1,991,-1.0,True,15.080510151802041,15.080510151802041,4.981972724392034,13.915616170922286,13.915616170922286,4.597140249818361,-1.0837112756324714,"{'bias_segment_0_end': {'mean': 13.915616170922286, 'abs_mean': 13.915616170922286, 'std': 4.597140249818361}}"
1,992,4.0,False,16.285270916809154,16.285270916809154,2.9237678696952663,4.244187705138694,4.244187705138694,0.7619780910388169,-3.837076031555247,"{'bias_segment_0_end': {'mean': 4.244187705138694, 'abs_mean': 4.244187705138694, 'std': 0.7619780910388169}}"
1,993,-10.0,False,19.90298667079509,19.90298667079509,5.63478943137604,2.935139958739473,2.935139958739473,0.8309755662642961,-6.780932749572406,"{'bias_segment_0_end': {'mean': 2.935139958739473, 'abs_mean': 2.935139958739473, 'std': 0.8309755662642961}}"
1,994,3.0,False,18.27237390097101,18.27237390097101,4.286732730425601,2.9268884968902054,2.9268884968902054,0.6866534576144309,-6.242934748072999,"{'bias_segment_0_end': {'mean': 2.9268884968902054, 'abs_mean': 2.9268884968902054, 'std': 0.6866534576144309}}"
1,995,9.0,True,8.793728087764146,8.793728087764146,2.491281449640997,1.9572166974616123,1.9572166974616123,0.5544835594926241,4.492976224435987,"{'bias_segment_0_end': {'mean': 1.9572166974616123, 'abs_mean': 1.9572166974616123, 'std': 0.5544835594926241}}"
1,996,6.0,True,7.487901207654319,7.487901207654319,2.9856094105622955,1.5610114768049537,1.5610114768049537,0.6224134675255149,4.796826492897031,"{'bias_segment_0_end': {'mean': 1.5610114768049537, 'abs_mean': 1.5610114768049537, 'std': 0.6224134675255149}}"
1,997,5.0,False,12.01110611931576,12.01110611931576,1.5082831842978959,234.2265695061465,234.2265695061465,29.412777856801462,-0.05127986182199781,"{'bias_segment_0_end': {'mean': 234.2265695061465, 'abs_mean': 234.2265695061465, 'std': 29.412777856801462}}"
1,998,21.0,True,7.933283515938788,10.309184701259282,9.610207729150073,1.3879582639083121,1.8036312545142583,1.6813425624775429,5.715793999165135,"{'bias_segment_0_end': {'mean': 1.3879582639083121, 'abs_mean': 1.8036312545142583, 'std': 1.6813425624775429}}"
1,999,11.0,True,5.975031658288879,6.054303188854183,4.1409821433736225,0.6226884258908246,0.6309497151037761,0.4315528017198446,9.595539935949402,"{'bias_segment_0_end': {'mean': 0.6226884258908246, 'abs_mean': 0.6309497151037761, 'std': 0.4315528017198446}}"
1,1000,10.0,False,10.608196221072344,10.608196221072344,2.0584925255230724,4.785098322377957,4.785098322377957,0.9285357213643536,2.2169233537923616,"{'bias_segment_0_end': {'mean': 4.785098322377957, 'abs_mean': 4.785098322377957, 'std': 0.9285357213643536}}"
